Order_ID,Order_Date,Customer_ID,Customer_Name,Product,Category,Region,Quantity,Unit_Price,Sales,Profit
ORD00001,2025-03-15,CUST0116,Priya Kumar,Power Bank,Accessories,East,5,4615.72,23078.6,5124.22
ORD00002,2024-07-31,CUST0292,Rohit Sharma,Mouse,Technology,South,2,2900.27,5800.54,1389.33
ORD00003,2024-01-03,CUST0136,Neha Malhotra,Smartphone,Technology,West,9,26790.56,241115.04,15675.61
ORD00004,2025-12-20,CUST0231,Arjun Gupta,Webcam,Accessories,West,5,1777.44,8887.2,1700.93
ORD00005,2026-08-14,CUST0037,Sahil Kaur,Desk,Furniture,South,10,20544.39,205443.9,37439.4
ORD00006,2026-04-26,CUST0218,Aman Sharma,Mouse,Technology,South,3,1062.02,3186.06,738.15
ORD00007,2025-08-05,CUST0037,Sahil Kaur,Smartphone,Technology,East,10,65484.0,654840.0,130831.49
ORD00008,2025-05-27,CUST0225,Isha Singh,Keyboard,Technology,Central,7,3692.45,25847.15,6165.46
ORD00009,2025-09-10,CUST0253,Neha Verma,Headphones,Accessories,East,7,7578.4,53048.8,10445.67
ORD00010,2024-01-22,CUST0014,Anjali Mehta,Smartphone,Technology,East,10,77333.78,773337.8,129475.76
ORD00011,2024-07-04,CUST0296,Mehak Gupta,Smartphone,Technology,Central,8,42935.06,343480.48,80104.65
ORD00012,2025-11-17,CUST0224,Simran Kaur,Headphones,Accessories,North,7,6170.11,43190.77,5038.71
ORD00013,2026-08-25,CUST0440,Manpreet Verma,Desk,Furniture,West,8,12644.55,101156.4,10888.83
ORD00014,2026-03-02,CUST0417,Aman Malhotra,Keyboard,Technology,West,5,1169.85,5849.25,670.64
ORD00015,2025-01-05,CUST0443,Navjot Verma,Mouse,Technology,Central,1,1654.94,1654.94,144.83
ORD00016,2024-05-14,CUST0388,Manpreet Sharma,Power Bank,Accessories,East,4,3991.96,15967.84,1651.25
ORD00017,2025-12-27,CUST0225,Isha Singh,Headphones,Accessories,South,10,1317.56,13175.6,2765.07
ORD00018,2026-07-23,CUST0160,Arjun Kapoor,Mouse,Technology,North,4,1519.98,6079.92,1510.56
ORD00019,2024-10-06,CUST0237,Isha Malhotra,Smartphone,Technology,West,5,44886.29,224431.45,34062.95
ORD00020,2024-07-14,CUST0428,Sahil Mehta,Power Bank,Accessories,Central,9,1823.67,16413.03,1295.45
ORD00021,2026-03-17,CUST0261,Karan Patel,Chair,Furniture,Central,7,5591.22,39138.54,4617.37
ORD00022,2025-11-06,CUST0137,Karan Kapoor,Monitor,Technology,West,10,27603.38,276033.8,45817.38
ORD00023,2026-02-20,CUST0444,Rohit Sharma,Sofa,Furniture,Central,6,39236.13,235416.78,27423.23
ORD00024,2024-08-27,CUST0194,Rohit Kumar,Webcam,Accessories,West,4,8891.61,35566.44,5845.68
ORD00025,2025-11-10,CUST0023,Neha Gupta,Microwave,Home Appliances,South,7,19399.33,135795.31,17275.3
ORD00026,2024-04-12,CUST0254,Sahil Kumar,Smartphone,Technology,West,10,45160.38,451603.8,52566.2
ORD00027,2024-06-07,CUST0052,Manpreet Gupta,Headphones,Accessories,North,7,8946.88,62628.16,14040.39
ORD00028,2026-05-22,CUST0241,Manpreet Singh,Washing Machine,Home Appliances,East,7,50409.49,352866.43,63504.43
ORD00029,2024-02-06,CUST0437,Anjali Gupta,Webcam,Accessories,Central,8,6827.79,54622.32,12261.43
ORD00030,2024-04-10,CUST0036,Simran Kumar,Desk,Furniture,North,2,24945.94,49891.88,6824.92
ORD00031,2024-02-27,CUST0228,Mehak Patel,Desk,Furniture,East,1,22971.91,22971.91,2638.9
ORD00032,2025-11-29,CUST0184,Neha Verma,Microwave,Home Appliances,South,9,8765.83,78892.47,10446.18
ORD00033,2024-09-03,CUST0088,Sahil Patel,Chair,Furniture,West,7,9923.39,69463.73,12082.67
ORD00034,2025-11-13,CUST0468,Manpreet Singh,Table,Furniture,North,5,16528.75,82643.75,11728.31
ORD00035,2026-08-25,CUST0461,Neha Gupta,Webcam,Accessories,East,3,7259.69,21779.07,1410.68
ORD00036,2024-07-22,CUST0301,Harpreet Kaur,Microwave,Home Appliances,West,8,19115.96,152927.68,33500.46
ORD00037,2024-10-29,CUST0437,Anjali Gupta,Headphones,Accessories,East,10,3609.26,36092.6,4395.78
ORD00038,2026-02-02,CUST0012,Priya Patel,Webcam,Accessories,West,1,1568.83,1568.83,364.16
ORD00039,2024-07-13,CUST0427,Anjali Malhotra,Refrigerator,Home Appliances,Central,6,62494.55,374967.3,35172.27
ORD00040,2025-03-27,CUST0129,Priya Patel,Chair,Furniture,North,1,13744.25,13744.25,1536.42
ORD00041,2025-03-01,CUST0297,Anjali Kapoor,Refrigerator,Home Appliances,South,5,26309.34,131546.7,15173.1
ORD00042,2024-09-20,CUST0103,Manpreet Patel,Desk,Furniture,West,5,15147.9,75739.5,16366.89
ORD00043,2024-05-24,CUST0496,Arjun Kaur,Washing Machine,Home Appliances,South,8,59820.09,478560.72,116088.62
ORD00044,2025-07-03,CUST0441,Neha Verma,Webcam,Accessories,North,7,2267.57,15872.99,837.84
ORD00045,2024-08-27,CUST0233,Isha Gupta,Washing Machine,Home Appliances,West,6,48397.12,290382.72,20811.5
ORD00046,2024-11-05,CUST0013,Karan Kumar,Refrigerator,Home Appliances,West,8,65335.67,522685.36,121198.99
ORD00047,2024-04-28,CUST0060,Rahul Kumar,Chair,Furniture,North,5,14301.4,71507.0,17818.51
ORD00048,2026-01-30,CUST0121,Aman Kaur,Sofa,Furniture,South,9,35413.97,318725.73,42653.58
ORD00049,2024-10-13,CUST0454,Priya Malhotra,Headphones,Accessories,North,10,10170.62,101706.2,13386.89
ORD00050,2024-04-11,CUST0354,Navjot Sharma,Refrigerator,Home Appliances,East,4,51036.82,204147.28,45134.93
ORD00051,2026-08-29,CUST0279,Mehak Gupta,Television,Home Appliances,West,4,48841.87,195367.48,47599.6
ORD00052,2024-05-08,CUST0047,Karan Verma,Chair,Furniture,Central,6,2657.52,15945.12,1574.0
ORD00053,2024-08-26,CUST0106,Rohit Singh,Mouse,Technology,East,4,1017.89,4071.56,865.66
ORD00054,2025-07-07,CUST0397,Manpreet Gupta,Chair,Furniture,East,3,5604.57,16813.71,4161.49
ORD00055,2025-01-01,CUST0409,Sahil Mehta,Chair,Furniture,South,1,10593.75,10593.75,808.95
ORD00056,2025-03-07,CUST0302,Arjun Patel,Television,Home Appliances,Central,1,29810.93,29810.93,2246.3
ORD00057,2024-04-21,CUST0059,Rahul Verma,Keyboard,Technology,West,6,2682.76,16096.56,2457.1
ORD00058,2025-10-20,CUST0258,Arjun Kaur,Chair,Furniture,North,9,11454.16,103087.44,11373.23
ORD00059,2026-07-20,CUST0032,Mehak Kumar,Power Bank,Accessories,West,2,2590.35,5180.7,767.02
ORD00060,2025-10-01,CUST0038,Karan Verma,Monitor,Technology,Central,2,24424.03,48848.06,3675.25
ORD00061,2025-06-01,CUST0281,Navjot Verma,Microwave,Home Appliances,Central,9,24897.93,224081.37,24420.29
ORD00062,2024-08-08,CUST0221,Rahul Kapoor,Laptop,Technology,West,9,91167.56,820508.04,159316.39
ORD00063,2026-01-17,CUST0232,Isha Sharma,Sofa,Furniture,North,8,30251.92,242015.36,31400.53
ORD00064,2025-12-04,CUST0161,Arjun Malhotra,Webcam,Accessories,West,6,7153.42,42920.52,10331.76
ORD00065,2025-01-16,CUST0035,Manpreet Verma,Laptop,Technology,South,2,45593.81,91187.62,18138.84
ORD00066,2024-05-05,CUST0285,Navjot Verma,Mouse,Technology,West,9,2891.56,26024.04,3016.95
ORD00067,2024-04-16,CUST0182,Karan Mehta,Headphones,Accessories,Central,10,11652.38,116523.8,13107.74
ORD00068,2024-12-24,CUST0260,Neha Patel,Table,Furniture,Central,4,21418.41,85673.64,18801.51
ORD00069,2026-02-24,CUST0189,Anjali Gupta,Monitor,Technology,Central,7,23500.7,164504.9,36031.68
ORD00070,2024-10-06,CUST0315,Anjali Malhotra,Mouse,Technology,East,5,2822.71,14113.55,787.4
ORD00071,2025-02-14,CUST0472,Manpreet Patel,Washing Machine,Home Appliances,North,3,18317.5,54952.5,8971.78
ORD00072,2025-04-09,CUST0073,Karan Malhotra,Laptop,Technology,East,4,84766.71,339066.84,42464.35
ORD00073,2026-06-23,CUST0081,Simran Verma,Washing Machine,Home Appliances,North,10,55522.99,555229.9,93969.75
ORD00074,2025-03-10,CUST0080,Manpreet Gupta,Chair,Furniture,West,5,10761.59,53807.95,7459.0
ORD00075,2025-03-16,CUST0311,Sahil Kaur,Power Bank,Accessories,North,9,1947.3,17525.7,1275.23
ORD00076,2024-02-26,CUST0146,Karan Singh,Webcam,Accessories,North,7,1886.05,13202.35,3259.52
ORD00077,2024-05-02,CUST0105,Rahul Kapoor,Refrigerator,Home Appliances,North,5,73714.47,368572.35,39765.06
ORD00078,2025-05-27,CUST0255,Priya Sharma,Speaker,Accessories,Central,9,3244.01,29196.09,5568.69
ORD00079,2025-04-15,CUST0427,Anjali Malhotra,Television,Home Appliances,North,1,48751.05,48751.05,6690.79
ORD00080,2025-02-18,CUST0442,Isha Mehta,Microwave,Home Appliances,North,7,16894.59,118262.13,12760.84
ORD00081,2025-12-07,CUST0495,Manpreet Mehta,Refrigerator,Home Appliances,East,10,76092.55,760925.5,108066.17
ORD00082,2024-03-21,CUST0046,Rahul Kapoor,Headphones,Accessories,West,10,3676.48,36764.8,4782.73
ORD00083,2025-10-10,CUST0446,Simran Kumar,Washing Machine,Home Appliances,North,3,29521.75,88565.25,5781.17
ORD00084,2024-05-29,CUST0272,Priya Verma,Desk,Furniture,East,3,11373.09,34119.27,3318.23
ORD00085,2026-03-02,CUST0102,Sahil Kaur,Table,Furniture,West,2,24005.38,48010.76,4101.52
ORD00086,2024-03-10,CUST0238,Mehak Singh,Webcam,Accessories,West,6,8846.1,53076.6,4256.29
ORD00087,2024-11-13,CUST0227,Sahil Gupta,Washing Machine,Home Appliances,West,6,48753.83,292522.98,44307.69
ORD00088,2026-06-03,CUST0232,Isha Sharma,Laptop,Technology,North,5,62124.26,310621.3,20297.92
ORD00089,2026-04-09,CUST0315,Anjali Malhotra,Power Bank,Accessories,Central,1,3237.38,3237.38,453.06
ORD00090,2024-03-04,CUST0334,Anjali Verma,Desk,Furniture,West,9,16705.12,150346.08,12053.58
ORD00091,2025-12-25,CUST0053,Karan Verma,Television,Home Appliances,West,3,57886.67,173660.01,10042.48
ORD00092,2026-03-04,CUST0225,Isha Singh,Desk,Furniture,East,5,11829.89,59149.45,7540.57
ORD00093,2025-01-30,CUST0348,Simran Malhotra,Monitor,Technology,East,2,9779.62,19559.24,3160.63
ORD00094,2024-11-13,CUST0130,Rahul Mehta,Desk,Furniture,West,3,5711.54,17134.62,3998.35
ORD00095,2025-11-17,CUST0067,Rohit Kapoor,Monitor,Technology,Central,6,23090.9,138545.4,29459.87
ORD00096,2024-08-07,CUST0048,Isha Patel,Webcam,Accessories,East,5,1654.96,8274.8,712.07
ORD00097,2024-10-29,CUST0486,Anjali Kapoor,Speaker,Accessories,North,3,4558.33,13674.99,1107.52
ORD00098,2025-01-20,CUST0260,Neha Patel,Monitor,Technology,South,10,31662.6,316626.0,24130.01
ORD00099,2025-11-23,CUST0084,Navjot Verma,Table,Furniture,South,1,23029.57,23029.57,3043.86
ORD00100,2024-09-01,CUST0497,Priya Kaur,Webcam,Accessories,East,8,7895.32,63162.56,6114.17
ORD00101,2025-04-17,CUST0495,Manpreet Mehta,Speaker,Accessories,East,10,6465.85,64658.5,15963.41
ORD00102,2024-05-21,CUST0399,Mehak Kaur,Power Bank,Accessories,East,4,4858.33,19433.32,4085.89
ORD00103,2025-06-12,CUST0027,Rohit Kaur,Webcam,Accessories,North,2,6213.6,12427.2,2389.5
ORD00104,2025-03-23,CUST0146,Karan Singh,Smartphone,Technology,North,9,29095.39,261858.51,20809.83
ORD00105,2025-02-09,CUST0485,Mehak Verma,Sofa,Furniture,Central,1,54808.34,54808.34,7288.38
ORD00106,2024-11-22,CUST0192,Mehak Mehta,Sofa,Furniture,North,6,59753.64,358521.84,34026.5
ORD00107,2025-04-28,CUST0430,Sahil Kumar,Refrigerator,Home Appliances,South,5,29631.97,148159.85,34592.25
ORD00108,2024-08-08,CUST0389,Manpreet Sharma,Power Bank,Accessories,South,2,3384.46,6768.92,364.17
ORD00109,2024-02-18,CUST0281,Navjot Verma,Headphones,Accessories,South,4,9537.9,38151.6,4205.46
ORD00110,2024-01-17,CUST0215,Arjun Sharma,Headphones,Accessories,Central,8,2219.44,17755.52,3006.86
ORD00111,2024-09-03,CUST0295,Manpreet Mehta,Table,Furniture,Central,1,12281.8,12281.8,2124.28
ORD00112,2025-06-22,CUST0214,Rohit Kapoor,Chair,Furniture,Central,6,8805.3,52831.8,3356.71
ORD00113,2025-01-17,CUST0260,Neha Patel,Keyboard,Technology,East,1,4467.99,4467.99,791.43
ORD00114,2025-11-03,CUST0383,Arjun Kaur,Monitor,Technology,North,6,29290.04,175740.24,17262.12
ORD00115,2025-10-20,CUST0396,Anjali Verma,Refrigerator,Home Appliances,South,9,23103.5,207931.5,24475.5
ORD00116,2026-03-05,CUST0426,Manpreet Kapoor,Power Bank,Accessories,West,3,3453.29,10359.87,648.74
ORD00117,2024-11-19,CUST0019,Rahul Kumar,Refrigerator,Home Appliances,East,4,23066.44,92265.76,20958.91
ORD00118,2026-06-01,CUST0264,Rahul Mehta,Power Bank,Accessories,North,4,1863.92,7455.68,799.41
ORD00119,2025-02-13,CUST0444,Rohit Sharma,Washing Machine,Home Appliances,West,6,24472.7,146836.2,20173.87
ORD00120,2025-01-11,CUST0459,Neha Malhotra,Webcam,Accessories,Central,8,9776.65,78213.2,14736.44
ORD00121,2024-07-03,CUST0137,Karan Kapoor,Keyboard,Technology,Central,10,1131.49,11314.9,2817.63
ORD00122,2025-09-09,CUST0151,Harpreet Patel,Television,Home Appliances,West,5,21805.86,109029.3,12134.87
ORD00123,2025-03-21,CUST0086,Rohit Kaur,Webcam,Accessories,East,6,5300.6,31803.6,5501.08
ORD00124,2026-03-31,CUST0328,Rohit Mehta,Laptop,Technology,South,7,80271.03,561897.21,68923.56
ORD00125,2024-03-09,CUST0488,Rahul Sharma,Smartphone,Technology,South,8,69406.85,555254.8,31627.2
ORD00126,2024-06-06,CUST0399,Mehak Kaur,Washing Machine,Home Appliances,West,10,37908.43,379084.3,21409.57
ORD00127,2025-06-26,CUST0486,Anjali Kapoor,Washing Machine,Home Appliances,East,2,41084.84,82169.68,13540.28
ORD00128,2024-07-09,CUST0204,Aman Patel,Washing Machine,Home Appliances,West,2,30979.81,61959.62,3419.1
ORD00129,2024-08-07,CUST0266,Simran Mehta,Headphones,Accessories,Central,5,3879.54,19397.7,3701.23
ORD00130,2026-07-09,CUST0147,Arjun Kapoor,Speaker,Accessories,West,2,3155.61,6311.22,886.15
ORD00131,2026-07-01,CUST0045,Rohit Kumar,Washing Machine,Home Appliances,East,9,54896.11,494064.99,78276.83
ORD00132,2024-07-24,CUST0436,Neha Sharma,Table,Furniture,South,9,24842.41,223581.69,21206.35
ORD00133,2026-04-02,CUST0122,Navjot Sharma,Headphones,Accessories,Central,10,4969.86,49698.6,6151.8
ORD00134,2026-02-26,CUST0067,Rohit Kapoor,Laptop,Technology,West,8,58557.44,468459.52,72676.4
ORD00135,2025-11-27,CUST0422,Karan Singh,Smartphone,Technology,Central,2,78066.58,156133.16,21857.85
ORD00136,2026-07-21,CUST0177,Karan Kaur,Table,Furniture,North,3,24194.54,72583.62,9909.38
ORD00137,2026-08-15,CUST0426,Manpreet Kapoor,Mouse,Technology,South,3,882.54,2647.62,218.15
ORD00138,2025-10-02,CUST0178,Isha Mehta,Television,Home Appliances,East,9,36301.45,326713.05,34269.0
ORD00139,2024-06-06,CUST0315,Anjali Malhotra,Mouse,Technology,South,10,2102.47,21024.7,5010.64
ORD00140,2026-08-29,CUST0338,Anjali Kumar,Television,Home Appliances,Central,1,85145.08,85145.08,5640.4
ORD00141,2025-10-04,CUST0136,Neha Malhotra,Sofa,Furniture,Central,1,42814.88,42814.88,6405.43
ORD00142,2024-03-15,CUST0149,Anjali Patel,Microwave,Home Appliances,North,7,10652.68,74568.76,8164.29
ORD00143,2024-05-27,CUST0081,Simran Verma,Power Bank,Accessories,East,4,2833.85,11335.4,1338.01
ORD00144,2025-06-11,CUST0442,Isha Mehta,Washing Machine,Home Appliances,Central,3,68719.45,206158.35,41671.41
ORD00145,2024-05-24,CUST0055,Isha Mehta,Refrigerator,Home Appliances,North,5,52653.08,263265.4,36835.88
ORD00146,2026-06-05,CUST0026,Navjot Kapoor,Microwave,Home Appliances,South,7,22419.11,156933.77,15639.09
ORD00147,2025-06-11,CUST0417,Aman Malhotra,Washing Machine,Home Appliances,West,3,27871.37,83614.11,12513.11
ORD00148,2024-09-03,CUST0256,Harpreet Kumar,Microwave,Home Appliances,South,7,6440.35,45082.45,6811.46
ORD00149,2026-05-13,CUST0299,Rohit Kapoor,Television,Home Appliances,West,8,19295.93,154367.44,26165.86
ORD00150,2026-02-21,CUST0147,Arjun Kapoor,Laptop,Technology,West,5,65855.67,329278.35,64374.45
ORD00151,2025-07-20,CUST0188,Harpreet Verma,Keyboard,Technology,East,9,1014.86,9133.74,812.27
ORD00152,2025-09-30,CUST0038,Karan Verma,Power Bank,Accessories,Central,5,4010.5,20052.5,4312.54
ORD00153,2025-01-09,CUST0061,Navjot Patel,Chair,Furniture,South,6,7120.75,42724.5,6902.84
ORD00154,2026-04-03,CUST0102,Sahil Kaur,Headphones,Accessories,West,3,1498.34,4495.02,866.27
ORD00155,2026-08-11,CUST0266,Simran Mehta,Speaker,Accessories,Central,9,9684.52,87160.68,6794.72
ORD00156,2025-06-03,CUST0164,Rahul Kumar,Sofa,Furniture,Central,5,59577.71,297888.55,50267.18
ORD00157,2025-11-20,CUST0273,Aman Malhotra,Webcam,Accessories,North,1,5536.59,5536.59,684.72
ORD00158,2026-03-12,CUST0214,Rohit Kapoor,Television,Home Appliances,Central,5,65737.32,328686.6,80006.97
ORD00159,2026-01-08,CUST0296,Mehak Gupta,Chair,Furniture,Central,3,9585.8,28757.4,4452.98
ORD00160,2026-08-28,CUST0397,Manpreet Gupta,Speaker,Accessories,North,4,12592.43,50369.72,2836.53
ORD00161,2024-07-27,CUST0098,Priya Sharma,Keyboard,Technology,West,3,2117.51,6352.53,842.29
ORD00162,2024-11-28,CUST0257,Karan Gupta,Headphones,Accessories,West,9,8763.53,78871.77,7214.27
ORD00163,2024-12-16,CUST0270,Rohit Kaur,Webcam,Accessories,Central,8,9631.83,77054.64,17909.41
ORD00164,2024-11-01,CUST0182,Karan Mehta,Microwave,Home Appliances,South,4,9653.02,38612.08,4085.21
ORD00165,2024-12-23,CUST0483,Harpreet Kapoor,Washing Machine,Home Appliances,Central,8,54654.85,437238.8,49586.44
ORD00166,2025-02-08,CUST0479,Rahul Verma,Washing Machine,Home Appliances,East,9,24337.45,219037.05,27585.27
ORD00167,2025-03-28,CUST0489,Arjun Kapoor,Desk,Furniture,East,2,4883.4,9766.8,1164.91
ORD00168,2025-07-29,CUST0383,Arjun Kaur,Speaker,Accessories,East,9,4227.92,38051.28,3965.95
ORD00169,2025-11-16,CUST0071,Manpreet Malhotra,Mouse,Technology,Central,4,2352.23,9408.92,926.7
ORD00170,2024-04-12,CUST0116,Priya Kumar,Chair,Furniture,South,6,3302.57,19815.42,3833.72
ORD00171,2024-07-23,CUST0003,Priya Kumar,Sofa,Furniture,East,8,44380.18,355041.44,51654.87
ORD00172,2024-08-25,CUST0165,Arjun Kumar,Television,Home Appliances,Central,2,92174.64,184349.28,33267.62
ORD00173,2024-02-07,CUST0379,Neha Kumar,Smartphone,Technology,West,3,39251.95,117755.85,27882.76
ORD00174,2024-01-10,CUST0404,Mehak Malhotra,Speaker,Accessories,East,5,14144.22,70721.1,15936.9
ORD00175,2026-06-29,CUST0291,Arjun Malhotra,Monitor,Technology,South,9,15683.16,141148.44,21858.77
ORD00176,2026-01-18,CUST0436,Neha Sharma,Webcam,Accessories,West,2,3138.9,6277.8,729.08
ORD00177,2025-08-04,CUST0332,Anjali Singh,Refrigerator,Home Appliances,South,6,20985.89,125915.34,26209.72
ORD00178,2024-04-07,CUST0090,Rahul Gupta,Power Bank,Accessories,South,2,2964.18,5928.36,771.67
ORD00179,2024-08-29,CUST0072,Mehak Kaur,Webcam,Accessories,West,1,9454.52,9454.52,965.85
ORD00180,2025-10-31,CUST0386,Aman Gupta,Washing Machine,Home Appliances,East,10,33701.18,337011.8,17621.39
ORD00181,2025-02-19,CUST0355,Sahil Mehta,Chair,Furniture,Central,8,10681.22,85449.76,9515.79
ORD00182,2024-08-14,CUST0473,Mehak Verma,Television,Home Appliances,South,5,69290.46,346452.3,42789.9
ORD00183,2025-12-19,CUST0491,Karan Kapoor,Sofa,Furniture,Central,10,21893.35,218933.5,27306.47
ORD00184,2024-03-24,CUST0468,Manpreet Singh,Speaker,Accessories,Central,10,11785.1,117851.0,26472.52
ORD00185,2025-07-14,CUST0229,Rahul Malhotra,Television,Home Appliances,Central,2,92965.8,185931.6,11593.13
ORD00186,2025-11-27,CUST0104,Manpreet Singh,Table,Furniture,South,9,13202.94,118826.46,16441.79
ORD00187,2025-04-09,CUST0368,Navjot Singh,Headphones,Accessories,South,8,10887.78,87102.24,18442.89
ORD00188,2026-04-06,CUST0263,Simran Verma,Power Bank,Accessories,East,9,3168.43,28515.87,4062.82
ORD00189,2025-08-15,CUST0371,Mehak Patel,Keyboard,Technology,North,1,1868.72,1868.72,372.18
ORD00190,2026-08-15,CUST0024,Mehak Verma,Webcam,Accessories,North,9,7453.27,67079.43,16691.02
ORD00191,2026-02-23,CUST0479,Rahul Verma,Headphones,Accessories,West,3,4158.0,12474.0,2542.13
ORD00192,2025-11-30,CUST0192,Mehak Mehta,Power Bank,Accessories,Central,7,4452.41,31166.87,3899.88
ORD00193,2024-05-10,CUST0069,Sahil Kaur,Television,Home Appliances,South,9,30170.26,271532.34,34922.24
ORD00194,2025-07-11,CUST0428,Sahil Mehta,Laptop,Technology,West,8,98709.44,789675.52,145853.05
ORD00195,2024-07-12,CUST0273,Aman Malhotra,Speaker,Accessories,North,6,4841.41,29048.46,2353.63
ORD00196,2024-02-04,CUST0017,Navjot Malhotra,Headphones,Accessories,West,2,3647.33,7294.66,511.93
ORD00197,2025-07-06,CUST0307,Priya Kumar,Smartphone,Technology,South,7,61837.88,432865.16,59645.6
ORD00198,2026-07-27,CUST0387,Priya Kaur,Smartphone,Technology,Central,5,45272.71,226363.55,21919.3
ORD00199,2025-06-17,CUST0164,Rahul Kumar,Refrigerator,Home Appliances,South,3,41123.51,123370.53,30489.68
ORD00200,2026-07-22,CUST0212,Priya Gupta,Washing Machine,Home Appliances,South,10,21169.8,211698.0,47831.63
ORD00201,2025-11-18,CUST0321,Manpreet Patel,Power Bank,Accessories,West,6,996.91,5981.46,1425.49
ORD00202,2026-02-11,CUST0403,Isha Verma,Microwave,Home Appliances,Central,5,13756.92,68784.6,8618.16
ORD00203,2026-07-25,CUST0243,Aman Singh,Table,Furniture,North,3,12518.41,37555.23,7929.98
ORD00204,2024-09-18,CUST0288,Harpreet Malhotra,Power Bank,Accessories,South,3,3140.6,9421.8,1203.01
ORD00205,2026-04-29,CUST0170,Mehak Kapoor,Keyboard,Technology,South,2,4357.96,8715.92,1369.51
ORD00206,2024-03-15,CUST0027,Rohit Kaur,Microwave,Home Appliances,South,10,18799.77,187997.7,10886.85
ORD00207,2026-07-19,CUST0412,Manpreet Sharma,Sofa,Furniture,North,6,24400.01,146400.06,16197.35
ORD00208,2025-12-13,CUST0109,Karan Kumar,Chair,Furniture,Central,8,11709.43,93675.44,21815.91
ORD00209,2024-10-16,CUST0361,Manpreet Mehta,Sofa,Furniture,West,9,56180.69,505626.21,57804.71
ORD00210,2025-04-22,CUST0239,Isha Kumar,Washing Machine,Home Appliances,North,9,31601.2,284410.8,64436.79
ORD00211,2024-02-16,CUST0412,Manpreet Sharma,Webcam,Accessories,Central,6,9271.81,55630.86,6263.17
ORD00212,2025-08-16,CUST0443,Navjot Verma,Table,Furniture,West,9,5405.5,48649.5,11527.58
ORD00213,2024-09-08,CUST0152,Sahil Sharma,Table,Furniture,West,7,13246.63,92726.41,15203.23
ORD00214,2025-10-19,CUST0282,Rohit Verma,Washing Machine,Home Appliances,West,8,57694.75,461558.0,112297.82
ORD00215,2026-07-27,CUST0236,Neha Patel,Desk,Furniture,Central,9,7554.58,67991.22,10039.81
ORD00216,2025-11-15,CUST0329,Neha Kapoor,Mouse,Technology,North,2,584.56,1169.12,279.46
ORD00217,2024-06-03,CUST0392,Mehak Singh,Keyboard,Technology,North,4,1377.46,5509.84,350.39
ORD00218,2025-11-06,CUST0112,Navjot Verma,Webcam,Accessories,West,10,2013.83,20138.3,4683.17
ORD00219,2026-01-09,CUST0009,Priya Kumar,Mouse,Technology,East,1,1879.11,1879.11,100.24
ORD00220,2026-07-20,CUST0275,Isha Patel,Television,Home Appliances,South,7,57688.36,403818.52,85300.02
ORD00221,2024-09-15,CUST0055,Isha Mehta,Mouse,Technology,East,4,872.24,3488.96,606.93
ORD00222,2024-09-06,CUST0137,Karan Kapoor,Headphones,Accessories,South,7,5103.57,35724.99,5065.79
ORD00223,2025-05-02,CUST0154,Rahul Malhotra,Laptop,Technology,North,7,45610.03,319270.21,40047.31
ORD00224,2024-12-05,CUST0327,Harpreet Patel,Smartphone,Technology,Central,7,15788.03,110516.21,19780.35
ORD00225,2026-06-07,CUST0440,Manpreet Verma,Mouse,Technology,Central,4,2797.88,11191.52,1032.79
ORD00226,2025-07-31,CUST0244,Navjot Gupta,Television,Home Appliances,North,5,93553.54,467767.7,107522.17
ORD00227,2026-04-20,CUST0092,Rohit Patel,Television,Home Appliances,West,10,96724.88,967248.8,76256.26
ORD00228,2026-05-19,CUST0476,Neha Singh,Monitor,Technology,West,4,12386.16,49544.64,8092.58
ORD00229,2025-12-06,CUST0347,Navjot Kumar,Microwave,Home Appliances,North,3,20356.58,61069.74,12708.59
ORD00230,2024-12-14,CUST0257,Karan Gupta,Television,Home Appliances,Central,4,23303.29,93213.16,20295.76
ORD00231,2025-04-06,CUST0394,Anjali Kaur,Webcam,Accessories,West,5,1751.82,8759.1,1810.59
ORD00232,2024-03-28,CUST0117,Simran Gupta,Microwave,Home Appliances,Central,10,14205.11,142051.1,25872.39
ORD00233,2026-03-13,CUST0152,Sahil Sharma,Chair,Furniture,South,3,3066.49,9199.47,1159.13
ORD00234,2024-11-11,CUST0379,Neha Kumar,Webcam,Accessories,West,2,4565.95,9131.9,466.08
ORD00235,2025-07-24,CUST0185,Priya Gupta,Television,Home Appliances,Central,3,26263.1,78789.3,10730.78
ORD00236,2025-09-03,CUST0263,Simran Verma,Headphones,Accessories,Central,6,1288.88,7733.28,1243.85
ORD00237,2024-03-27,CUST0402,Mehak Sharma,Microwave,Home Appliances,Central,7,6234.47,43641.29,5566.88
ORD00238,2024-11-04,CUST0464,Arjun Kumar,Table,Furniture,East,3,22132.9,66398.7,5163.69
ORD00239,2025-05-10,CUST0253,Neha Verma,Chair,Furniture,North,5,4173.7,20868.5,2800.98
ORD00240,2024-07-19,CUST0185,Priya Gupta,Refrigerator,Home Appliances,West,8,70462.96,563703.68,95131.35
ORD00241,2025-09-27,CUST0055,Isha Mehta,Desk,Furniture,West,7,4142.11,28994.77,3376.25
ORD00242,2024-11-24,CUST0412,Manpreet Sharma,Microwave,Home Appliances,Central,10,12359.99,123599.9,9544.99
ORD00243,2024-10-25,CUST0486,Anjali Kapoor,Sofa,Furniture,West,7,29138.25,203967.75,49716.13
ORD00244,2026-08-12,CUST0496,Arjun Kaur,Desk,Furniture,Central,7,11897.16,83280.12,10243.71
ORD00245,2024-08-02,CUST0103,Manpreet Patel,Chair,Furniture,West,8,14389.06,115112.48,27465.26
ORD00246,2024-05-22,CUST0409,Sahil Mehta,Television,Home Appliances,East,7,84612.07,592284.49,109333.07
ORD00247,2025-09-04,CUST0124,Isha Sharma,Refrigerator,Home Appliances,West,7,70066.55,490465.85,31778.77
ORD00248,2026-04-11,CUST0299,Rohit Kapoor,Power Bank,Accessories,Central,6,3083.31,18499.86,3521.02
ORD00249,2025-09-19,CUST0305,Sahil Kumar,Laptop,Technology,North,6,86137.24,516823.44,43034.7
ORD00250,2024-04-10,CUST0289,Harpreet Singh,Webcam,Accessories,East,7,9708.59,67960.13,4838.01
ORD00251,2025-08-25,CUST0114,Anjali Patel,Sofa,Furniture,Central,8,31835.38,254683.04,52074.65
ORD00252,2024-03-28,CUST0078,Harpreet Patel,Television,Home Appliances,North,5,56035.54,280177.7,37318.29
ORD00253,2025-06-17,CUST0426,Manpreet Kapoor,Desk,Furniture,West,8,10549.7,84397.6,17457.98
ORD00254,2024-11-03,CUST0179,Priya Mehta,Headphones,Accessories,North,8,5819.83,46558.64,5297.53
ORD00255,2024-06-17,CUST0415,Simran Patel,Laptop,Technology,South,2,90950.8,181901.6,33729.63
ORD00256,2024-08-25,CUST0265,Arjun Sharma,Table,Furniture,West,7,13274.74,92923.18,22458.84
ORD00257,2026-01-25,CUST0323,Rohit Kumar,Table,Furniture,Central,7,21011.97,147083.79,18990.94
ORD00258,2024-08-07,CUST0453,Simran Verma,Sofa,Furniture,South,7,41649.14,291543.98,14836.68
ORD00259,2024-11-29,CUST0143,Priya Kumar,Mouse,Technology,South,9,754.38,6789.42,593.34
ORD00260,2025-10-16,CUST0235,Harpreet Kaur,Monitor,Technology,East,8,26108.94,208871.52,32488.5
ORD00261,2025-04-13,CUST0306,Harpreet Verma,Power Bank,Accessories,Central,6,3265.42,19592.52,2358.88
ORD00262,2024-11-08,CUST0089,Mehak Kumar,Television,Home Appliances,North,6,72129.36,432776.16,31840.35
ORD00263,2025-08-11,CUST0094,Mehak Gupta,Refrigerator,Home Appliances,West,7,55757.74,390304.18,66072.71
ORD00264,2025-05-16,CUST0217,Sahil Verma,Sofa,Furniture,East,3,43597.57,130792.71,21055.34
ORD00265,2025-01-02,CUST0072,Mehak Kaur,Desk,Furniture,North,10,21681.69,216816.9,13165.61
ORD00266,2025-05-21,CUST0249,Karan Sharma,Table,Furniture,West,9,25380.4,228423.6,34511.97
ORD00267,2024-03-25,CUST0351,Karan Sharma,Power Bank,Accessories,Central,8,3782.6,30260.8,4470.73
ORD00268,2024-06-21,CUST0016,Manpreet Singh,Desk,Furniture,West,4,4686.6,18746.4,2952.97
ORD00269,2026-04-23,CUST0290,Mehak Mehta,Headphones,Accessories,East,5,7299.85,36499.25,7483.17
ORD00270,2026-04-29,CUST0278,Simran Gupta,Keyboard,Technology,South,7,3094.68,21662.76,1526.86
ORD00271,2024-04-30,CUST0153,Simran Kumar,Keyboard,Technology,South,2,1903.82,3807.64,524.75
ORD00272,2026-04-13,CUST0108,Sahil Mehta,Microwave,Home Appliances,South,3,9153.65,27460.95,5683.59
ORD00273,2024-06-21,CUST0413,Neha Patel,Mouse,Technology,East,5,1377.04,6885.2,1166.16
ORD00274,2025-11-26,CUST0361,Manpreet Mehta,Washing Machine,Home Appliances,North,9,47782.25,430040.25,106261.94
ORD00275,2024-05-15,CUST0070,Rahul Singh,Headphones,Accessories,South,3,11917.35,35752.05,6803.09
ORD00276,2025-08-14,CUST0075,Rohit Verma,Refrigerator,Home Appliances,East,7,73303.15,513122.05,75886.52
ORD00277,2026-02-06,CUST0322,Anjali Sharma,Power Bank,Accessories,East,2,2698.37,5396.74,704.65
ORD00278,2026-06-08,CUST0356,Karan Kapoor,Microwave,Home Appliances,North,6,24054.83,144328.98,24015.06
ORD00279,2025-03-15,CUST0375,Simran Malhotra,Webcam,Accessories,South,9,8725.9,78533.1,10173.43
ORD00280,2024-05-13,CUST0254,Sahil Kumar,Washing Machine,Home Appliances,Central,6,61073.87,366443.22,58433.81
ORD00281,2025-10-03,CUST0437,Anjali Gupta,Webcam,Accessories,West,1,9100.31,9100.31,538.63
ORD00282,2025-03-14,CUST0009,Priya Kumar,Smartphone,Technology,South,1,40890.02,40890.02,10155.76
ORD00283,2025-01-04,CUST0353,Karan Mehta,Desk,Furniture,East,5,7338.53,36692.65,2519.61
ORD00284,2026-02-12,CUST0043,Navjot Kaur,Refrigerator,Home Appliances,South,5,23625.11,118125.55,23057.83
ORD00285,2025-08-30,CUST0220,Harpreet Verma,Laptop,Technology,South,8,40065.18,320521.44,21022.28
ORD00286,2026-05-30,CUST0266,Simran Mehta,Headphones,Accessories,West,6,1088.69,6532.14,1394.1
ORD00287,2026-04-05,CUST0356,Karan Kapoor,Sofa,Furniture,North,7,18187.27,127310.89,8640.11
ORD00288,2026-04-12,CUST0053,Karan Verma,Washing Machine,Home Appliances,South,3,63811.43,191434.29,24224.9
ORD00289,2024-06-17,CUST0329,Neha Kapoor,Chair,Furniture,West,1,8896.61,8896.61,1530.78
ORD00290,2026-05-30,CUST0180,Mehak Sharma,Table,Furniture,South,10,27997.35,279973.5,52442.74
ORD00291,2024-12-25,CUST0045,Rohit Kumar,Smartphone,Technology,West,10,62671.2,626712.0,122836.7
ORD00292,2025-09-07,CUST0162,Navjot Patel,Table,Furniture,Central,2,11924.19,23848.38,2376.1
ORD00293,2025-09-13,CUST0370,Isha Singh,Television,Home Appliances,Central,5,87070.83,435354.15,39656.04
ORD00294,2024-04-25,CUST0097,Isha Verma,Webcam,Accessories,South,4,6992.44,27969.76,4166.87
ORD00295,2026-08-14,CUST0256,Harpreet Kumar,Mouse,Technology,East,1,2721.81,2721.81,673.31
ORD00296,2026-02-27,CUST0068,Simran Sharma,Power Bank,Accessories,North,3,2334.73,7004.19,1418.66
ORD00297,2026-08-29,CUST0009,Priya Kumar,Laptop,Technology,West,1,55731.12,55731.12,13069.83
ORD00298,2025-07-03,CUST0260,Neha Patel,Microwave,Home Appliances,Central,7,14047.93,98335.51,6537.89
ORD00299,2024-07-27,CUST0316,Priya Singh,Desk,Furniture,South,2,5755.54,11511.08,1752.69
ORD00300,2025-03-23,CUST0275,Isha Patel,Microwave,Home Appliances,South,2,17142.31,34284.62,3841.04
ORD00301,2025-09-15,CUST0030,Arjun Mehta,Chair,Furniture,North,2,14020.16,28040.32,3944.55
ORD00302,2024-06-16,CUST0159,Aman Malhotra,Chair,Furniture,West,3,2164.64,6493.92,1235.79
ORD00303,2026-06-13,CUST0488,Rahul Sharma,Washing Machine,Home Appliances,East,3,26682.07,80046.21,16005.66
ORD00304,2024-03-06,CUST0376,Rahul Kapoor,Laptop,Technology,East,7,60100.66,420704.62,43919.93
ORD00305,2026-05-29,CUST0365,Anjali Sharma,Keyboard,Technology,Central,6,2711.83,16270.98,993.96
ORD00306,2025-11-21,CUST0086,Rohit Kaur,Refrigerator,Home Appliances,North,2,37858.13,75716.26,17327.95
ORD00307,2025-04-28,CUST0117,Simran Gupta,Laptop,Technology,East,1,91521.34,91521.34,9052.4
ORD00308,2026-07-24,CUST0197,Isha Kaur,Table,Furniture,West,1,28279.0,28279.0,4540.84
ORD00309,2024-03-20,CUST0115,Anjali Kaur,Refrigerator,Home Appliances,Central,6,49137.96,294827.76,30736.26
ORD00310,2026-04-03,CUST0191,Aman Kapoor,Mouse,Technology,Central,1,2183.31,2183.31,187.48
ORD00311,2024-11-14,CUST0024,Mehak Verma,Headphones,Accessories,East,5,10646.9,53234.5,10897.39
ORD00312,2024-11-07,CUST0045,Rohit Kumar,Headphones,Accessories,Central,5,5058.11,25290.55,4116.32
ORD00313,2026-03-05,CUST0125,Sahil Gupta,Webcam,Accessories,South,8,6529.37,52234.96,13035.62
ORD00314,2025-07-08,CUST0376,Rahul Kapoor,Table,Furniture,East,7,5159.45,36116.15,1978.52
ORD00315,2026-01-14,CUST0326,Manpreet Kapoor,Monitor,Technology,East,7,8039.48,56276.36,12369.61
ORD00316,2024-05-25,CUST0054,Simran Kumar,Table,Furniture,East,1,15495.4,15495.4,3788.81
ORD00317,2026-07-06,CUST0048,Isha Patel,Smartphone,Technology,East,9,72810.12,655291.08,86899.04
ORD00318,2025-02-07,CUST0235,Harpreet Kaur,Mouse,Technology,North,3,738.94,2216.82,393.36
ORD00319,2024-09-24,CUST0304,Neha Kaur,Keyboard,Technology,East,3,3582.26,10746.78,1046.25
ORD00320,2026-08-24,CUST0475,Arjun Kumar,Webcam,Accessories,South,5,4203.49,21017.45,2032.85
ORD00321,2025-02-20,CUST0070,Rahul Singh,Smartphone,Technology,North,8,17396.04,139168.32,19930.44
ORD00322,2024-05-02,CUST0275,Isha Patel,Refrigerator,Home Appliances,North,8,51634.2,413073.6,42547.24
ORD00323,2025-12-29,CUST0081,Simran Verma,Television,Home Appliances,South,6,33276.77,199660.62,15905.92
ORD00324,2024-06-27,CUST0496,Arjun Kaur,Microwave,Home Appliances,North,5,15755.73,78778.65,8038.05
ORD00325,2025-04-18,CUST0488,Rahul Sharma,Power Bank,Accessories,North,9,3135.01,28215.09,2820.68
ORD00326,2026-04-23,CUST0412,Manpreet Sharma,Chair,Furniture,West,4,2155.44,8621.76,656.49
ORD00327,2024-03-07,CUST0191,Aman Kapoor,Mouse,Technology,South,2,1965.3,3930.6,213.67
ORD00328,2026-08-22,CUST0463,Arjun Verma,Speaker,Accessories,West,6,2741.71,16450.26,1225.64
ORD00329,2025-01-26,CUST0026,Navjot Kapoor,Sofa,Furniture,West,7,51975.84,363830.88,54292.76
ORD00330,2026-06-23,CUST0089,Mehak Kumar,Refrigerator,Home Appliances,South,5,83581.3,417906.5,44285.93
ORD00331,2024-03-30,CUST0018,Neha Verma,Desk,Furniture,East,9,14476.72,130290.48,18997.16
ORD00332,2026-04-01,CUST0197,Isha Kaur,Sofa,Furniture,Central,9,23975.6,215780.4,21541.26
ORD00333,2026-03-11,CUST0407,Navjot Kumar,Keyboard,Technology,West,6,4084.05,24504.3,3576.08
ORD00334,2024-08-12,CUST0177,Karan Kaur,Microwave,Home Appliances,North,1,11138.28,11138.28,1267.26
ORD00335,2026-02-24,CUST0459,Neha Malhotra,Television,Home Appliances,Central,8,83735.58,669884.64,104425.94
ORD00336,2026-04-15,CUST0120,Mehak Kumar,Chair,Furniture,North,4,5222.14,20888.56,2157.9
ORD00337,2025-08-29,CUST0392,Mehak Singh,Sofa,Furniture,East,3,30966.21,92898.63,7916.83
ORD00338,2025-07-31,CUST0413,Neha Patel,Television,Home Appliances,South,6,74793.5,448761.0,107483.53
ORD00339,2024-04-02,CUST0289,Harpreet Singh,Sofa,Furniture,North,3,39395.61,118186.83,17501.97
ORD00340,2025-09-20,CUST0120,Mehak Kumar,Chair,Furniture,South,1,8843.83,8843.83,1028.95
ORD00341,2024-05-31,CUST0413,Neha Patel,Desk,Furniture,Central,6,19055.69,114334.14,7078.56
ORD00342,2025-01-17,CUST0361,Manpreet Mehta,Chair,Furniture,West,6,13004.25,78025.5,18890.89
ORD00343,2026-01-19,CUST0301,Harpreet Kaur,Monitor,Technology,West,3,16147.66,48442.98,11876.87
ORD00344,2026-08-09,CUST0406,Simran Mehta,Webcam,Accessories,Central,9,2980.72,26826.48,5062.48
ORD00345,2026-01-21,CUST0403,Isha Verma,Refrigerator,Home Appliances,East,3,66587.22,199761.66,25105.41
ORD00346,2026-02-28,CUST0066,Priya Singh,Chair,Furniture,Central,10,14334.25,143342.5,18393.75
ORD00347,2025-08-02,CUST0017,Navjot Malhotra,Desk,Furniture,North,10,23341.8,233418.0,21983.09
ORD00348,2024-11-23,CUST0480,Aman Sharma,Speaker,Accessories,South,2,5970.77,11941.54,1165.48
ORD00349,2025-12-10,CUST0326,Manpreet Kapoor,Monitor,Technology,North,5,20059.01,100295.05,9220.81
ORD00350,2026-01-20,CUST0180,Mehak Sharma,Television,Home Appliances,West,1,76235.15,76235.15,9696.15
ORD00351,2025-01-19,CUST0497,Priya Kaur,Sofa,Furniture,North,7,37188.69,260320.83,31302.6
ORD00352,2024-02-04,CUST0425,Mehak Patel,Speaker,Accessories,East,2,3695.86,7391.72,1551.07
ORD00353,2026-06-28,CUST0011,Aman Patel,Washing Machine,Home Appliances,West,2,67486.43,134972.86,15975.61
ORD00354,2025-09-20,CUST0083,Anjali Sharma,Mouse,Technology,West,2,2854.59,5709.18,671.34
ORD00355,2025-03-20,CUST0361,Manpreet Mehta,Keyboard,Technology,South,3,4758.26,14274.78,2447.6
ORD00356,2025-07-21,CUST0028,Isha Malhotra,Monitor,Technology,Central,4,13549.86,54199.44,7146.52
ORD00357,2025-07-16,CUST0136,Neha Malhotra,Washing Machine,Home Appliances,West,1,30352.51,30352.51,3902.74
ORD00358,2025-11-08,CUST0079,Manpreet Verma,Monitor,Technology,Central,2,8103.02,16206.04,1765.0
ORD00359,2024-03-24,CUST0246,Manpreet Kumar,Chair,Furniture,West,3,2334.56,7003.68,1244.12
ORD00360,2025-11-07,CUST0433,Priya Kapoor,Monitor,Technology,East,8,29191.67,233533.36,34520.75
ORD00361,2025-04-01,CUST0047,Karan Verma,Speaker,Accessories,North,7,6508.78,45561.46,5644.17
ORD00362,2024-06-03,CUST0135,Simran Malhotra,Power Bank,Accessories,North,5,1906.28,9531.4,1552.18
ORD00363,2024-03-03,CUST0044,Mehak Singh,Microwave,Home Appliances,West,10,24443.41,244434.1,23344.08
ORD00364,2024-03-21,CUST0420,Neha Kapoor,Power Bank,Accessories,West,4,3205.4,12821.6,1862.37
ORD00365,2025-11-24,CUST0463,Arjun Verma,Mouse,Technology,Central,9,1928.05,17352.45,3645.58
ORD00366,2026-04-07,CUST0076,Rohit Sharma,Keyboard,Technology,South,3,1526.09,4578.27,1119.08
ORD00367,2026-04-22,CUST0065,Karan Gupta,Keyboard,Technology,South,7,1129.15,7904.05,714.4
ORD00368,2025-07-23,CUST0428,Sahil Mehta,Washing Machine,Home Appliances,West,2,65361.83,130723.66,8811.49
ORD00369,2025-09-30,CUST0283,Harpreet Malhotra,Washing Machine,Home Appliances,Central,1,45023.79,45023.79,9333.89
ORD00370,2025-08-19,CUST0268,Navjot Gupta,Headphones,Accessories,North,3,5558.87,16676.61,2723.6
ORD00371,2026-06-20,CUST0474,Simran Kumar,Mouse,Technology,East,5,2448.86,12244.3,2736.54
ORD00372,2025-04-29,CUST0450,Navjot Kapoor,Webcam,Accessories,North,8,4755.87,38046.96,6255.1
ORD00373,2025-02-15,CUST0089,Mehak Kumar,Microwave,Home Appliances,North,10,8733.2,87332.0,16257.95
ORD00374,2026-07-07,CUST0203,Mehak Patel,Refrigerator,Home Appliances,East,8,23450.37,187602.96,43930.42
ORD00375,2025-12-02,CUST0011,Aman Patel,Washing Machine,Home Appliances,North,8,34169.36,273354.88,60588.28
ORD00376,2024-11-24,CUST0498,Rohit Malhotra,Table,Furniture,East,8,12512.01,100096.08,20500.3
ORD00377,2025-02-20,CUST0374,Harpreet Sharma,Headphones,Accessories,West,4,3067.29,12269.16,2854.87
ORD00378,2025-12-27,CUST0389,Manpreet Sharma,Television,Home Appliances,Central,3,58797.92,176393.76,11134.57
ORD00379,2024-09-12,CUST0207,Arjun Kaur,Chair,Furniture,North,4,4258.59,17034.36,3703.19
ORD00380,2025-04-20,CUST0234,Priya Kumar,Monitor,Technology,Central,5,27025.12,135125.6,16711.04
ORD00381,2024-06-30,CUST0204,Aman Patel,Laptop,Technology,West,8,54516.29,436130.32,73622.6
ORD00382,2025-12-06,CUST0301,Harpreet Kaur,Washing Machine,Home Appliances,North,5,26502.71,132513.55,26475.18
ORD00383,2024-08-07,CUST0146,Karan Singh,Keyboard,Technology,South,10,1008.53,10085.3,2077.23
ORD00384,2026-06-04,CUST0332,Anjali Singh,Table,Furniture,North,7,11727.09,82089.63,12531.49
ORD00385,2025-09-14,CUST0243,Aman Singh,Table,Furniture,East,1,20028.55,20028.55,1897.79
ORD00386,2024-08-11,CUST0365,Anjali Sharma,Microwave,Home Appliances,West,6,23014.18,138085.08,19580.41
ORD00387,2025-08-31,CUST0155,Anjali Kapoor,Headphones,Accessories,Central,6,1080.82,6484.92,1052.45
ORD00388,2025-10-17,CUST0145,Anjali Singh,Television,Home Appliances,East,6,55947.77,335686.62,83140.24
ORD00389,2025-06-13,CUST0442,Isha Mehta,Washing Machine,Home Appliances,South,5,52118.22,260591.1,22846.55
ORD00390,2026-01-08,CUST0461,Neha Gupta,Mouse,Technology,North,6,1510.25,9061.5,1686.81
ORD00391,2026-01-24,CUST0336,Sahil Verma,Webcam,Accessories,North,7,3705.12,25935.84,3395.51
ORD00392,2025-10-15,CUST0299,Rohit Kapoor,Desk,Furniture,West,4,19257.55,77030.2,14424.95
ORD00393,2024-04-09,CUST0465,Simran Kumar,Washing Machine,Home Appliances,West,9,61961.8,557656.2,48085.12
ORD00394,2024-08-15,CUST0066,Priya Singh,Refrigerator,Home Appliances,East,6,86284.64,517707.84,93646.58
ORD00395,2025-08-22,CUST0115,Anjali Kaur,Microwave,Home Appliances,East,6,20973.72,125842.32,15646.79
ORD00396,2025-09-27,CUST0238,Mehak Singh,Keyboard,Technology,North,10,1025.44,10254.4,1702.87
ORD00397,2025-02-27,CUST0242,Isha Malhotra,Chair,Furniture,North,7,13277.47,92942.29,14496.0
ORD00398,2025-08-06,CUST0446,Simran Kumar,Table,Furniture,West,6,29808.7,178852.2,23579.58
ORD00399,2024-06-30,CUST0074,Mehak Kapoor,Refrigerator,Home Appliances,East,8,74525.88,596207.04,69473.56
ORD00400,2024-06-21,CUST0325,Anjali Singh,Laptop,Technology,Central,4,67123.19,268492.76,54299.61
ORD00401,2025-03-20,CUST0392,Mehak Singh,Sofa,Furniture,West,2,50334.49,100668.98,7638.88
ORD00402,2026-01-18,CUST0207,Arjun Kaur,Power Bank,Accessories,East,1,2409.93,2409.93,377.77
ORD00403,2025-11-23,CUST0487,Anjali Gupta,Monitor,Technology,North,9,28434.89,255914.01,22549.95
ORD00404,2024-04-15,CUST0321,Manpreet Patel,Table,Furniture,West,6,22338.12,134028.72,15067.3
ORD00405,2024-10-24,CUST0258,Arjun Kaur,Refrigerator,Home Appliances,West,1,24570.09,24570.09,2693.88
ORD00406,2026-07-12,CUST0373,Mehak Mehta,Microwave,Home Appliances,West,3,22871.51,68614.53,8134.02
ORD00407,2024-08-17,CUST0184,Neha Verma,Table,Furniture,South,7,28702.11,200914.77,10814.23
ORD00408,2025-10-28,CUST0109,Karan Kumar,Mouse,Technology,North,2,1761.58,3523.16,434.47
ORD00409,2025-10-31,CUST0193,Simran Kaur,Television,Home Appliances,North,1,65483.55,65483.55,11943.81
ORD00410,2025-04-30,CUST0025,Manpreet Sharma,Keyboard,Technology,South,2,2666.12,5332.24,850.26
ORD00411,2024-10-03,CUST0106,Rohit Singh,Monitor,Technology,Central,2,19363.53,38727.06,7067.56
ORD00412,2025-09-24,CUST0311,Sahil Kaur,Sofa,Furniture,North,2,52379.37,104758.74,15956.53
ORD00413,2024-09-26,CUST0145,Anjali Singh,Laptop,Technology,Central,10,69864.34,698643.4,62842.89
ORD00414,2025-07-15,CUST0499,Mehak Mehta,Desk,Furniture,West,5,18772.17,93860.85,7703.6
ORD00415,2024-04-01,CUST0467,Navjot Patel,Sofa,Furniture,North,1,29877.16,29877.16,1570.04
ORD00416,2026-01-10,CUST0428,Sahil Mehta,Speaker,Accessories,North,9,14317.52,128857.68,8376.99
ORD00417,2024-02-21,CUST0464,Arjun Kumar,Refrigerator,Home Appliances,North,5,51972.59,259862.95,26720.41
ORD00418,2024-11-16,CUST0417,Aman Malhotra,Chair,Furniture,West,6,13079.23,78475.38,16504.88
ORD00419,2024-05-21,CUST0379,Neha Kumar,Laptop,Technology,South,1,91074.75,91074.75,4729.92
ORD00420,2024-04-05,CUST0169,Aman Sharma,Microwave,Home Appliances,East,5,24146.69,120733.45,27248.95
ORD00421,2024-10-05,CUST0418,Sahil Kapoor,Refrigerator,Home Appliances,West,7,27968.24,195777.68,47468.65
ORD00422,2025-12-13,CUST0354,Navjot Sharma,Power Bank,Accessories,North,3,3525.16,10575.48,767.9
ORD00423,2025-08-05,CUST0483,Harpreet Kapoor,Chair,Furniture,West,10,7408.36,74083.6,10855.84
ORD00424,2025-05-14,CUST0093,Isha Sharma,Webcam,Accessories,North,3,6696.55,20089.65,2945.46
ORD00425,2024-01-13,CUST0455,Navjot Kumar,Power Bank,Accessories,Central,5,993.08,4965.4,898.71
ORD00426,2025-11-08,CUST0393,Priya Singh,Desk,Furniture,South,10,14901.09,149010.9,10288.97
ORD00427,2025-09-19,CUST0247,Arjun Singh,Microwave,Home Appliances,North,9,8824.43,79419.87,18140.48
ORD00428,2025-05-18,CUST0006,Simran Mehta,Sofa,Furniture,East,3,53334.2,160002.6,10395.86
ORD00429,2025-01-22,CUST0124,Isha Sharma,Washing Machine,Home Appliances,West,4,20618.24,82472.96,13203.85
ORD00430,2026-05-27,CUST0419,Simran Malhotra,Chair,Furniture,West,10,7968.23,79682.3,11125.22
ORD00431,2025-02-26,CUST0229,Rahul Malhotra,Television,Home Appliances,North,1,98357.01,98357.01,6936.99
ORD00432,2026-06-30,CUST0286,Rohit Singh,Laptop,Technology,Central,10,87507.0,875070.0,155331.6
ORD00433,2026-04-16,CUST0288,Harpreet Malhotra,Sofa,Furniture,South,6,57765.98,346595.88,74539.67
ORD00434,2026-01-03,CUST0433,Priya Kapoor,Webcam,Accessories,East,10,6261.28,62612.8,10643.56
ORD00435,2024-12-29,CUST0367,Harpreet Malhotra,Headphones,Accessories,East,4,2071.81,8287.24,418.0
ORD00436,2026-04-21,CUST0281,Navjot Verma,Television,Home Appliances,West,3,18891.14,56673.42,8415.12
ORD00437,2026-04-24,CUST0055,Isha Mehta,Refrigerator,Home Appliances,South,7,33128.04,231896.28,21593.69
ORD00438,2026-05-07,CUST0367,Harpreet Malhotra,Television,Home Appliances,Central,1,79357.69,79357.69,18674.87
ORD00439,2025-05-25,CUST0064,Karan Mehta,Power Bank,Accessories,North,9,3565.52,32089.68,2468.57
ORD00440,2025-06-04,CUST0272,Priya Verma,Mouse,Technology,South,10,2838.27,28382.7,4160.52
ORD00441,2024-11-25,CUST0355,Sahil Mehta,Table,Furniture,Central,10,7588.85,75888.5,12994.55
ORD00442,2024-12-17,CUST0452,Anjali Sharma,Power Bank,Accessories,East,4,4913.9,19655.6,2058.32
ORD00443,2025-12-19,CUST0232,Isha Sharma,Table,Furniture,Central,9,15318.64,137867.76,15135.48
ORD00444,2025-12-04,CUST0441,Neha Verma,Refrigerator,Home Appliances,East,10,34062.24,340622.4,65698.2
ORD00445,2026-02-18,CUST0472,Manpreet Patel,Table,Furniture,East,6,17597.34,105584.04,20279.58
ORD00446,2026-05-17,CUST0288,Harpreet Malhotra,Power Bank,Accessories,West,9,3631.82,32686.38,3503.51
ORD00447,2025-11-17,CUST0414,Karan Gupta,Mouse,Technology,North,7,766.18,5363.26,424.05
ORD00448,2024-03-04,CUST0103,Manpreet Patel,Refrigerator,Home Appliances,East,5,88847.27,444236.35,35221.58
ORD00449,2025-11-22,CUST0105,Rahul Kapoor,Monitor,Technology,Central,2,29978.71,59957.42,10385.93
ORD00450,2024-02-18,CUST0443,Navjot Verma,Sofa,Furniture,West,5,25691.8,128459.0,24225.73
ORD00451,2024-09-14,CUST0199,Neha Verma,Webcam,Accessories,South,1,9709.58,9709.58,510.66
ORD00452,2025-07-13,CUST0318,Isha Kaur,Speaker,Accessories,Central,6,13805.07,82830.42,16650.7
ORD00453,2024-06-26,CUST0101,Navjot Kapoor,Desk,Furniture,Central,2,13425.11,26850.22,2346.58
ORD00454,2024-06-13,CUST0062,Rohit Verma,Headphones,Accessories,Central,9,5713.59,51422.31,5288.68
ORD00455,2026-08-08,CUST0434,Mehak Mehta,Television,Home Appliances,East,3,43097.84,129293.52,7497.49
ORD00456,2025-08-09,CUST0306,Harpreet Verma,Mouse,Technology,Central,5,2607.85,13039.25,1931.25
ORD00457,2026-03-16,CUST0184,Neha Verma,Monitor,Technology,Central,3,22185.67,66557.01,10257.85
ORD00458,2025-11-10,CUST0082,Karan Singh,Power Bank,Accessories,East,4,1186.17,4744.68,1075.52
ORD00459,2025-07-28,CUST0170,Mehak Kapoor,Washing Machine,Home Appliances,North,10,29359.15,293591.5,45829.57
ORD00460,2024-09-06,CUST0059,Rahul Verma,Microwave,Home Appliances,North,10,10566.61,105666.1,24696.44
ORD00461,2025-07-07,CUST0350,Rohit Kapoor,Microwave,Home Appliances,East,2,23402.72,46805.44,5952.49
ORD00462,2024-07-16,CUST0013,Karan Kumar,Microwave,Home Appliances,East,5,15249.29,76246.45,17510.48
ORD00463,2025-10-03,CUST0264,Rahul Mehta,Laptop,Technology,North,9,50043.69,450393.21,70550.12
ORD00464,2025-12-20,CUST0108,Sahil Mehta,Sofa,Furniture,West,4,52604.93,210419.72,33151.8
ORD00465,2024-03-16,CUST0332,Anjali Singh,Smartphone,Technology,North,6,11662.71,69976.26,4029.04
ORD00466,2025-02-21,CUST0092,Rohit Patel,Television,Home Appliances,West,4,63871.8,255487.2,59323.44
ORD00467,2025-07-01,CUST0231,Arjun Gupta,Power Bank,Accessories,North,7,2128.9,14902.3,2751.85
ORD00468,2025-05-29,CUST0329,Neha Kapoor,Mouse,Technology,North,2,613.79,1227.58,149.2
ORD00469,2026-04-21,CUST0149,Anjali Patel,Television,Home Appliances,North,8,38928.98,311431.84,39328.46
ORD00470,2026-05-19,CUST0243,Aman Singh,Table,Furniture,Central,7,8409.54,58866.78,12324.0
ORD00471,2024-01-12,CUST0152,Sahil Sharma,Desk,Furniture,Central,6,18223.07,109338.42,26402.86
ORD00472,2025-07-04,CUST0448,Anjali Patel,Chair,Furniture,Central,10,2543.05,25430.5,4306.17
ORD00473,2026-07-16,CUST0485,Mehak Verma,Monitor,Technology,Central,6,13671.43,82028.58,7575.13
ORD00474,2024-07-04,CUST0073,Karan Malhotra,Table,Furniture,Central,5,10519.7,52598.5,4674.18
ORD00475,2025-11-18,CUST0437,Anjali Gupta,Mouse,Technology,North,9,1653.16,14878.44,961.58
ORD00476,2024-12-31,CUST0129,Priya Patel,Smartphone,Technology,South,8,60791.25,486330.0,116868.98
ORD00477,2024-11-21,CUST0344,Simran Singh,Chair,Furniture,West,2,5706.78,11413.56,2625.39
ORD00478,2025-01-08,CUST0231,Arjun Gupta,Washing Machine,Home Appliances,East,3,54059.82,162179.46,26453.16
ORD00479,2025-12-30,CUST0491,Karan Kapoor,Speaker,Accessories,West,4,1565.23,6260.92,1296.84
ORD00480,2025-04-18,CUST0142,Manpreet Kaur,Refrigerator,Home Appliances,West,6,67570.61,405423.66,91454.32
ORD00481,2024-03-24,CUST0184,Neha Verma,Microwave,Home Appliances,East,3,16481.76,49445.28,8856.16
ORD00482,2026-07-02,CUST0440,Manpreet Verma,Table,Furniture,North,2,11580.87,23161.74,4527.77
ORD00483,2024-02-07,CUST0435,Harpreet Malhotra,Mouse,Technology,Central,10,1947.25,19472.5,1802.22
ORD00484,2025-08-26,CUST0134,Priya Kaur,Speaker,Accessories,East,4,6438.55,25754.2,5879.36
ORD00485,2024-09-01,CUST0069,Sahil Kaur,Headphones,Accessories,Central,9,5364.64,48281.76,2516.37
ORD00486,2025-08-02,CUST0351,Karan Sharma,Table,Furniture,South,3,16155.51,48466.53,7913.2
ORD00487,2024-09-27,CUST0377,Rahul Sharma,Webcam,Accessories,East,8,1843.57,14748.56,1421.02
ORD00488,2026-07-28,CUST0120,Mehak Kumar,Smartphone,Technology,West,6,46251.97,277511.82,35415.68
ORD00489,2025-06-17,CUST0452,Anjali Sharma,Laptop,Technology,East,6,98835.39,593012.34,41893.36
ORD00490,2025-10-31,CUST0428,Sahil Mehta,Refrigerator,Home Appliances,North,7,46366.17,324563.19,39940.54
ORD00491,2024-12-27,CUST0265,Arjun Sharma,Microwave,Home Appliances,East,4,24480.81,97923.24,15009.12
ORD00492,2024-08-23,CUST0250,Sahil Kapoor,Headphones,Accessories,North,3,6520.21,19560.63,2698.97
ORD00493,2026-01-04,CUST0264,Rahul Mehta,Refrigerator,Home Appliances,North,3,30516.83,91550.49,11209.86
ORD00494,2025-05-05,CUST0339,Arjun Kapoor,Sofa,Furniture,West,2,51502.77,103005.54,15070.05
ORD00495,2025-08-29,CUST0108,Sahil Mehta,Sofa,Furniture,South,1,16010.07,16010.07,1209.99
ORD00496,2024-07-03,CUST0069,Sahil Kaur,Mouse,Technology,Central,3,867.16,2601.48,264.45
ORD00497,2024-08-09,CUST0491,Karan Kapoor,Headphones,Accessories,West,5,10663.6,53318.0,12767.04
ORD00498,2026-03-24,CUST0311,Sahil Kaur,Power Bank,Accessories,Central,7,1516.38,10614.66,1806.27
ORD00499,2025-09-02,CUST0421,Navjot Singh,Desk,Furniture,Central,6,7522.16,45132.96,10582.34
ORD00500,2025-06-19,CUST0036,Simran Kumar,Sofa,Furniture,Central,2,32345.78,64691.56,3448.87
ORD00501,2025-09-21,CUST0351,Karan Sharma,Speaker,Accessories,Central,3,9674.4,29023.2,4213.41
ORD00502,2025-07-06,CUST0020,Manpreet Gupta,Laptop,Technology,North,3,68934.46,206803.38,47646.87
ORD00503,2025-03-15,CUST0460,Navjot Patel,Power Bank,Accessories,South,1,2355.59,2355.59,446.45
ORD00504,2024-05-17,CUST0481,Rohit Verma,Power Bank,Accessories,East,10,2272.17,22721.7,1580.14
ORD00505,2024-07-12,CUST0245,Manpreet Malhotra,Chair,Furniture,North,9,5682.47,51142.23,6736.93
ORD00506,2025-11-01,CUST0364,Arjun Malhotra,Mouse,Technology,South,9,1806.35,16257.15,836.25
ORD00507,2025-08-22,CUST0353,Karan Mehta,Microwave,Home Appliances,East,3,12883.13,38649.39,5225.95
ORD00508,2025-02-27,CUST0134,Priya Kaur,Webcam,Accessories,Central,7,6700.99,46906.93,9428.03
ORD00509,2024-11-10,CUST0402,Mehak Sharma,Speaker,Accessories,Central,9,6497.88,58480.92,8582.19
ORD00510,2025-04-02,CUST0177,Karan Kaur,Speaker,Accessories,South,2,13042.49,26084.98,5205.59
ORD00511,2025-12-01,CUST0052,Manpreet Gupta,Sofa,Furniture,North,9,50373.65,453362.85,78343.4
ORD00512,2025-09-06,CUST0083,Anjali Sharma,Headphones,Accessories,West,3,9848.06,29544.18,4264.22
ORD00513,2026-01-11,CUST0046,Rahul Kapoor,Monitor,Technology,West,2,13987.8,27975.6,4806.37
ORD00514,2026-03-03,CUST0477,Arjun Sharma,Webcam,Accessories,South,10,7548.65,75486.5,4641.86
ORD00515,2024-02-04,CUST0328,Rohit Mehta,Power Bank,Accessories,Central,9,844.98,7604.82,815.25
ORD00516,2024-01-01,CUST0262,Neha Sharma,Table,Furniture,South,6,21850.61,131103.66,12828.67
ORD00517,2024-07-24,CUST0045,Rohit Kumar,Microwave,Home Appliances,Central,7,12709.43,88966.01,11662.57
ORD00518,2024-12-22,CUST0008,Aman Kaur,Laptop,Technology,East,9,72975.56,656780.04,153030.93
ORD00519,2025-02-17,CUST0494,Rahul Singh,Refrigerator,Home Appliances,Central,4,62445.44,249781.76,35207.19
ORD00520,2025-05-30,CUST0003,Priya Kumar,Refrigerator,Home Appliances,East,2,48499.42,96998.84,15687.25
ORD00521,2025-08-11,CUST0175,Simran Mehta,Mouse,Technology,East,9,2891.77,26025.93,5533.88
ORD00522,2026-03-05,CUST0356,Karan Kapoor,Power Bank,Accessories,West,4,3165.31,12661.24,2551.17
ORD00523,2025-10-10,CUST0349,Karan Gupta,Headphones,Accessories,South,5,6301.67,31508.35,2001.12
ORD00524,2024-01-10,CUST0347,Navjot Kumar,Desk,Furniture,East,6,12660.95,75965.7,11645.61
ORD00525,2026-08-11,CUST0128,Harpreet Kapoor,Television,Home Appliances,South,6,48909.1,293454.6,19134.93
ORD00526,2026-08-27,CUST0244,Navjot Gupta,Washing Machine,Home Appliances,South,10,29365.44,293654.4,30485.78
ORD00527,2024-07-26,CUST0256,Harpreet Kumar,Table,Furniture,South,5,23385.73,116928.65,10682.1
ORD00528,2025-11-23,CUST0429,Arjun Gupta,Refrigerator,Home Appliances,West,2,74525.69,149051.38,34883.63
ORD00529,2024-11-18,CUST0315,Anjali Malhotra,Mouse,Technology,West,8,2894.98,23159.84,2877.36
ORD00530,2024-08-15,CUST0460,Navjot Patel,Microwave,Home Appliances,Central,9,9474.57,85271.13,9043.29
ORD00531,2024-02-03,CUST0066,Priya Singh,Mouse,Technology,Central,8,2498.17,19985.36,4755.13
ORD00532,2025-04-16,CUST0178,Isha Mehta,Speaker,Accessories,East,2,7672.15,15344.3,2910.03
ORD00533,2024-11-29,CUST0353,Karan Mehta,Laptop,Technology,East,7,80446.18,563123.26,93592.01
ORD00534,2025-09-19,CUST0314,Priya Malhotra,Refrigerator,Home Appliances,East,4,58399.44,233597.76,24266.52
ORD00535,2025-01-16,CUST0188,Harpreet Verma,Sofa,Furniture,East,7,34077.43,238542.01,45356.98
ORD00536,2025-08-12,CUST0438,Rahul Kapoor,Webcam,Accessories,South,10,5331.2,53312.0,4063.86
ORD00537,2025-01-25,CUST0417,Aman Malhotra,Monitor,Technology,South,9,29710.36,267393.24,36484.14
ORD00538,2024-05-17,CUST0075,Rohit Verma,Sofa,Furniture,Central,3,51255.08,153765.24,20651.31
ORD00539,2024-02-18,CUST0274,Aman Patel,Microwave,Home Appliances,West,9,11700.65,105305.85,23346.35
ORD00540,2025-10-06,CUST0051,Priya Sharma,Chair,Furniture,North,5,4801.08,24005.4,3488.17
ORD00541,2026-04-09,CUST0231,Arjun Gupta,Washing Machine,Home Appliances,East,9,36770.03,330930.27,53444.68
ORD00542,2025-08-12,CUST0177,Karan Kaur,Keyboard,Technology,Central,10,1309.2,13092.0,1175.55
ORD00543,2026-01-24,CUST0090,Rahul Gupta,Washing Machine,Home Appliances,West,9,34904.69,314142.21,46335.58
ORD00544,2024-05-28,CUST0456,Arjun Mehta,Keyboard,Technology,South,8,3377.39,27019.12,4764.62
ORD00545,2026-07-17,CUST0328,Rohit Mehta,Microwave,Home Appliances,North,10,17994.19,179941.9,23564.21
ORD00546,2025-12-28,CUST0041,Neha Kumar,Desk,Furniture,East,6,8792.58,52755.48,9527.78
ORD00547,2025-06-17,CUST0310,Anjali Mehta,Webcam,Accessories,West,6,9045.38,54272.28,10831.61
ORD00548,2025-11-08,CUST0212,Priya Gupta,Table,Furniture,East,3,26355.3,79065.9,15461.69
ORD00549,2026-08-17,CUST0482,Navjot Singh,Smartphone,Technology,West,2,21683.73,43367.46,2997.16
ORD00550,2024-03-26,CUST0281,Navjot Verma,Laptop,Technology,North,9,86256.02,776304.18,157589.19
ORD00551,2024-09-10,CUST0135,Simran Malhotra,Chair,Furniture,East,7,10512.82,73589.74,8232.79
ORD00552,2025-11-10,CUST0227,Sahil Gupta,Table,Furniture,East,3,18168.56,54505.68,3036.74
ORD00553,2025-07-15,CUST0441,Neha Verma,Microwave,Home Appliances,West,9,14876.68,133890.12,31728.14
ORD00554,2025-10-17,CUST0070,Rahul Singh,Sofa,Furniture,Central,10,43397.14,433971.4,59452.12
ORD00555,2025-01-09,CUST0159,Aman Malhotra,Microwave,Home Appliances,West,2,16253.69,32507.38,4498.11
ORD00556,2026-05-18,CUST0134,Priya Kaur,Desk,Furniture,South,9,4221.67,37995.03,8095.83
ORD00557,2025-05-03,CUST0177,Karan Kaur,Microwave,Home Appliances,East,8,16166.88,129335.04,30961.71
ORD00558,2024-07-12,CUST0005,Harpreet Patel,Webcam,Accessories,West,1,6574.53,6574.53,1049.57
ORD00559,2024-08-13,CUST0452,Anjali Sharma,Power Bank,Accessories,East,7,1849.56,12946.92,2792.46
ORD00560,2025-12-02,CUST0041,Neha Kumar,Speaker,Accessories,East,10,8474.24,84742.4,17924.29
ORD00561,2024-10-23,CUST0146,Karan Singh,Microwave,Home Appliances,North,2,9572.01,19144.02,1655.6
ORD00562,2024-11-24,CUST0327,Harpreet Patel,Power Bank,Accessories,North,10,1942.96,19429.6,2883.34
ORD00563,2024-05-08,CUST0078,Harpreet Patel,Mouse,Technology,West,2,555.33,1110.66,118.2
ORD00564,2024-12-16,CUST0373,Mehak Mehta,Smartphone,Technology,West,1,16313.79,16313.79,2426.12
ORD00565,2026-05-13,CUST0160,Arjun Kapoor,Webcam,Accessories,South,1,5441.32,5441.32,631.46
ORD00566,2026-07-06,CUST0029,Simran Patel,Microwave,Home Appliances,East,8,7356.31,58850.48,5080.02
ORD00567,2025-03-29,CUST0419,Simran Malhotra,Headphones,Accessories,South,4,2341.58,9366.32,1189.14
ORD00568,2024-08-01,CUST0378,Arjun Malhotra,Smartphone,Technology,West,2,42258.42,84516.84,13034.85
ORD00569,2025-07-16,CUST0200,Rahul Kapoor,Washing Machine,Home Appliances,Central,1,26247.79,26247.79,5221.86
ORD00570,2024-02-23,CUST0063,Navjot Mehta,Microwave,Home Appliances,South,4,18131.88,72527.52,8854.55
ORD00571,2026-03-24,CUST0499,Mehak Mehta,Smartphone,Technology,East,6,54303.63,325821.78,17272.97
ORD00572,2025-08-18,CUST0300,Manpreet Singh,Keyboard,Technology,West,1,4114.4,4114.4,1002.95
ORD00573,2024-04-03,CUST0353,Karan Mehta,Desk,Furniture,Central,4,20186.74,80746.96,6584.08
ORD00574,2026-03-21,CUST0174,Sahil Singh,Laptop,Technology,North,3,61331.06,183993.18,35007.58
ORD00575,2026-02-13,CUST0065,Karan Gupta,Speaker,Accessories,East,9,5775.98,51983.82,10797.68
ORD00576,2024-05-17,CUST0413,Neha Patel,Speaker,Accessories,East,7,1788.26,12517.82,1522.59
ORD00577,2025-12-14,CUST0461,Neha Gupta,Keyboard,Technology,West,9,3767.83,33910.47,3694.31
ORD00578,2026-05-01,CUST0098,Priya Sharma,Desk,Furniture,Central,8,10797.3,86378.4,9075.34
ORD00579,2024-09-26,CUST0469,Priya Kumar,Chair,Furniture,Central,8,8904.79,71238.32,7774.56
ORD00580,2024-07-08,CUST0188,Harpreet Verma,Headphones,Accessories,North,9,9535.1,85815.9,10796.39
ORD00581,2025-07-05,CUST0318,Isha Kaur,Refrigerator,Home Appliances,West,2,42448.59,84897.18,15422.24
ORD00582,2024-11-25,CUST0098,Priya Sharma,Speaker,Accessories,North,6,9776.03,58656.18,7740.32
ORD00583,2024-02-02,CUST0050,Sahil Sharma,Laptop,Technology,South,3,90111.6,270334.8,23175.2
ORD00584,2025-02-01,CUST0055,Isha Mehta,Speaker,Accessories,West,10,2833.17,28331.7,5052.97
ORD00585,2024-01-14,CUST0270,Rohit Kaur,Television,Home Appliances,South,10,46140.09,461400.9,89312.93
ORD00586,2026-01-31,CUST0336,Sahil Verma,Headphones,Accessories,West,1,6148.65,6148.65,751.27
ORD00587,2026-01-21,CUST0421,Navjot Singh,Television,Home Appliances,North,5,85009.65,425048.25,66224.29
ORD00588,2026-01-12,CUST0428,Sahil Mehta,Television,Home Appliances,South,9,95291.3,857621.7,59539.4
ORD00589,2026-08-28,CUST0273,Aman Malhotra,Speaker,Accessories,South,4,4107.11,16428.44,2694.36
ORD00590,2025-04-14,CUST0286,Rohit Singh,Headphones,Accessories,West,10,9429.12,94291.2,11465.12
ORD00591,2024-12-11,CUST0453,Simran Verma,Smartphone,Technology,South,9,65472.31,589250.79,76786.12
ORD00592,2024-11-28,CUST0274,Aman Patel,Webcam,Accessories,East,9,9171.12,82540.08,20494.09
ORD00593,2025-01-19,CUST0212,Priya Gupta,Webcam,Accessories,Central,10,6671.51,66715.1,10616.06
ORD00594,2024-01-01,CUST0475,Arjun Kumar,Washing Machine,Home Appliances,North,8,68005.89,544047.12,131640.3
ORD00595,2024-08-15,CUST0146,Karan Singh,Mouse,Technology,South,5,837.71,4188.55,214.93
ORD00596,2025-06-07,CUST0439,Priya Gupta,Television,Home Appliances,Central,5,80579.46,402897.3,94206.42
ORD00597,2024-09-28,CUST0293,Arjun Verma,Chair,Furniture,East,6,2490.57,14943.42,1213.73
ORD00598,2025-02-13,CUST0456,Arjun Mehta,Table,Furniture,Central,5,11406.1,57030.5,3899.8
ORD00599,2026-04-25,CUST0470,Navjot Kapoor,Chair,Furniture,Central,8,11406.55,91252.4,7718.17
ORD00600,2025-08-13,CUST0420,Neha Kapoor,Mouse,Technology,West,1,2105.64,2105.64,413.04
ORD00601,2026-06-07,CUST0041,Neha Kumar,Monitor,Technology,North,7,17394.12,121758.84,16230.98
ORD00602,2025-06-20,CUST0446,Simran Kumar,Chair,Furniture,North,7,10240.53,71683.71,4360.2
ORD00603,2025-11-20,CUST0164,Rahul Kumar,Desk,Furniture,West,4,14550.43,58201.72,4693.36
ORD00604,2024-05-31,CUST0498,Rohit Malhotra,Headphones,Accessories,South,5,3442.94,17214.7,3568.15
ORD00605,2024-09-25,CUST0173,Rohit Kaur,Keyboard,Technology,North,1,3200.05,3200.05,510.83
ORD00606,2025-05-14,CUST0205,Arjun Kaur,Speaker,Accessories,West,8,11787.44,94299.52,15263.25
ORD00607,2024-11-27,CUST0334,Anjali Verma,Table,Furniture,Central,5,11057.88,55289.4,11353.92
ORD00608,2024-12-18,CUST0046,Rahul Kapoor,Keyboard,Technology,Central,6,2578.87,15473.22,1363.16
ORD00609,2026-04-02,CUST0336,Sahil Verma,Monitor,Technology,West,6,12569.89,75419.34,13065.96
ORD00610,2025-01-17,CUST0320,Priya Singh,Sofa,Furniture,South,4,17019.49,68077.96,6122.73
ORD00611,2026-08-06,CUST0388,Manpreet Sharma,Laptop,Technology,South,4,84374.9,337499.6,80928.42
ORD00612,2025-04-27,CUST0445,Rohit Kumar,Television,Home Appliances,North,2,44178.07,88356.14,9809.62
ORD00613,2025-07-15,CUST0170,Mehak Kapoor,Table,Furniture,West,9,10095.03,90855.27,18177.51
ORD00614,2024-06-23,CUST0319,Manpreet Malhotra,Chair,Furniture,North,9,6895.89,62063.01,3642.88
ORD00615,2025-11-07,CUST0146,Karan Singh,Desk,Furniture,East,1,5114.79,5114.79,323.87
ORD00616,2025-01-24,CUST0340,Simran Verma,Television,Home Appliances,Central,7,16621.66,116351.62,11196.95
ORD00617,2024-07-09,CUST0364,Arjun Malhotra,Monitor,Technology,South,10,21085.88,210858.8,32959.79
ORD00618,2025-05-16,CUST0257,Karan Gupta,Headphones,Accessories,West,9,1437.28,12935.52,1435.66
ORD00619,2024-11-05,CUST0382,Arjun Malhotra,Chair,Furniture,South,6,6508.14,39048.84,4727.86
ORD00620,2026-04-14,CUST0257,Karan Gupta,Television,Home Appliances,North,7,68192.35,477346.45,108873.38
ORD00621,2024-03-30,CUST0484,Simran Sharma,Refrigerator,Home Appliances,West,7,30619.57,214336.99,38877.8
ORD00622,2024-11-15,CUST0267,Karan Gupta,Sofa,Furniture,Central,3,25816.24,77448.72,10478.27
ORD00623,2025-12-01,CUST0169,Aman Sharma,Speaker,Accessories,South,3,4291.22,12873.66,2139.68
ORD00624,2025-03-16,CUST0442,Isha Mehta,Desk,Furniture,South,9,18459.17,166132.53,38528.22
ORD00625,2024-05-01,CUST0336,Sahil Verma,Desk,Furniture,South,9,5424.09,48816.81,11702.38
ORD00626,2024-11-06,CUST0163,Harpreet Kapoor,Chair,Furniture,West,7,11950.66,83654.62,20264.43
ORD00627,2024-01-27,CUST0382,Arjun Malhotra,Refrigerator,Home Appliances,Central,2,74537.55,149075.1,11375.8
ORD00628,2025-01-02,CUST0316,Priya Singh,Refrigerator,Home Appliances,North,4,61745.25,246981.0,46302.91
ORD00629,2025-10-27,CUST0353,Karan Mehta,Speaker,Accessories,East,10,8281.38,82813.8,11904.71
ORD00630,2024-02-03,CUST0095,Anjali Sharma,Power Bank,Accessories,West,3,2790.16,8370.48,742.06
ORD00631,2024-07-26,CUST0392,Mehak Singh,Monitor,Technology,South,4,33655.35,134621.4,26718.76
ORD00632,2026-06-06,CUST0034,Aman Kumar,Sofa,Furniture,West,8,54020.81,432166.48,81062.56
ORD00633,2026-04-24,CUST0455,Navjot Kumar,Sofa,Furniture,West,1,33219.0,33219.0,5699.92
ORD00634,2025-06-21,CUST0369,Sahil Kapoor,Microwave,Home Appliances,North,10,17618.59,176185.9,29733.34
ORD00635,2024-09-08,CUST0267,Karan Gupta,Keyboard,Technology,Central,1,2718.98,2718.98,613.28
ORD00636,2024-02-20,CUST0276,Harpreet Kumar,Headphones,Accessories,South,9,7134.71,64212.39,13037.17
ORD00637,2025-03-08,CUST0150,Simran Sharma,Power Bank,Accessories,East,5,4514.47,22572.35,3211.36
ORD00638,2025-04-07,CUST0314,Priya Malhotra,Mouse,Technology,North,8,2759.19,22073.52,4767.41
ORD00639,2025-02-27,CUST0370,Isha Singh,Smartphone,Technology,East,9,64511.18,580600.62,44741.86
ORD00640,2024-04-02,CUST0231,Arjun Gupta,Smartphone,Technology,East,4,41757.65,167030.6,37834.05
ORD00641,2024-03-28,CUST0166,Aman Mehta,Chair,Furniture,Central,8,3185.49,25483.92,4505.93
ORD00642,2024-06-23,CUST0363,Anjali Kumar,Speaker,Accessories,East,7,6612.16,46285.12,2720.7
ORD00643,2024-02-22,CUST0290,Mehak Mehta,Table,Furniture,West,3,26720.46,80161.38,16339.4
ORD00644,2024-05-14,CUST0158,Rahul Malhotra,Microwave,Home Appliances,South,3,11486.83,34460.49,2533.22
ORD00645,2024-01-06,CUST0002,Aman Verma,Television,Home Appliances,Central,8,53984.63,431877.04,68538.99
ORD00646,2025-03-28,CUST0452,Anjali Sharma,Speaker,Accessories,North,8,4427.8,35422.4,4985.62
ORD00647,2025-07-24,CUST0308,Rahul Sharma,Smartphone,Technology,South,5,71751.75,358758.75,62407.24
ORD00648,2026-05-24,CUST0026,Navjot Kapoor,Table,Furniture,North,6,6376.6,38259.6,2193.97
ORD00649,2024-07-01,CUST0342,Neha Gupta,Washing Machine,Home Appliances,South,1,65860.0,65860.0,4727.27
ORD00650,2024-02-06,CUST0345,Rahul Kumar,Refrigerator,Home Appliances,North,10,87640.53,876405.3,106954.51
ORD00651,2026-02-15,CUST0394,Anjali Kaur,Washing Machine,Home Appliances,West,7,37165.61,260159.27,55687.86
ORD00652,2024-10-08,CUST0432,Arjun Kapoor,Monitor,Technology,East,2,20712.05,41424.1,7826.0
ORD00653,2025-08-08,CUST0270,Rohit Kaur,Speaker,Accessories,Central,10,10893.7,108937.0,6714.54
ORD00654,2025-08-11,CUST0045,Rohit Kumar,Webcam,Accessories,Central,6,5129.96,30779.76,3137.44
ORD00655,2024-07-03,CUST0182,Karan Mehta,Sofa,Furniture,Central,8,38386.76,307094.08,45603.74
ORD00656,2026-03-26,CUST0120,Mehak Kumar,Refrigerator,Home Appliances,North,1,20110.66,20110.66,2875.36
ORD00657,2026-04-05,CUST0378,Arjun Malhotra,Sofa,Furniture,South,6,33631.85,201791.1,24200.81
ORD00658,2025-06-02,CUST0006,Simran Mehta,Desk,Furniture,Central,2,9342.77,18685.54,2084.46
ORD00659,2025-08-05,CUST0166,Aman Mehta,Laptop,Technology,Central,6,81150.15,486900.9,62912.4
ORD00660,2025-05-05,CUST0492,Simran Mehta,Smartphone,Technology,West,6,23581.09,141486.54,33172.36
ORD00661,2025-07-03,CUST0409,Sahil Mehta,Smartphone,Technology,East,8,43704.69,349637.52,79861.29
ORD00662,2025-11-25,CUST0237,Isha Malhotra,Headphones,Accessories,East,5,10186.16,50930.8,8301.14
ORD00663,2026-06-28,CUST0285,Navjot Verma,Smartphone,Technology,East,6,50417.83,302506.98,63498.35
ORD00664,2025-10-03,CUST0034,Aman Kumar,Desk,Furniture,Central,6,21655.52,129933.12,32057.59
ORD00665,2026-02-08,CUST0432,Arjun Kapoor,Sofa,Furniture,East,2,23432.05,46864.1,10446.89
ORD00666,2024-08-31,CUST0362,Isha Kumar,Television,Home Appliances,East,2,38077.28,76154.56,11378.32
ORD00667,2026-03-14,CUST0232,Isha Sharma,Refrigerator,Home Appliances,North,3,56757.03,170271.09,12335.5
ORD00668,2026-07-15,CUST0399,Mehak Kaur,Chair,Furniture,Central,1,7769.06,7769.06,1629.99
ORD00669,2024-12-01,CUST0079,Manpreet Verma,Desk,Furniture,South,9,23396.37,210567.33,23598.65
ORD00670,2024-02-07,CUST0394,Anjali Kaur,Mouse,Technology,West,3,2191.79,6575.37,598.6
ORD00671,2025-08-31,CUST0199,Neha Verma,Laptop,Technology,North,1,58658.88,58658.88,10993.29
ORD00672,2026-02-15,CUST0171,Rohit Patel,Headphones,Accessories,East,5,2134.13,10670.65,581.51
ORD00673,2024-11-22,CUST0328,Rohit Mehta,Desk,Furniture,West,5,8211.67,41058.35,4324.67
ORD00674,2025-09-29,CUST0344,Simran Singh,Monitor,Technology,Central,5,12031.66,60158.3,4385.06
ORD00675,2024-05-24,CUST0264,Rahul Mehta,Smartphone,Technology,East,9,47977.01,431793.09,49093.57
ORD00676,2025-07-07,CUST0294,Priya Malhotra,Table,Furniture,West,10,6781.07,67810.7,15491.26
ORD00677,2024-02-25,CUST0026,Navjot Kapoor,Chair,Furniture,North,1,8119.56,8119.56,577.99
ORD00678,2025-12-07,CUST0219,Neha Singh,Speaker,Accessories,West,10,11013.15,110131.5,19371.49
ORD00679,2025-11-17,CUST0316,Priya Singh,Washing Machine,Home Appliances,Central,4,35281.27,141125.08,27177.83
ORD00680,2024-11-13,CUST0041,Neha Kumar,Speaker,Accessories,West,8,2754.37,22034.96,1530.39
ORD00681,2025-01-07,CUST0241,Manpreet Singh,Table,Furniture,West,10,8593.04,85930.4,8731.44
ORD00682,2024-04-25,CUST0094,Mehak Gupta,Washing Machine,Home Appliances,East,1,41570.72,41570.72,2621.99
ORD00683,2024-05-10,CUST0246,Manpreet Kumar,Speaker,Accessories,Central,6,5310.47,31862.82,5444.98
ORD00684,2025-06-29,CUST0053,Karan Verma,Headphones,Accessories,West,2,4584.57,9169.14,1911.64
ORD00685,2025-05-08,CUST0206,Isha Singh,Speaker,Accessories,West,9,9881.81,88936.29,7275.35
ORD00686,2025-03-21,CUST0034,Aman Kumar,Refrigerator,Home Appliances,Central,10,76974.1,769741.0,104861.59
ORD00687,2025-12-29,CUST0404,Mehak Malhotra,Refrigerator,Home Appliances,Central,2,32115.98,64231.96,12709.8
ORD00688,2024-04-09,CUST0429,Arjun Gupta,Headphones,Accessories,West,8,7513.79,60110.32,6917.23
ORD00689,2025-09-02,CUST0091,Manpreet Singh,Microwave,Home Appliances,West,2,7322.55,14645.1,2740.12
ORD00690,2026-07-13,CUST0168,Aman Gupta,Headphones,Accessories,North,3,1995.86,5987.58,1361.89
ORD00691,2025-08-14,CUST0388,Manpreet Sharma,Table,Furniture,West,5,16324.36,81621.8,10447.31
ORD00692,2026-08-17,CUST0101,Navjot Kapoor,Desk,Furniture,West,5,10294.44,51472.2,12029.07
ORD00693,2025-02-17,CUST0368,Navjot Singh,Television,Home Appliances,South,10,64531.79,645317.9,159577.0
ORD00694,2024-01-01,CUST0437,Anjali Gupta,Television,Home Appliances,Central,9,46383.95,417455.55,101683.78
ORD00695,2025-12-20,CUST0421,Navjot Singh,Television,Home Appliances,Central,1,88206.07,88206.07,8560.24
ORD00696,2025-11-09,CUST0202,Navjot Verma,Microwave,Home Appliances,South,7,13714.62,96002.34,15266.65
ORD00697,2024-06-06,CUST0244,Navjot Gupta,Table,Furniture,East,6,18885.54,113313.24,24701.44
ORD00698,2026-06-25,CUST0447,Navjot Malhotra,Table,Furniture,West,1,5290.07,5290.07,416.85
ORD00699,2026-07-04,CUST0337,Manpreet Patel,Speaker,Accessories,Central,7,2642.96,18500.72,4107.73
ORD00700,2025-04-05,CUST0477,Arjun Sharma,Speaker,Accessories,West,7,7634.32,53440.24,8572.35
ORD00701,2026-05-17,CUST0182,Karan Mehta,Table,Furniture,South,1,15619.3,15619.3,2586.36
ORD00702,2024-02-08,CUST0365,Anjali Sharma,Microwave,Home Appliances,Central,10,23604.72,236047.2,29126.81
ORD00703,2026-01-18,CUST0248,Manpreet Kaur,Television,Home Appliances,Central,2,64322.85,128645.7,10088.07
ORD00704,2024-03-31,CUST0440,Manpreet Verma,Microwave,Home Appliances,South,9,15822.04,142398.36,32464.42
ORD00705,2026-07-14,CUST0242,Isha Malhotra,Mouse,Technology,East,5,2495.25,12476.25,2153.5
ORD00706,2024-12-05,CUST0274,Aman Patel,Keyboard,Technology,West,8,2706.95,21655.6,3568.69
ORD00707,2026-01-14,CUST0181,Mehak Kaur,Washing Machine,Home Appliances,Central,10,26710.42,267104.2,53390.14
ORD00708,2024-10-25,CUST0134,Priya Kaur,Keyboard,Technology,Central,10,3228.19,32281.9,1947.37
ORD00709,2026-03-13,CUST0014,Anjali Mehta,Microwave,Home Appliances,East,9,7567.69,68109.21,4452.47
ORD00710,2024-04-24,CUST0130,Rahul Mehta,Desk,Furniture,Central,5,9779.56,48897.8,2583.79
ORD00711,2025-12-18,CUST0090,Rahul Gupta,Sofa,Furniture,South,3,31639.51,94918.53,9705.47
ORD00712,2025-09-01,CUST0249,Karan Sharma,Chair,Furniture,South,2,6457.02,12914.04,3144.17
ORD00713,2026-01-13,CUST0429,Arjun Gupta,Power Bank,Accessories,South,4,4035.54,16142.16,2940.03
ORD00714,2025-04-20,CUST0108,Sahil Mehta,Television,Home Appliances,West,2,69592.19,139184.38,8421.3
ORD00715,2025-11-30,CUST0244,Navjot Gupta,Microwave,Home Appliances,West,9,20176.86,181591.74,17565.78
ORD00716,2026-08-07,CUST0243,Aman Singh,Refrigerator,Home Appliances,West,7,57130.95,399916.65,20944.68
ORD00717,2026-05-14,CUST0196,Rahul Gupta,Television,Home Appliances,West,9,23275.97,209483.73,37180.18
ORD00718,2025-08-21,CUST0313,Isha Mehta,Washing Machine,Home Appliances,West,2,32056.96,64113.92,6479.92
ORD00719,2024-01-11,CUST0237,Isha Malhotra,Table,Furniture,North,3,17998.81,53996.43,6082.91
ORD00720,2025-04-01,CUST0426,Manpreet Kapoor,Laptop,Technology,East,9,64674.93,582074.37,41200.07
ORD00721,2024-02-28,CUST0113,Karan Gupta,Washing Machine,Home Appliances,Central,1,28040.14,28040.14,4875.6
ORD00722,2025-09-11,CUST0337,Manpreet Patel,Chair,Furniture,South,2,11204.98,22409.96,1507.68
ORD00723,2025-11-07,CUST0193,Simran Kaur,Chair,Furniture,North,5,11043.5,55217.5,6013.94
ORD00724,2026-03-10,CUST0328,Rohit Mehta,Webcam,Accessories,North,6,8039.55,48237.3,4894.51
ORD00725,2026-04-12,CUST0142,Manpreet Kaur,Keyboard,Technology,East,1,2432.08,2432.08,247.22
ORD00726,2024-07-01,CUST0092,Rohit Patel,Headphones,Accessories,West,4,6408.94,25635.76,4410.9
ORD00727,2026-01-02,CUST0056,Isha Gupta,Sofa,Furniture,East,2,24827.39,49654.78,11545.82
ORD00728,2024-01-20,CUST0053,Karan Verma,Laptop,Technology,West,5,44224.74,221123.7,45429.3
ORD00729,2024-12-03,CUST0077,Harpreet Kaur,Laptop,Technology,West,5,79876.35,399381.75,32078.94
ORD00730,2025-02-17,CUST0295,Manpreet Mehta,Mouse,Technology,North,8,2269.01,18152.08,2643.45
ORD00731,2025-07-02,CUST0277,Neha Malhotra,Chair,Furniture,East,8,6997.51,55980.08,4156.0
ORD00732,2026-05-23,CUST0171,Rohit Patel,Microwave,Home Appliances,East,2,7048.7,14097.4,1734.98
ORD00733,2025-01-28,CUST0042,Harpreet Verma,Webcam,Accessories,South,3,7006.24,21018.72,3381.81
ORD00734,2026-06-25,CUST0154,Rahul Malhotra,Headphones,Accessories,West,6,7936.79,47620.74,7014.57
ORD00735,2025-08-30,CUST0377,Rahul Sharma,Table,Furniture,South,1,5892.46,5892.46,1142.83
ORD00736,2026-05-04,CUST0251,Priya Kumar,Headphones,Accessories,West,5,9720.13,48600.65,7287.03
ORD00737,2024-02-13,CUST0495,Manpreet Mehta,Laptop,Technology,West,6,60357.11,362142.66,75164.78
ORD00738,2025-08-16,CUST0061,Navjot Patel,Sofa,Furniture,South,9,57304.04,515736.36,41150.98
ORD00739,2025-04-27,CUST0474,Simran Kumar,Laptop,Technology,Central,8,84127.58,673020.64,121659.45
ORD00740,2026-04-20,CUST0024,Mehak Verma,Table,Furniture,North,1,5359.13,5359.13,1237.6
ORD00741,2025-09-01,CUST0234,Priya Kumar,Chair,Furniture,Central,2,12631.4,25262.8,1840.04
ORD00742,2025-12-01,CUST0113,Karan Gupta,Smartphone,Technology,Central,7,39834.8,278843.6,32024.35
ORD00743,2025-08-30,CUST0280,Harpreet Kaur,Desk,Furniture,South,4,21564.97,86259.88,17497.44
ORD00744,2025-01-13,CUST0172,Rahul Sharma,Laptop,Technology,Central,7,56433.6,395035.2,33028.96
ORD00745,2026-03-21,CUST0085,Rohit Singh,Speaker,Accessories,Central,1,13996.62,13996.62,1073.18
ORD00746,2024-07-02,CUST0193,Simran Kaur,Chair,Furniture,North,2,13435.15,26870.3,1377.64
ORD00747,2024-07-30,CUST0362,Isha Kumar,Microwave,Home Appliances,South,8,19176.57,153412.56,28913.92
ORD00748,2024-02-08,CUST0328,Rohit Mehta,Microwave,Home Appliances,Central,3,13828.6,41485.8,7140.02
ORD00749,2024-01-05,CUST0093,Isha Sharma,Headphones,Accessories,Central,5,7899.11,39495.55,4722.51
ORD00750,2026-06-02,CUST0121,Aman Kaur,Chair,Furniture,Central,2,14825.85,29651.7,5153.0
ORD00751,2024-07-17,CUST0260,Neha Patel,Sofa,Furniture,North,4,49664.91,198659.64,20915.94
ORD00752,2024-02-14,CUST0408,Simran Verma,Sofa,Furniture,North,3,37388.17,112164.51,20641.47
ORD00753,2026-04-04,CUST0331,Karan Patel,Washing Machine,Home Appliances,West,5,28898.67,144493.35,16885.34
ORD00754,2024-01-30,CUST0023,Neha Gupta,Laptop,Technology,West,3,95491.68,286475.04,23378.98
ORD00755,2024-11-29,CUST0264,Rahul Mehta,Laptop,Technology,West,8,93704.75,749638.0,126344.99
ORD00756,2024-08-30,CUST0102,Sahil Kaur,Refrigerator,Home Appliances,West,6,74528.27,447169.62,42729.92
ORD00757,2025-05-11,CUST0446,Simran Kumar,Sofa,Furniture,North,2,55111.43,110222.86,15893.92
ORD00758,2025-01-31,CUST0456,Arjun Mehta,Speaker,Accessories,East,10,4418.23,44182.3,6229.62
ORD00759,2024-05-10,CUST0070,Rahul Singh,Speaker,Accessories,North,5,10032.29,50161.45,4536.71
ORD00760,2024-06-24,CUST0355,Sahil Mehta,Monitor,Technology,East,8,11685.54,93484.32,13248.2
ORD00761,2025-08-14,CUST0113,Karan Gupta,Refrigerator,Home Appliances,Central,10,75268.29,752682.9,173956.78
ORD00762,2024-08-09,CUST0438,Rahul Kapoor,Chair,Furniture,Central,9,7352.05,66168.45,9782.52
ORD00763,2024-09-09,CUST0243,Aman Singh,Webcam,Accessories,South,7,1623.28,11362.96,2241.18
ORD00764,2026-07-24,CUST0168,Aman Gupta,Speaker,Accessories,Central,10,13539.61,135396.1,32393.58
ORD00765,2026-01-21,CUST0460,Navjot Patel,Keyboard,Technology,Central,1,4916.77,4916.77,1220.61
ORD00766,2024-09-03,CUST0018,Neha Verma,Power Bank,Accessories,North,2,2812.93,5625.86,790.37
ORD00767,2024-09-01,CUST0286,Rohit Singh,Keyboard,Technology,North,3,4789.72,14369.16,1748.46
ORD00768,2026-02-04,CUST0009,Priya Kumar,Webcam,Accessories,Central,8,2875.32,23002.56,5097.01
ORD00769,2026-06-11,CUST0013,Karan Kumar,Power Bank,Accessories,East,7,4041.71,28291.97,2461.09
ORD00770,2025-12-08,CUST0321,Manpreet Patel,Headphones,Accessories,East,2,10464.21,20928.42,2657.4
ORD00771,2025-09-19,CUST0272,Priya Verma,Monitor,Technology,Central,5,19499.36,97496.8,18486.47
ORD00772,2024-02-26,CUST0295,Manpreet Mehta,Chair,Furniture,Central,6,10065.92,60395.52,11907.11
ORD00773,2024-02-11,CUST0485,Mehak Verma,Television,Home Appliances,East,6,24432.16,146592.96,20973.14
ORD00774,2024-12-08,CUST0188,Harpreet Verma,Chair,Furniture,South,4,9289.86,37159.44,2886.59
ORD00775,2025-12-20,CUST0277,Neha Malhotra,Keyboard,Technology,South,10,3897.0,38970.0,8738.1
ORD00776,2025-03-09,CUST0386,Aman Gupta,Desk,Furniture,East,5,11406.95,57034.75,8595.89
ORD00777,2026-04-29,CUST0028,Isha Malhotra,Monitor,Technology,North,8,17321.12,138568.96,20825.53
ORD00778,2026-06-24,CUST0241,Manpreet Singh,Microwave,Home Appliances,West,2,17798.07,35596.14,3120.74
ORD00779,2024-03-19,CUST0045,Rohit Kumar,Keyboard,Technology,North,5,4571.37,22856.85,5523.39
ORD00780,2024-07-28,CUST0085,Rohit Singh,Television,Home Appliances,Central,8,74251.98,594015.84,47580.44
ORD00781,2025-04-30,CUST0488,Rahul Sharma,Monitor,Technology,East,9,19246.49,173218.41,40939.18
ORD00782,2026-04-01,CUST0216,Simran Malhotra,Headphones,Accessories,South,2,4206.68,8413.36,457.75
ORD00783,2025-11-12,CUST0428,Sahil Mehta,Microwave,Home Appliances,Central,6,16995.39,101972.34,15013.35
ORD00784,2024-11-09,CUST0432,Arjun Kapoor,Power Bank,Accessories,South,3,2077.15,6231.45,1431.09
ORD00785,2024-02-18,CUST0405,Karan Kumar,Refrigerator,Home Appliances,South,5,53897.02,269485.1,54961.47
ORD00786,2025-12-29,CUST0181,Mehak Kaur,Microwave,Home Appliances,Central,10,24168.06,241680.6,56752.97
ORD00787,2024-04-29,CUST0147,Arjun Kapoor,Table,Furniture,North,3,25983.29,77949.87,6411.45
ORD00788,2025-12-25,CUST0163,Harpreet Kapoor,Sofa,Furniture,North,3,26718.32,80154.96,7296.59
ORD00789,2024-06-15,CUST0341,Priya Verma,Washing Machine,Home Appliances,Central,8,25693.1,205544.8,32470.59
ORD00790,2026-08-28,CUST0155,Anjali Kapoor,Laptop,Technology,West,8,64273.74,514189.92,104742.35
ORD00791,2024-12-05,CUST0476,Neha Singh,Refrigerator,Home Appliances,East,9,20300.6,182705.4,44784.79
ORD00792,2024-04-25,CUST0243,Aman Singh,Refrigerator,Home Appliances,West,8,75970.33,607762.64,71556.08
ORD00793,2025-02-15,CUST0461,Neha Gupta,Smartphone,Technology,Central,2,57460.58,114921.16,12827.09
ORD00794,2025-10-18,CUST0431,Sahil Kaur,Sofa,Furniture,South,6,31082.71,186496.26,11377.53
ORD00795,2025-04-01,CUST0299,Rohit Kapoor,Desk,Furniture,North,2,8110.03,16220.06,2557.62
ORD00796,2026-08-24,CUST0500,Manpreet Mehta,Speaker,Accessories,North,10,8121.28,81212.8,13888.65
ORD00797,2025-01-16,CUST0466,Neha Kaur,Microwave,Home Appliances,North,7,8810.97,61676.79,7643.36
ORD00798,2024-03-30,CUST0146,Karan Singh,Washing Machine,Home Appliances,South,8,34020.44,272163.52,61198.78
ORD00799,2026-01-15,CUST0373,Mehak Mehta,Power Bank,Accessories,West,5,4175.48,20877.4,1727.77
ORD00800,2024-07-31,CUST0374,Harpreet Sharma,Speaker,Accessories,East,10,12779.41,127794.1,8589.76
ORD00801,2024-03-31,CUST0244,Navjot Gupta,Television,Home Appliances,North,10,94318.0,943180.0,189789.33
ORD00802,2026-02-12,CUST0210,Rahul Verma,Microwave,Home Appliances,South,8,9322.97,74583.76,14323.77
ORD00803,2026-04-26,CUST0103,Manpreet Patel,Sofa,Furniture,East,8,28025.84,224206.72,13104.12
ORD00804,2026-03-21,CUST0428,Sahil Mehta,Microwave,Home Appliances,North,8,16626.34,133010.72,12623.26
ORD00805,2025-11-12,CUST0079,Manpreet Verma,Washing Machine,Home Appliances,East,8,67713.38,541707.04,40538.85
ORD00806,2026-02-22,CUST0214,Rohit Kapoor,Sofa,Furniture,East,4,55805.69,223222.76,12430.94
ORD00807,2025-03-22,CUST0253,Neha Verma,Mouse,Technology,East,10,2363.91,23639.1,3453.61
ORD00808,2024-09-22,CUST0322,Anjali Sharma,Headphones,Accessories,South,10,5105.22,51052.2,2731.75
ORD00809,2024-02-24,CUST0298,Anjali Kumar,Smartphone,Technology,East,3,32377.68,97133.04,11799.44
ORD00810,2026-08-16,CUST0185,Priya Gupta,Webcam,Accessories,North,5,1914.08,9570.4,1492.24
ORD00811,2025-07-10,CUST0264,Rahul Mehta,Table,Furniture,East,10,24117.23,241172.3,48361.24
ORD00812,2025-08-16,CUST0447,Navjot Malhotra,Washing Machine,Home Appliances,East,6,32115.87,192695.22,13328.09
ORD00813,2025-05-11,CUST0422,Karan Singh,Chair,Furniture,West,5,3780.34,18901.7,2355.21
ORD00814,2024-07-11,CUST0175,Simran Mehta,Chair,Furniture,Central,9,4832.39,43491.51,4097.89
ORD00815,2024-05-14,CUST0315,Anjali Malhotra,Keyboard,Technology,North,2,2734.06,5468.12,400.88
ORD00816,2026-06-30,CUST0246,Manpreet Kumar,Washing Machine,Home Appliances,Central,3,53934.64,161803.92,34530.21
ORD00817,2024-05-01,CUST0268,Navjot Gupta,Refrigerator,Home Appliances,South,1,69692.64,69692.64,13861.31
ORD00818,2024-03-21,CUST0066,Priya Singh,Table,Furniture,West,4,12685.71,50742.84,3858.67
ORD00819,2024-02-13,CUST0354,Navjot Sharma,Laptop,Technology,South,8,41128.38,329027.04,66288.03
ORD00820,2024-09-16,CUST0056,Isha Gupta,Mouse,Technology,North,8,1982.94,15863.52,1170.48
ORD00821,2024-07-29,CUST0034,Aman Kumar,Television,Home Appliances,Central,2,79136.77,158273.54,37039.11
ORD00822,2026-05-16,CUST0462,Navjot Kapoor,Table,Furniture,East,1,21765.02,21765.02,1483.41
ORD00823,2025-09-19,CUST0486,Anjali Kapoor,Washing Machine,Home Appliances,South,9,26348.98,237140.82,48889.05
ORD00824,2026-01-02,CUST0259,Manpreet Verma,Laptop,Technology,South,1,89175.19,89175.19,13890.62
ORD00825,2026-01-12,CUST0494,Rahul Singh,Refrigerator,Home Appliances,North,9,83116.22,748045.98,38049.95
ORD00826,2025-11-20,CUST0474,Simran Kumar,Sofa,Furniture,North,10,31490.84,314908.4,27404.95
ORD00827,2024-04-25,CUST0093,Isha Sharma,Microwave,Home Appliances,East,9,14057.75,126519.75,12084.01
ORD00828,2025-12-22,CUST0064,Karan Mehta,Headphones,Accessories,East,8,6717.0,53736.0,10879.11
ORD00829,2025-04-12,CUST0286,Rohit Singh,Laptop,Technology,Central,2,59686.92,119373.84,15155.25
ORD00830,2026-05-25,CUST0377,Rahul Sharma,Microwave,Home Appliances,West,7,10291.6,72041.2,7788.94
ORD00831,2025-11-21,CUST0097,Isha Verma,Keyboard,Technology,West,6,4744.14,28464.84,2443.98
ORD00832,2025-02-08,CUST0345,Rahul Kumar,Keyboard,Technology,West,2,2639.85,5279.7,389.87
ORD00833,2025-09-01,CUST0356,Karan Kapoor,Smartphone,Technology,West,4,14529.73,58118.92,6842.13
ORD00834,2026-02-23,CUST0063,Navjot Mehta,Sofa,Furniture,Central,5,47634.02,238170.1,48339.81
ORD00835,2025-05-11,CUST0304,Neha Kaur,Microwave,Home Appliances,Central,10,12765.85,127658.5,30641.58
ORD00836,2024-08-24,CUST0143,Priya Kumar,Sofa,Furniture,South,5,19861.65,99308.25,14684.54
ORD00837,2024-07-02,CUST0016,Manpreet Singh,Laptop,Technology,West,8,89818.75,718550.0,133378.32
ORD00838,2024-03-19,CUST0310,Anjali Mehta,Refrigerator,Home Appliances,Central,10,41192.68,411926.8,28532.82
ORD00839,2024-09-24,CUST0393,Priya Singh,Power Bank,Accessories,Central,8,1648.11,13184.88,1952.02
ORD00840,2024-11-18,CUST0176,Simran Kumar,Laptop,Technology,West,2,99442.69,198885.38,25203.94
ORD00841,2026-03-09,CUST0227,Sahil Gupta,Headphones,Accessories,East,9,1361.46,12253.14,2228.63
ORD00842,2025-05-14,CUST0453,Simran Verma,Sofa,Furniture,North,5,34380.65,171903.25,33202.19
ORD00843,2025-02-04,CUST0292,Rohit Sharma,Power Bank,Accessories,East,3,2798.83,8396.49,1270.7
ORD00844,2024-01-29,CUST0254,Sahil Kumar,Webcam,Accessories,Central,5,8015.0,40075.0,4572.42
ORD00845,2026-07-01,CUST0024,Mehak Verma,Desk,Furniture,East,10,11326.41,113264.1,6272.56
ORD00846,2024-02-27,CUST0195,Rohit Verma,Keyboard,Technology,South,6,2249.6,13497.6,1786.89
ORD00847,2024-04-27,CUST0127,Priya Verma,Desk,Furniture,East,2,16443.17,32886.34,7359.57
ORD00848,2025-03-08,CUST0087,Sahil Verma,Mouse,Technology,Central,8,1315.29,10522.32,1910.36
ORD00849,2024-11-20,CUST0264,Rahul Mehta,Webcam,Accessories,West,8,1673.42,13387.36,2243.69
ORD00850,2025-11-22,CUST0293,Arjun Verma,Webcam,Accessories,South,8,6366.58,50932.64,3565.86
ORD00851,2025-03-22,CUST0173,Rohit Kaur,Webcam,Accessories,South,5,2916.33,14581.65,1788.69
ORD00852,2025-08-10,CUST0255,Priya Sharma,Mouse,Technology,West,5,1035.2,5176.0,308.0
ORD00853,2024-12-10,CUST0412,Manpreet Sharma,Chair,Furniture,East,10,11330.19,113301.9,7811.79
ORD00854,2024-11-05,CUST0035,Manpreet Verma,Power Bank,Accessories,Central,2,1680.9,3361.8,606.16
ORD00855,2025-02-15,CUST0412,Manpreet Sharma,Microwave,Home Appliances,East,6,18605.68,111634.08,10048.79
ORD00856,2025-08-13,CUST0320,Priya Singh,Speaker,Accessories,West,9,13392.1,120528.9,26822.74
ORD00857,2026-05-23,CUST0110,Isha Patel,Webcam,Accessories,West,9,9465.88,85192.92,18042.73
ORD00858,2024-06-03,CUST0479,Rahul Verma,Mouse,Technology,East,8,1001.62,8012.96,637.42
ORD00859,2026-05-16,CUST0433,Priya Kapoor,Power Bank,Accessories,West,2,2138.34,4276.68,756.06
ORD00860,2024-09-01,CUST0137,Karan Kapoor,Refrigerator,Home Appliances,North,10,37951.26,379512.6,36898.48
ORD00861,2025-07-27,CUST0077,Harpreet Kaur,Chair,Furniture,West,5,5192.63,25963.15,3708.37
ORD00862,2026-03-19,CUST0217,Sahil Verma,Smartphone,Technology,East,3,21155.09,63465.27,3543.16
ORD00863,2024-02-26,CUST0338,Anjali Kumar,Chair,Furniture,North,8,14529.23,116233.84,23996.1
ORD00864,2025-11-18,CUST0161,Arjun Malhotra,Television,Home Appliances,North,7,91548.87,640842.09,146980.11
ORD00865,2025-06-18,CUST0204,Aman Patel,Table,Furniture,Central,9,7798.31,70184.79,16604.82
ORD00866,2026-03-02,CUST0487,Anjali Gupta,Microwave,Home Appliances,East,4,22806.73,91226.92,15505.32
ORD00867,2024-06-28,CUST0169,Aman Sharma,Speaker,Accessories,South,4,14129.25,56517.0,4456.68
ORD00868,2025-06-30,CUST0497,Priya Kaur,Microwave,Home Appliances,East,10,13759.14,137591.4,8418.54
ORD00869,2024-10-11,CUST0359,Sahil Malhotra,Monitor,Technology,South,8,22735.12,181880.96,33929.47
ORD00870,2026-07-15,CUST0186,Priya Verma,Webcam,Accessories,Central,1,8481.61,8481.61,1518.88
ORD00871,2025-12-18,CUST0018,Neha Verma,Smartphone,Technology,East,7,27708.8,193961.6,21695.32
ORD00872,2026-07-20,CUST0463,Arjun Verma,Mouse,Technology,West,8,2667.38,21339.04,2724.87
ORD00873,2026-05-30,CUST0475,Arjun Kumar,Washing Machine,Home Appliances,South,4,22693.02,90772.08,9938.14
ORD00874,2024-10-07,CUST0469,Priya Kumar,Webcam,Accessories,North,7,8975.47,62828.29,13059.71
ORD00875,2026-06-16,CUST0422,Karan Singh,Power Bank,Accessories,North,6,3895.16,23370.96,4521.75
ORD00876,2026-01-16,CUST0423,Navjot Patel,Desk,Furniture,Central,6,14633.02,87798.12,11780.23
ORD00877,2024-07-07,CUST0378,Arjun Malhotra,Microwave,Home Appliances,West,1,19208.99,19208.99,3424.47
ORD00878,2024-03-25,CUST0406,Simran Mehta,Chair,Furniture,North,5,7208.6,36043.0,4063.64
ORD00879,2024-11-23,CUST0081,Simran Verma,Table,Furniture,West,7,26174.01,183218.07,38206.18
ORD00880,2026-03-29,CUST0245,Manpreet Malhotra,Desk,Furniture,East,10,7643.06,76430.6,16459.61
ORD00881,2026-08-25,CUST0102,Sahil Kaur,Keyboard,Technology,Central,7,2343.92,16407.44,3696.24
ORD00882,2026-07-17,CUST0115,Anjali Kaur,Laptop,Technology,North,10,95386.74,953867.4,167237.25
ORD00883,2025-09-24,CUST0499,Mehak Mehta,Speaker,Accessories,West,3,5034.07,15102.21,905.48
ORD00884,2025-08-03,CUST0308,Rahul Sharma,Refrigerator,Home Appliances,North,6,26234.29,157405.74,13225.95
ORD00885,2025-12-31,CUST0008,Aman Kaur,Power Bank,Accessories,South,8,4274.48,34195.84,2520.32
ORD00886,2026-05-26,CUST0098,Priya Sharma,Washing Machine,Home Appliances,South,7,56815.04,397705.28,30241.46
ORD00887,2025-02-22,CUST0308,Rahul Sharma,Desk,Furniture,South,4,19260.87,77043.48,10298.11
ORD00888,2025-01-13,CUST0015,Arjun Sharma,Washing Machine,Home Appliances,Central,8,30245.25,241962.0,56005.89
ORD00889,2025-12-10,CUST0351,Karan Sharma,Headphones,Accessories,West,3,1113.52,3340.56,749.25
ORD00890,2024-04-07,CUST0352,Priya Malhotra,Sofa,Furniture,Central,10,46880.39,468803.9,47464.11
ORD00891,2025-09-12,CUST0031,Isha Gupta,Monitor,Technology,Central,8,33138.74,265109.92,61411.47
ORD00892,2025-02-08,CUST0364,Arjun Malhotra,Laptop,Technology,East,10,55219.41,552194.1,69680.01
ORD00893,2026-08-10,CUST0068,Simran Sharma,Mouse,Technology,East,3,948.43,2845.29,428.93
ORD00894,2024-09-23,CUST0450,Navjot Kapoor,Speaker,Accessories,North,9,2710.25,24392.25,3331.64
ORD00895,2026-08-06,CUST0161,Arjun Malhotra,Smartphone,Technology,West,5,44944.74,224723.7,44846.91
ORD00896,2024-11-19,CUST0145,Anjali Singh,Washing Machine,Home Appliances,West,7,44882.58,314178.06,71800.48
ORD00897,2024-07-06,CUST0392,Mehak Singh,Sofa,Furniture,North,3,17395.0,52185.0,3178.77
ORD00898,2026-07-05,CUST0241,Manpreet Singh,Refrigerator,Home Appliances,West,7,69417.4,485921.8,35571.81
ORD00899,2025-05-19,CUST0021,Simran Kaur,Webcam,Accessories,North,9,9904.96,89144.64,13107.82
ORD00900,2024-07-03,CUST0434,Mehak Mehta,Chair,Furniture,South,4,6544.86,26179.44,5854.63
ORD00901,2025-08-07,CUST0384,Anjali Sharma,Refrigerator,Home Appliances,South,1,60848.32,60848.32,9443.85
ORD00902,2024-01-27,CUST0214,Rohit Kapoor,Smartphone,Technology,East,2,63777.74,127555.48,29015.5
ORD00903,2024-06-06,CUST0349,Karan Gupta,Keyboard,Technology,North,2,2368.94,4737.88,1029.99
ORD00904,2024-01-06,CUST0042,Harpreet Verma,Power Bank,Accessories,East,5,2707.03,13535.15,2285.29
ORD00905,2026-01-21,CUST0497,Priya Kaur,Mouse,Technology,Central,6,2877.24,17263.44,4134.31
ORD00906,2024-02-26,CUST0067,Rohit Kapoor,Chair,Furniture,North,5,12420.25,62101.25,7118.93
ORD00907,2026-02-28,CUST0281,Navjot Verma,Headphones,Accessories,West,3,5387.44,16162.32,1584.17
ORD00908,2026-02-09,CUST0046,Rahul Kapoor,Smartphone,Technology,South,7,21405.85,149840.95,16031.06
ORD00909,2025-09-09,CUST0062,Rohit Verma,Microwave,Home Appliances,South,5,21220.91,106104.55,24483.29
ORD00910,2025-02-01,CUST0184,Neha Verma,Monitor,Technology,West,8,21841.64,174733.12,24303.36
ORD00911,2025-03-20,CUST0138,Sahil Sharma,Headphones,Accessories,West,6,9321.4,55928.4,9662.95
ORD00912,2025-10-25,CUST0048,Isha Patel,Mouse,Technology,South,8,1354.36,10834.88,2007.57
ORD00913,2026-03-31,CUST0477,Arjun Sharma,Headphones,Accessories,West,7,4197.73,29384.11,1934.55
ORD00914,2025-06-19,CUST0154,Rahul Malhotra,Table,Furniture,West,5,22107.85,110539.25,24131.56
ORD00915,2025-06-06,CUST0152,Sahil Sharma,Mouse,Technology,West,1,691.33,691.33,105.55
ORD00916,2024-12-29,CUST0212,Priya Gupta,Keyboard,Technology,East,10,3575.59,35755.9,7600.45
ORD00917,2024-07-05,CUST0300,Manpreet Singh,Mouse,Technology,West,8,540.67,4325.36,371.59
ORD00918,2026-01-11,CUST0024,Mehak Verma,Keyboard,Technology,West,5,4482.37,22411.85,2527.82
ORD00919,2024-03-21,CUST0388,Manpreet Sharma,Webcam,Accessories,Central,3,4401.34,13204.02,1217.59
ORD00920,2024-01-14,CUST0133,Manpreet Malhotra,Keyboard,Technology,South,1,3044.38,3044.38,392.68
ORD00921,2024-11-06,CUST0336,Sahil Verma,Power Bank,Accessories,Central,10,3705.59,37055.9,7232.66
ORD00922,2024-01-15,CUST0417,Aman Malhotra,Microwave,Home Appliances,South,2,21288.17,42576.34,3193.99
ORD00923,2024-05-28,CUST0058,Karan Kapoor,Smartphone,Technology,South,4,70130.84,280523.36,41019.09
ORD00924,2025-03-08,CUST0224,Simran Kaur,Chair,Furniture,North,8,5911.93,47295.44,3766.28
ORD00925,2025-04-27,CUST0060,Rahul Kumar,Table,Furniture,North,8,23469.53,187756.24,45582.22
ORD00926,2025-02-05,CUST0441,Neha Verma,Speaker,Accessories,North,10,4218.07,42180.7,9106.4
ORD00927,2026-05-18,CUST0171,Rohit Patel,Laptop,Technology,West,7,77824.59,544772.13,133958.04
ORD00928,2026-01-12,CUST0378,Arjun Malhotra,Television,Home Appliances,Central,8,56437.2,451497.6,68930.66
ORD00929,2025-08-13,CUST0479,Rahul Verma,Speaker,Accessories,East,9,11142.92,100286.28,5395.8
ORD00930,2024-04-29,CUST0284,Neha Malhotra,Monitor,Technology,West,7,32107.68,224753.76,51205.23
ORD00931,2026-01-13,CUST0319,Manpreet Malhotra,Microwave,Home Appliances,South,1,19252.77,19252.77,1583.86
ORD00932,2025-12-02,CUST0241,Manpreet Singh,Microwave,Home Appliances,East,4,10409.96,41639.84,6975.99
ORD00933,2026-05-03,CUST0472,Manpreet Patel,Speaker,Accessories,East,7,13422.84,93959.88,22734.6
ORD00934,2024-03-29,CUST0408,Simran Verma,Speaker,Accessories,West,5,9894.87,49474.35,9308.08
ORD00935,2025-03-01,CUST0067,Rohit Kapoor,Table,Furniture,West,8,8907.85,71262.8,5001.28
ORD00936,2024-09-24,CUST0156,Priya Malhotra,Table,Furniture,East,1,18920.76,18920.76,2303.74
ORD00937,2024-03-06,CUST0347,Navjot Kumar,Table,Furniture,East,9,25698.72,231288.48,13043.28
ORD00938,2024-09-21,CUST0221,Rahul Kapoor,Mouse,Technology,East,9,1066.73,9600.57,910.32
ORD00939,2024-06-03,CUST0402,Mehak Sharma,Television,Home Appliances,Central,9,80458.07,724122.63,74945.42
ORD00940,2026-05-11,CUST0310,Anjali Mehta,Laptop,Technology,North,8,95597.93,764783.44,160449.56
ORD00941,2024-02-12,CUST0500,Manpreet Mehta,Mouse,Technology,Central,2,2024.14,4048.28,869.25
ORD00942,2024-10-26,CUST0054,Simran Kumar,Chair,Furniture,West,6,13321.3,79927.8,6506.64
ORD00943,2024-05-21,CUST0391,Sahil Sharma,Headphones,Accessories,North,6,2697.25,16183.5,1892.2
ORD00944,2026-04-08,CUST0435,Harpreet Malhotra,Sofa,Furniture,West,1,58633.65,58633.65,5808.44
ORD00945,2025-02-28,CUST0175,Simran Mehta,Refrigerator,Home Appliances,East,6,25966.37,155798.22,30075.28
ORD00946,2024-08-21,CUST0323,Rohit Kumar,Table,Furniture,South,9,23830.16,214471.44,28813.05
ORD00947,2025-06-12,CUST0411,Manpreet Mehta,Power Bank,Accessories,East,8,4655.68,37245.44,8952.62
ORD00948,2025-06-13,CUST0484,Simran Sharma,Keyboard,Technology,North,1,1411.45,1411.45,273.15
ORD00949,2025-02-06,CUST0044,Mehak Singh,Washing Machine,Home Appliances,North,3,38885.85,116657.55,15960.44
ORD00950,2025-03-05,CUST0339,Arjun Kapoor,Chair,Furniture,West,9,14710.53,132394.77,32374.79
ORD00951,2026-07-10,CUST0454,Priya Malhotra,Washing Machine,Home Appliances,Central,1,65280.0,65280.0,14061.36
ORD00952,2025-10-01,CUST0313,Isha Mehta,Sofa,Furniture,Central,4,35078.51,140314.04,31923.68
ORD00953,2026-06-21,CUST0334,Anjali Verma,Webcam,Accessories,East,7,9045.24,63316.68,12984.99
ORD00954,2025-07-07,CUST0044,Mehak Singh,Mouse,Technology,East,3,1336.23,4008.69,617.71
ORD00955,2025-10-12,CUST0110,Isha Patel,Mouse,Technology,South,9,1879.46,16915.14,1998.38
ORD00956,2024-11-07,CUST0012,Priya Patel,Mouse,Technology,West,4,1981.26,7925.04,1715.34
ORD00957,2024-12-28,CUST0259,Manpreet Verma,Laptop,Technology,North,5,90495.01,452475.05,79363.18
ORD00958,2024-08-29,CUST0025,Manpreet Sharma,Keyboard,Technology,Central,1,2051.44,2051.44,288.49
ORD00959,2026-01-01,CUST0290,Mehak Mehta,Desk,Furniture,West,10,10283.23,102832.3,18971.2
ORD00960,2026-03-08,CUST0267,Karan Gupta,Chair,Furniture,East,10,6262.01,62620.1,5542.57
ORD00961,2024-03-04,CUST0233,Isha Gupta,Smartphone,Technology,West,7,59814.83,418703.81,27797.51
ORD00962,2025-06-22,CUST0455,Navjot Kumar,Sofa,Furniture,West,2,24665.3,49330.6,6110.03
ORD00963,2025-12-06,CUST0302,Arjun Patel,Webcam,Accessories,West,7,6466.58,45266.06,11284.94
ORD00964,2025-04-13,CUST0375,Simran Malhotra,Speaker,Accessories,South,3,3448.67,10346.01,1520.38
ORD00965,2026-08-24,CUST0496,Arjun Kaur,Smartphone,Technology,Central,1,41880.27,41880.27,8346.71
ORD00966,2025-08-08,CUST0190,Isha Kaur,Mouse,Technology,East,2,2630.79,5261.58,390.27
ORD00967,2025-05-12,CUST0021,Simran Kaur,Chair,Furniture,North,6,6829.08,40974.48,4533.91
ORD00968,2026-07-04,CUST0406,Simran Mehta,Table,Furniture,East,7,24594.81,172163.67,10283.37
ORD00969,2025-07-14,CUST0456,Arjun Mehta,Refrigerator,Home Appliances,East,8,32815.4,262523.2,13235.67
ORD00970,2026-07-10,CUST0035,Manpreet Verma,Keyboard,Technology,East,5,2820.94,14104.7,2301.22
ORD00971,2024-05-21,CUST0401,Arjun Kaur,Power Bank,Accessories,Central,10,4304.73,43047.3,3295.78
ORD00972,2024-11-29,CUST0326,Manpreet Kapoor,Power Bank,Accessories,North,3,3602.33,10806.99,2412.87
ORD00973,2024-02-16,CUST0410,Manpreet Kaur,Power Bank,Accessories,West,7,1777.85,12444.95,1466.01
ORD00974,2026-03-26,CUST0377,Rahul Sharma,Television,Home Appliances,East,1,88606.05,88606.05,14566.74
ORD00975,2026-02-14,CUST0288,Harpreet Malhotra,Mouse,Technology,North,10,712.88,7128.8,1128.97
ORD00976,2026-08-16,CUST0491,Karan Kapoor,Sofa,Furniture,Central,1,37618.75,37618.75,2785.92
ORD00977,2026-05-09,CUST0093,Isha Sharma,Monitor,Technology,Central,4,29242.44,116969.76,25258.23
ORD00978,2025-05-18,CUST0228,Mehak Patel,Mouse,Technology,North,7,2017.14,14119.98,2369.03
ORD00979,2024-09-20,CUST0175,Simran Mehta,Speaker,Accessories,North,9,7101.64,63914.76,7252.82
ORD00980,2026-02-25,CUST0059,Rahul Verma,Mouse,Technology,North,3,920.39,2761.17,238.93
ORD00981,2024-11-29,CUST0079,Manpreet Verma,Microwave,Home Appliances,South,1,18893.56,18893.56,3266.6
ORD00982,2026-07-03,CUST0014,Anjali Mehta,Monitor,Technology,East,6,18528.37,111170.22,8725.99
ORD00983,2025-08-23,CUST0133,Manpreet Malhotra,Headphones,Accessories,South,4,1570.66,6282.64,1259.21
ORD00984,2025-02-20,CUST0253,Neha Verma,Headphones,Accessories,North,6,3962.16,23772.96,3398.69
ORD00985,2025-08-23,CUST0248,Manpreet Kaur,Keyboard,Technology,North,1,3460.87,3460.87,359.35
ORD00986,2025-10-13,CUST0127,Priya Verma,Desk,Furniture,Central,8,15933.16,127465.28,8512.34
ORD00987,2025-07-04,CUST0105,Rahul Kapoor,Desk,Furniture,West,3,15349.23,46047.69,9504.46
ORD00988,2025-09-27,CUST0493,Harpreet Sharma,Headphones,Accessories,East,8,1011.01,8088.08,1959.12
ORD00989,2024-09-13,CUST0335,Manpreet Kumar,Chair,Furniture,West,8,2782.28,22258.24,2329.56
ORD00990,2024-11-03,CUST0180,Mehak Sharma,Desk,Furniture,North,9,4955.18,44596.62,7252.14
ORD00991,2024-08-03,CUST0203,Mehak Patel,Smartphone,Technology,Central,5,60755.16,303775.8,68548.79
ORD00992,2025-11-09,CUST0259,Manpreet Verma,Washing Machine,Home Appliances,East,8,51028.83,408230.64,42702.0
ORD00993,2025-12-09,CUST0175,Simran Mehta,Sofa,Furniture,South,6,58154.67,348928.02,18554.22
ORD00994,2025-02-27,CUST0331,Karan Patel,Mouse,Technology,Central,1,1691.32,1691.32,312.12
ORD00995,2026-07-02,CUST0459,Neha Malhotra,Power Bank,Accessories,West,2,3060.15,6120.3,965.35
ORD00996,2025-01-01,CUST0345,Rahul Kumar,Monitor,Technology,West,7,34245.05,239715.35,51657.07
ORD00997,2024-08-14,CUST0091,Manpreet Singh,Laptop,Technology,North,4,67761.55,271046.2,37652.53
ORD00998,2026-04-07,CUST0389,Manpreet Sharma,Washing Machine,Home Appliances,South,10,27958.61,279586.1,48940.8
ORD00999,2025-12-24,CUST0120,Mehak Kumar,Webcam,Accessories,Central,8,1812.77,14502.16,3348.57
ORD01000,2024-10-11,CUST0108,Sahil Mehta,Smartphone,Technology,Central,7,78898.45,552289.15,39869.37
ORD01001,2025-09-09,CUST0257,Karan Gupta,Speaker,Accessories,Central,10,8949.1,89491.0,16505.28
ORD01002,2026-08-13,CUST0090,Rahul Gupta,Mouse,Technology,Central,2,820.62,1641.24,123.89
ORD01003,2025-12-10,CUST0439,Priya Gupta,Desk,Furniture,Central,1,8028.88,8028.88,1994.3
ORD01004,2026-08-23,CUST0315,Anjali Malhotra,Microwave,Home Appliances,North,7,6037.14,42259.98,7530.44
ORD01005,2025-11-27,CUST0438,Rahul Kapoor,Microwave,Home Appliances,Central,7,22042.49,154297.43,16171.47
ORD01006,2024-08-17,CUST0239,Isha Kumar,Webcam,Accessories,North,1,5896.68,5896.68,1337.13
ORD01007,2024-03-24,CUST0143,Priya Kumar,Power Bank,Accessories,Central,7,2128.22,14897.54,1324.71
ORD01008,2026-07-28,CUST0414,Karan Gupta,Smartphone,Technology,South,7,78466.69,549266.83,132678.22
ORD01009,2025-03-18,CUST0101,Navjot Kapoor,Desk,Furniture,North,2,10526.92,21053.84,1170.06
ORD01010,2024-12-14,CUST0304,Neha Kaur,Washing Machine,Home Appliances,North,8,30851.99,246815.92,24106.97
ORD01011,2026-02-21,CUST0421,Navjot Singh,Refrigerator,Home Appliances,North,10,86048.33,860483.3,149649.5
ORD01012,2025-01-21,CUST0321,Manpreet Patel,Headphones,Accessories,East,1,1940.88,1940.88,452.89
ORD01013,2025-09-17,CUST0456,Arjun Mehta,Smartphone,Technology,West,8,14340.16,114721.28,6993.15
ORD01014,2025-02-15,CUST0034,Aman Kumar,Laptop,Technology,North,5,73555.48,367777.4,80905.83
ORD01015,2025-01-28,CUST0317,Harpreet Sharma,Speaker,Accessories,West,10,13171.87,131718.7,6865.35
ORD01016,2024-12-02,CUST0408,Simran Verma,Headphones,Accessories,Central,1,4735.78,4735.78,666.87
ORD01017,2026-05-10,CUST0099,Priya Mehta,Laptop,Technology,South,2,40737.31,81474.62,13734.77
ORD01018,2025-03-31,CUST0464,Arjun Kumar,Desk,Furniture,South,8,11463.22,91705.76,17875.71
ORD01019,2025-06-09,CUST0125,Sahil Gupta,Chair,Furniture,East,5,2786.39,13931.95,2325.3
ORD01020,2025-01-12,CUST0160,Arjun Kapoor,Table,Furniture,North,10,16738.09,167380.9,19848.04
ORD01021,2025-03-08,CUST0266,Simran Mehta,Chair,Furniture,East,9,5086.04,45774.36,10150.03
ORD01022,2025-05-02,CUST0101,Navjot Kapoor,Table,Furniture,West,6,24631.6,147789.6,12986.44
ORD01023,2024-04-17,CUST0308,Rahul Sharma,Washing Machine,Home Appliances,West,7,50037.36,350261.52,40533.6
ORD01024,2025-12-10,CUST0449,Manpreet Kumar,Keyboard,Technology,South,1,1721.5,1721.5,306.0
ORD01025,2025-01-19,CUST0239,Isha Kumar,Table,Furniture,South,6,17018.66,102111.96,21592.01
ORD01026,2025-07-22,CUST0205,Arjun Kaur,Chair,Furniture,North,2,6716.62,13433.24,1633.18
ORD01027,2025-01-03,CUST0073,Karan Malhotra,Microwave,Home Appliances,North,10,9693.67,96936.7,22541.83
ORD01028,2024-09-25,CUST0500,Manpreet Mehta,Smartphone,Technology,South,3,23847.75,71543.25,6709.97
ORD01029,2026-07-21,CUST0174,Sahil Singh,Table,Furniture,North,3,9899.69,29699.07,6491.51
ORD01030,2024-08-03,CUST0011,Aman Patel,Sofa,Furniture,East,2,44469.11,88938.22,10465.95
ORD01031,2026-03-29,CUST0234,Priya Kumar,Desk,Furniture,Central,3,20999.24,62997.72,15008.09
ORD01032,2024-07-15,CUST0452,Anjali Sharma,Headphones,Accessories,Central,3,2303.43,6910.29,1444.11
ORD01033,2026-02-20,CUST0194,Rohit Kumar,Washing Machine,Home Appliances,Central,4,49176.56,196706.24,46069.14
ORD01034,2025-10-06,CUST0301,Harpreet Kaur,Desk,Furniture,East,6,20581.34,123488.04,12278.95
ORD01035,2026-03-20,CUST0447,Navjot Malhotra,Sofa,Furniture,Central,2,24415.69,48831.38,10104.83
ORD01036,2025-06-15,CUST0034,Aman Kumar,Sofa,Furniture,West,9,48808.86,439279.74,54845.49
ORD01037,2025-05-21,CUST0092,Rohit Patel,Washing Machine,Home Appliances,West,8,45324.73,362597.84,70028.51
ORD01038,2024-08-28,CUST0138,Sahil Sharma,Headphones,Accessories,West,4,3279.2,13116.8,1841.81
ORD01039,2026-05-12,CUST0112,Navjot Verma,Microwave,Home Appliances,East,10,22885.47,228854.7,18638.35
ORD01040,2024-12-26,CUST0131,Mehak Kapoor,Smartphone,Technology,South,5,62613.59,313067.95,43485.47
ORD01041,2025-04-23,CUST0299,Rohit Kapoor,Keyboard,Technology,West,6,2951.5,17709.0,2394.62
ORD01042,2025-03-28,CUST0210,Rahul Verma,Microwave,Home Appliances,South,7,12023.39,84163.73,4624.26
ORD01043,2025-06-09,CUST0136,Neha Malhotra,Monitor,Technology,Central,5,32339.85,161699.25,35334.63
ORD01044,2025-01-03,CUST0330,Mehak Patel,Monitor,Technology,North,2,33018.36,66036.72,4868.07
ORD01045,2026-02-02,CUST0280,Harpreet Kaur,Desk,Furniture,East,6,8129.57,48777.42,4877.97
ORD01046,2024-12-20,CUST0098,Priya Sharma,Desk,Furniture,West,5,4179.21,20896.05,2222.69
ORD01047,2024-06-01,CUST0485,Mehak Verma,Headphones,Accessories,West,9,6192.04,55728.36,13812.55
ORD01048,2025-07-19,CUST0117,Simran Gupta,Table,Furniture,West,9,16860.96,151748.64,25402.83
ORD01049,2025-03-15,CUST0370,Isha Singh,Webcam,Accessories,West,6,8231.28,49387.68,10823.82
ORD01050,2025-08-14,CUST0108,Sahil Mehta,Power Bank,Accessories,South,1,4382.37,4382.37,547.53
ORD01051,2025-03-05,CUST0157,Isha Sharma,Keyboard,Technology,West,6,4203.69,25222.14,2975.32
ORD01052,2024-02-02,CUST0352,Priya Malhotra,Webcam,Accessories,South,1,4271.68,4271.68,698.49
ORD01053,2024-03-06,CUST0079,Manpreet Verma,Microwave,Home Appliances,Central,4,24623.27,98493.08,23612.59
ORD01054,2025-10-16,CUST0198,Isha Kumar,Sofa,Furniture,East,10,19888.73,198887.3,48207.82
ORD01055,2025-12-06,CUST0048,Isha Patel,Chair,Furniture,Central,3,10773.51,32320.53,1823.26
ORD01056,2024-08-26,CUST0251,Priya Kumar,Smartphone,Technology,East,7,23929.91,167509.37,17883.89
ORD01057,2024-11-30,CUST0338,Anjali Kumar,Keyboard,Technology,West,9,1041.3,9371.7,489.29
ORD01058,2024-03-11,CUST0201,Sahil Patel,Chair,Furniture,West,7,3678.79,25751.53,3750.72
ORD01059,2025-12-27,CUST0490,Simran Kaur,Table,Furniture,West,5,26761.23,133806.15,18256.53
ORD01060,2024-01-08,CUST0082,Karan Singh,Refrigerator,Home Appliances,South,8,55173.25,441386.0,46384.46
ORD01061,2026-07-21,CUST0229,Rahul Malhotra,Keyboard,Technology,Central,4,3340.36,13361.44,2073.31
ORD01062,2024-10-21,CUST0451,Harpreet Kapoor,Power Bank,Accessories,West,1,2743.32,2743.32,541.69
ORD01063,2024-07-02,CUST0178,Isha Mehta,Microwave,Home Appliances,Central,3,17647.52,52942.56,7041.92
ORD01064,2024-04-07,CUST0376,Rahul Kapoor,Power Bank,Accessories,West,3,2415.59,7246.77,1374.74
ORD01065,2025-10-05,CUST0358,Arjun Malhotra,Smartphone,Technology,Central,3,71987.93,215963.79,22623.34
ORD01066,2025-07-20,CUST0150,Simran Sharma,Smartphone,Technology,North,7,73611.55,515280.85,128035.93
ORD01067,2024-06-17,CUST0189,Anjali Gupta,Laptop,Technology,East,6,70263.69,421582.14,55656.94
ORD01068,2026-02-02,CUST0107,Arjun Patel,Keyboard,Technology,West,8,912.22,7297.76,921.2
ORD01069,2026-07-28,CUST0439,Priya Gupta,Sofa,Furniture,South,5,16699.86,83499.3,6090.15
ORD01070,2024-09-05,CUST0168,Aman Gupta,Power Bank,Accessories,West,2,2737.7,5475.4,874.34
ORD01071,2025-09-13,CUST0072,Mehak Kaur,Webcam,Accessories,North,3,8653.28,25959.84,5651.44
ORD01072,2025-11-18,CUST0091,Manpreet Singh,Television,Home Appliances,North,7,60445.58,423119.06,35411.12
ORD01073,2024-02-05,CUST0347,Navjot Kumar,Refrigerator,Home Appliances,Central,3,50846.06,152538.18,14237.07
ORD01074,2026-01-03,CUST0111,Manpreet Kumar,Headphones,Accessories,North,9,10201.51,91813.59,16361.41
ORD01075,2025-01-21,CUST0200,Rahul Kapoor,Microwave,Home Appliances,South,1,6995.89,6995.89,417.89
ORD01076,2025-03-07,CUST0476,Neha Singh,Desk,Furniture,North,4,23083.88,92335.52,6304.42
ORD01077,2026-06-22,CUST0008,Aman Kaur,Refrigerator,Home Appliances,North,2,67597.17,135194.34,12723.62
ORD01078,2024-11-30,CUST0409,Sahil Mehta,Table,Furniture,East,9,6100.31,54902.79,3927.57
ORD01079,2024-05-03,CUST0288,Harpreet Malhotra,Table,Furniture,South,7,28358.18,198507.26,47201.98
ORD01080,2024-11-19,CUST0110,Isha Patel,Monitor,Technology,North,1,16730.93,16730.93,2182.18
ORD01081,2025-01-12,CUST0200,Rahul Kapoor,Sofa,Furniture,North,5,24904.33,124521.65,22412.53
ORD01082,2024-04-14,CUST0035,Manpreet Verma,Sofa,Furniture,Central,10,28569.04,285690.4,42829.33
ORD01083,2025-10-08,CUST0406,Simran Mehta,Desk,Furniture,West,10,24139.73,241397.3,27729.52
ORD01084,2025-11-13,CUST0348,Simran Malhotra,Desk,Furniture,West,6,7681.95,46091.7,11320.32
ORD01085,2025-06-07,CUST0035,Manpreet Verma,Television,Home Appliances,South,10,66725.33,667253.3,93270.21
ORD01086,2026-01-25,CUST0258,Arjun Kaur,Smartphone,Technology,West,2,11484.94,22969.88,2567.34
ORD01087,2024-07-25,CUST0388,Manpreet Sharma,Chair,Furniture,South,6,2779.0,16674.0,2496.85
ORD01088,2025-03-30,CUST0193,Simran Kaur,Chair,Furniture,East,10,5094.83,50948.3,12620.42
ORD01089,2025-02-28,CUST0069,Sahil Kaur,Washing Machine,Home Appliances,East,1,51467.31,51467.31,7934.95
ORD01090,2024-07-29,CUST0385,Navjot Patel,Smartphone,Technology,Central,6,69285.44,415712.64,49280.94
ORD01091,2024-07-06,CUST0028,Isha Malhotra,Table,Furniture,West,7,20201.58,141411.06,21818.93
ORD01092,2024-02-23,CUST0323,Rohit Kumar,Laptop,Technology,South,2,92192.0,184384.0,44387.17
ORD01093,2026-03-25,CUST0481,Rohit Verma,Table,Furniture,South,10,7293.98,72939.8,11653.55
ORD01094,2024-07-21,CUST0121,Aman Kaur,Keyboard,Technology,South,5,3844.95,19224.75,1592.42
ORD01095,2025-10-12,CUST0218,Aman Sharma,Table,Furniture,South,10,12577.52,125775.2,17565.04
ORD01096,2024-06-20,CUST0140,Aman Malhotra,Headphones,Accessories,West,6,11461.15,68766.9,8915.55
ORD01097,2025-01-25,CUST0226,Rohit Sharma,Power Bank,Accessories,West,8,3993.36,31946.88,1723.92
ORD01098,2024-06-28,CUST0438,Rahul Kapoor,Monitor,Technology,East,3,24069.95,72209.85,11594.77
ORD01099,2025-05-07,CUST0195,Rohit Verma,Webcam,Accessories,North,7,5355.63,37489.41,6089.35
ORD01100,2026-06-01,CUST0171,Rohit Patel,Sofa,Furniture,Central,4,23807.21,95228.84,4841.06
ORD01101,2026-01-30,CUST0374,Harpreet Sharma,Microwave,Home Appliances,East,7,13686.55,95805.85,22807.25
ORD01102,2026-06-25,CUST0197,Isha Kaur,Webcam,Accessories,North,10,6948.91,69489.1,4464.46
ORD01103,2025-03-22,CUST0472,Manpreet Patel,Keyboard,Technology,East,3,4714.94,14144.82,1256.71
ORD01104,2025-10-28,CUST0395,Mehak Kumar,Microwave,Home Appliances,West,6,18064.62,108387.72,20516.83
ORD01105,2025-01-05,CUST0475,Arjun Kumar,Speaker,Accessories,North,1,4771.76,4771.76,1117.99
ORD01106,2025-09-08,CUST0358,Arjun Malhotra,Desk,Furniture,Central,3,16714.15,50142.45,5057.25
ORD01107,2026-07-27,CUST0488,Rahul Sharma,Chair,Furniture,West,2,3517.5,7035.0,1258.42
ORD01108,2025-03-13,CUST0204,Aman Patel,Mouse,Technology,East,7,2774.87,19424.09,1615.4
ORD01109,2026-08-04,CUST0355,Sahil Mehta,Microwave,Home Appliances,North,7,17135.52,119948.64,24048.8
ORD01110,2025-02-11,CUST0056,Isha Gupta,Refrigerator,Home Appliances,East,4,38831.49,155325.96,36657.45
ORD01111,2025-03-03,CUST0004,Rahul Kaur,Sofa,Furniture,Central,2,15071.04,30142.08,6171.55
ORD01112,2024-05-17,CUST0214,Rohit Kapoor,Microwave,Home Appliances,South,6,9242.05,55452.3,4839.88
ORD01113,2024-03-01,CUST0250,Sahil Kapoor,Chair,Furniture,South,4,7858.59,31434.36,2738.8
ORD01114,2026-07-23,CUST0415,Simran Patel,Desk,Furniture,Central,7,24641.89,172493.23,23829.27
ORD01115,2024-03-06,CUST0056,Isha Gupta,Chair,Furniture,East,7,5810.63,40674.41,3047.99
ORD01116,2024-09-29,CUST0016,Manpreet Singh,Sofa,Furniture,North,2,36833.75,73667.5,3823.44
ORD01117,2025-06-16,CUST0341,Priya Verma,Laptop,Technology,East,1,52664.1,52664.1,6590.03
ORD01118,2025-01-14,CUST0478,Navjot Patel,Power Bank,Accessories,East,10,3979.03,39790.3,5407.13
ORD01119,2024-12-30,CUST0162,Navjot Patel,Desk,Furniture,East,7,17966.64,125766.48,21652.19
ORD01120,2026-06-28,CUST0413,Neha Patel,Laptop,Technology,South,7,67415.16,471906.12,92042.47
ORD01121,2025-09-25,CUST0014,Anjali Mehta,Mouse,Technology,West,4,1198.67,4794.68,593.03
ORD01122,2025-01-03,CUST0264,Rahul Mehta,Speaker,Accessories,North,6,1542.24,9253.44,493.45
ORD01123,2025-09-19,CUST0497,Priya Kaur,Microwave,Home Appliances,North,8,10437.61,83500.88,10857.87
ORD01124,2024-10-27,CUST0179,Priya Mehta,Power Bank,Accessories,Central,2,4944.86,9889.72,1946.85
ORD01125,2025-11-20,CUST0100,Simran Kaur,Chair,Furniture,Central,2,3662.2,7324.4,807.66
ORD01126,2025-07-07,CUST0448,Anjali Patel,Speaker,Accessories,South,2,13601.52,27203.04,3983.44
ORD01127,2026-01-02,CUST0125,Sahil Gupta,Table,Furniture,North,2,23831.31,47662.62,3388.52
ORD01128,2025-11-12,CUST0083,Anjali Sharma,Microwave,Home Appliances,West,4,20559.87,82239.48,15940.89
ORD01129,2025-12-09,CUST0488,Rahul Sharma,Smartphone,Technology,East,8,74591.53,596732.24,40630.51
ORD01130,2026-01-30,CUST0447,Navjot Malhotra,Chair,Furniture,West,7,10371.83,72602.81,16846.28
ORD01131,2024-04-24,CUST0335,Manpreet Kumar,Speaker,Accessories,North,2,4517.94,9035.88,977.64
ORD01132,2025-01-24,CUST0175,Simran Mehta,Chair,Furniture,Central,3,9446.91,28340.73,6253.84
ORD01133,2025-02-01,CUST0378,Arjun Malhotra,Monitor,Technology,West,9,9670.89,87038.01,7656.87
ORD01134,2024-04-19,CUST0164,Rahul Kumar,Refrigerator,Home Appliances,West,10,56382.6,563826.0,94810.27
ORD01135,2025-05-26,CUST0005,Harpreet Patel,Webcam,Accessories,West,5,2729.96,13649.8,2968.06
ORD01136,2024-11-12,CUST0076,Rohit Sharma,Refrigerator,Home Appliances,Central,1,72294.2,72294.2,12273.82
ORD01137,2026-04-28,CUST0353,Karan Mehta,Monitor,Technology,South,10,34914.91,349149.1,50855.85
ORD01138,2026-01-03,CUST0254,Sahil Kumar,Microwave,Home Appliances,South,6,7117.44,42704.64,3439.45
ORD01139,2026-01-14,CUST0435,Harpreet Malhotra,Chair,Furniture,West,3,14001.05,42003.15,9297.64
ORD01140,2025-04-29,CUST0154,Rahul Malhotra,Chair,Furniture,East,6,9123.26,54739.56,7361.79
ORD01141,2026-08-03,CUST0388,Manpreet Sharma,Power Bank,Accessories,South,5,1101.66,5508.3,586.48
ORD01142,2024-02-25,CUST0359,Sahil Malhotra,Headphones,Accessories,East,10,2439.91,24399.1,5445.17
ORD01143,2024-05-28,CUST0235,Harpreet Kaur,Table,Furniture,South,8,16047.09,128376.72,13892.46
ORD01144,2026-03-15,CUST0112,Navjot Verma,Chair,Furniture,South,10,6708.94,67089.4,4722.39
ORD01145,2025-04-30,CUST0193,Simran Kaur,Speaker,Accessories,South,2,14000.8,28001.6,3391.46
ORD01146,2024-06-01,CUST0484,Simran Sharma,Laptop,Technology,West,6,98816.61,592899.66,100009.41
ORD01147,2025-09-02,CUST0126,Simran Patel,Laptop,Technology,South,8,54451.33,435610.64,48151.49
ORD01148,2025-10-30,CUST0335,Manpreet Kumar,Headphones,Accessories,West,7,9555.04,66885.28,7025.84
ORD01149,2025-11-15,CUST0189,Anjali Gupta,Laptop,Technology,Central,2,46997.66,93995.32,13896.61
ORD01150,2025-12-11,CUST0116,Priya Kumar,Mouse,Technology,North,10,1932.45,19324.5,2819.44
ORD01151,2024-05-08,CUST0407,Navjot Kumar,Sofa,Furniture,North,7,36788.62,257520.34,28242.94
ORD01152,2026-04-17,CUST0167,Navjot Patel,Mouse,Technology,Central,1,962.22,962.22,123.89
ORD01153,2026-04-18,CUST0402,Mehak Sharma,Headphones,Accessories,North,10,6707.91,67079.1,10584.84
ORD01154,2024-01-06,CUST0386,Aman Gupta,Chair,Furniture,Central,10,4348.63,43486.3,8220.79
ORD01155,2024-06-14,CUST0229,Rahul Malhotra,Television,Home Appliances,North,10,18327.17,183271.7,16722.81
ORD01156,2025-01-07,CUST0288,Harpreet Malhotra,Television,Home Appliances,Central,2,22191.88,44383.76,6712.14
ORD01157,2025-06-15,CUST0088,Sahil Patel,Headphones,Accessories,East,1,3731.71,3731.71,892.79
ORD01158,2024-12-26,CUST0338,Anjali Kumar,Speaker,Accessories,Central,6,9290.46,55742.76,8614.11
ORD01159,2024-07-11,CUST0276,Harpreet Kumar,Chair,Furniture,South,1,10614.02,10614.02,1034.02
ORD01160,2024-10-11,CUST0154,Rahul Malhotra,Table,Furniture,South,4,20053.61,80214.44,13504.63
ORD01161,2026-07-14,CUST0374,Harpreet Sharma,Headphones,Accessories,South,5,7048.33,35241.65,4453.01
ORD01162,2024-05-26,CUST0205,Arjun Kaur,Headphones,Accessories,Central,7,11392.15,79745.05,18982.5
ORD01163,2025-07-31,CUST0105,Rahul Kapoor,Monitor,Technology,Central,4,34874.7,139498.8,26907.78
ORD01164,2025-03-20,CUST0310,Anjali Mehta,Sofa,Furniture,West,6,51970.55,311823.3,77484.91
ORD01165,2025-07-15,CUST0014,Anjali Mehta,Chair,Furniture,West,9,5511.63,49604.67,3571.44
ORD01166,2024-05-29,CUST0034,Aman Kumar,Television,Home Appliances,South,6,45839.66,275037.96,56551.71
ORD01167,2024-04-17,CUST0141,Navjot Gupta,Laptop,Technology,North,4,62629.36,250517.44,31496.67
ORD01168,2026-06-05,CUST0090,Rahul Gupta,Microwave,Home Appliances,East,6,7815.27,46891.62,8913.68
ORD01169,2026-02-08,CUST0283,Harpreet Malhotra,Television,Home Appliances,West,3,91208.47,273625.41,31083.65
ORD01170,2025-12-04,CUST0093,Isha Sharma,Microwave,Home Appliances,Central,3,15060.38,45181.14,4599.99
ORD01171,2024-02-24,CUST0366,Karan Gupta,Table,Furniture,East,10,8566.75,85667.5,16883.73
ORD01172,2024-12-28,CUST0363,Anjali Kumar,Sofa,Furniture,West,3,46805.4,140416.2,19348.23
ORD01173,2026-06-21,CUST0258,Arjun Kaur,Washing Machine,Home Appliances,South,9,67536.05,607824.45,144866.08
ORD01174,2025-10-11,CUST0157,Isha Sharma,Monitor,Technology,North,6,18975.9,113855.4,24939.93
ORD01175,2024-10-19,CUST0040,Rahul Gupta,Chair,Furniture,Central,1,4146.47,4146.47,277.47
ORD01176,2026-08-12,CUST0476,Neha Singh,Headphones,Accessories,South,7,11583.83,81086.81,15034.03
ORD01177,2026-05-01,CUST0246,Manpreet Kumar,Headphones,Accessories,North,10,5460.19,54601.9,4806.98
ORD01178,2024-02-13,CUST0366,Karan Gupta,Webcam,Accessories,Central,9,3575.92,32183.28,6012.34
ORD01179,2025-06-10,CUST0230,Rahul Sharma,Table,Furniture,East,6,9370.35,56222.1,12249.77
ORD01180,2024-04-25,CUST0488,Rahul Sharma,Keyboard,Technology,East,3,2881.13,8643.39,1077.46
ORD01181,2024-08-06,CUST0468,Manpreet Singh,Chair,Furniture,North,8,5770.84,46166.72,5018.74
ORD01182,2024-02-06,CUST0378,Arjun Malhotra,Speaker,Accessories,West,9,13961.26,125651.34,27033.32
ORD01183,2024-11-01,CUST0457,Neha Kapoor,Headphones,Accessories,East,10,4913.18,49131.8,6980.19
ORD01184,2024-01-10,CUST0055,Isha Mehta,Monitor,Technology,North,3,32035.3,96105.9,12533.52
ORD01185,2025-02-24,CUST0221,Rahul Kapoor,Speaker,Accessories,North,9,2644.04,23796.36,5466.07
ORD01186,2025-02-08,CUST0468,Manpreet Singh,Headphones,Accessories,East,5,2711.93,13559.65,1291.14
ORD01187,2024-04-21,CUST0154,Rahul Malhotra,Microwave,Home Appliances,West,9,22951.67,206565.03,43855.57
ORD01188,2026-06-23,CUST0337,Manpreet Patel,Speaker,Accessories,South,7,3388.3,23718.1,1213.47
ORD01189,2024-12-05,CUST0057,Priya Kapoor,Desk,Furniture,North,7,4845.38,33917.66,4552.13
ORD01190,2025-05-15,CUST0083,Anjali Sharma,Sofa,Furniture,Central,5,58186.45,290932.25,21458.72
ORD01191,2026-08-03,CUST0254,Sahil Kumar,Desk,Furniture,West,7,19772.89,138410.23,20812.98
ORD01192,2025-05-27,CUST0068,Simran Sharma,Laptop,Technology,North,3,87562.78,262688.34,21306.23
ORD01193,2025-09-03,CUST0393,Priya Singh,Chair,Furniture,North,6,10818.03,64908.18,8823.16
ORD01194,2024-09-10,CUST0223,Rohit Sharma,Webcam,Accessories,Central,2,3898.9,7797.8,1576.56
ORD01195,2025-12-18,CUST0079,Manpreet Verma,Table,Furniture,South,2,12028.47,24056.94,5360.69
ORD01196,2025-05-29,CUST0342,Neha Gupta,Speaker,Accessories,Central,2,7897.55,15795.1,3004.69
ORD01197,2024-10-07,CUST0093,Isha Sharma,Table,Furniture,South,3,10734.6,32203.8,4194.76
ORD01198,2024-02-22,CUST0476,Neha Singh,Sofa,Furniture,West,4,15794.76,63179.04,4307.99
ORD01199,2025-06-06,CUST0209,Navjot Patel,Refrigerator,Home Appliances,West,7,35524.27,248669.89,36265.78
ORD01200,2024-12-25,CUST0330,Mehak Patel,Monitor,Technology,West,6,10971.48,65828.88,6985.18
ORD01201,2026-02-01,CUST0127,Priya Verma,Television,Home Appliances,East,1,30448.89,30448.89,1839.91
ORD01202,2024-07-08,CUST0109,Karan Kumar,Microwave,Home Appliances,East,10,11323.03,113230.3,7943.37
ORD01203,2024-01-14,CUST0486,Anjali Kapoor,Webcam,Accessories,Central,2,4341.4,8682.8,602.39
ORD01204,2025-08-26,CUST0395,Mehak Kumar,Desk,Furniture,Central,6,11571.94,69431.64,13788.18
ORD01205,2024-03-30,CUST0310,Anjali Mehta,Refrigerator,Home Appliances,North,4,65517.38,262069.52,43730.35
ORD01206,2025-04-01,CUST0067,Rohit Kapoor,Laptop,Technology,North,4,75193.69,300774.76,26644.28
ORD01207,2024-06-06,CUST0039,Anjali Gupta,Washing Machine,Home Appliances,North,4,55718.23,222872.92,34926.75
ORD01208,2026-02-16,CUST0066,Priya Singh,Sofa,Furniture,Central,5,39772.31,198861.55,45403.54
ORD01209,2024-03-10,CUST0500,Manpreet Mehta,Washing Machine,Home Appliances,West,2,41321.08,82642.16,19187.02
ORD01210,2025-08-02,CUST0215,Arjun Sharma,Smartphone,Technology,North,3,51940.76,155822.28,16818.1
ORD01211,2024-03-17,CUST0407,Navjot Kumar,Sofa,Furniture,South,9,37276.17,335485.53,75165.92
ORD01212,2024-01-04,CUST0225,Isha Singh,Power Bank,Accessories,South,5,2483.57,12417.85,1134.8
ORD01213,2025-12-25,CUST0293,Arjun Verma,Chair,Furniture,Central,9,13429.02,120861.18,17052.09
ORD01214,2024-06-24,CUST0133,Manpreet Malhotra,Refrigerator,Home Appliances,South,5,40745.46,203727.3,32684.01
ORD01215,2024-10-11,CUST0024,Mehak Verma,Desk,Furniture,South,3,4820.9,14462.7,3448.04
ORD01216,2024-01-02,CUST0139,Harpreet Kaur,Smartphone,Technology,East,4,79267.54,317070.16,49754.33
ORD01217,2024-05-16,CUST0324,Isha Kaur,Washing Machine,Home Appliances,West,9,22328.8,200959.2,20660.14
ORD01218,2024-08-12,CUST0460,Navjot Patel,Washing Machine,Home Appliances,East,1,69233.59,69233.59,14870.43
ORD01219,2026-02-02,CUST0091,Manpreet Singh,Television,Home Appliances,West,10,60678.04,606780.4,43256.49
ORD01220,2024-07-27,CUST0485,Mehak Verma,Refrigerator,Home Appliances,Central,4,77179.29,308717.16,35456.97
ORD01221,2026-07-12,CUST0323,Rohit Kumar,Speaker,Accessories,West,7,7521.75,52652.25,6514.56
ORD01222,2025-05-17,CUST0048,Isha Patel,Speaker,Accessories,South,3,7701.77,23105.31,2028.0
ORD01223,2025-12-04,CUST0332,Anjali Singh,Television,Home Appliances,Central,3,41363.62,124090.86,26493.38
ORD01224,2025-10-22,CUST0097,Isha Verma,Smartphone,Technology,West,4,15043.41,60173.64,8484.77
ORD01225,2024-04-22,CUST0052,Manpreet Gupta,Chair,Furniture,North,7,9842.82,68899.74,8736.36
ORD01226,2026-08-19,CUST0391,Sahil Sharma,Smartphone,Technology,Central,2,27384.01,54768.02,5670.2
ORD01227,2024-03-28,CUST0007,Karan Sharma,Laptop,Technology,South,6,72542.21,435253.26,95992.51
ORD01228,2024-06-07,CUST0072,Mehak Kaur,Power Bank,Accessories,South,5,4224.95,21124.75,2457.89
ORD01229,2024-10-30,CUST0029,Simran Patel,Television,Home Appliances,North,1,16802.67,16802.67,1185.65
ORD01230,2025-03-13,CUST0262,Neha Sharma,Speaker,Accessories,West,4,1516.34,6065.36,332.38
ORD01231,2026-01-02,CUST0076,Rohit Sharma,Washing Machine,Home Appliances,North,7,29745.99,208221.93,39011.06
ORD01232,2025-09-22,CUST0252,Sahil Kapoor,Chair,Furniture,East,5,4918.79,24593.95,2987.22
ORD01233,2025-03-14,CUST0061,Navjot Patel,Television,Home Appliances,Central,10,91124.85,911248.5,73100.9
ORD01234,2024-10-20,CUST0172,Rahul Sharma,Sofa,Furniture,East,5,21759.9,108799.5,19034.65
ORD01235,2026-04-10,CUST0449,Manpreet Kumar,Monitor,Technology,North,6,32738.33,196429.98,46470.69
ORD01236,2025-02-03,CUST0404,Mehak Malhotra,Smartphone,Technology,West,3,64444.88,193334.64,22050.05
ORD01237,2024-10-12,CUST0370,Isha Singh,Headphones,Accessories,South,7,2244.8,15713.6,3801.39
ORD01238,2025-05-21,CUST0047,Karan Verma,Refrigerator,Home Appliances,West,7,32731.06,229117.42,27613.63
ORD01239,2025-07-16,CUST0247,Arjun Singh,Webcam,Accessories,West,4,2674.88,10699.52,1354.96
ORD01240,2025-06-23,CUST0276,Harpreet Kumar,Speaker,Accessories,Central,10,6692.47,66924.7,12915.41
ORD01241,2026-05-21,CUST0398,Rahul Mehta,Chair,Furniture,North,1,5057.51,5057.51,458.49
ORD01242,2025-01-04,CUST0186,Priya Verma,Speaker,Accessories,South,1,13932.21,13932.21,3236.07
ORD01243,2026-07-23,CUST0151,Harpreet Patel,Speaker,Accessories,West,9,12775.91,114983.19,28097.74
ORD01244,2025-12-13,CUST0125,Sahil Gupta,Table,Furniture,South,3,6396.64,19189.92,1409.45
ORD01245,2024-03-16,CUST0194,Rohit Kumar,Keyboard,Technology,West,2,2361.07,4722.14,862.02
ORD01246,2024-03-19,CUST0429,Arjun Gupta,Chair,Furniture,North,3,3909.53,11728.59,771.73
ORD01247,2026-02-05,CUST0292,Rohit Sharma,Speaker,Accessories,Central,8,11833.14,94665.12,18811.06
ORD01248,2025-10-22,CUST0358,Arjun Malhotra,Microwave,Home Appliances,North,6,13818.93,82913.58,11507.97
ORD01249,2024-06-26,CUST0147,Arjun Kapoor,Smartphone,Technology,Central,1,14200.06,14200.06,2425.86
ORD01250,2026-04-29,CUST0083,Anjali Sharma,Keyboard,Technology,East,8,4297.26,34378.08,5529.07
ORD01251,2024-04-04,CUST0471,Arjun Mehta,Refrigerator,Home Appliances,Central,3,49656.92,148970.76,15547.41
ORD01252,2024-07-07,CUST0194,Rohit Kumar,Table,Furniture,Central,1,15010.06,15010.06,1407.66
ORD01253,2024-06-17,CUST0310,Anjali Mehta,Keyboard,Technology,North,7,2805.15,19636.05,4230.6
ORD01254,2025-01-06,CUST0412,Manpreet Sharma,Microwave,Home Appliances,Central,2,9699.88,19399.76,1375.06
ORD01255,2024-03-07,CUST0399,Mehak Kaur,Television,Home Appliances,South,3,35360.04,106080.12,16793.92
ORD01256,2024-02-03,CUST0306,Harpreet Verma,Monitor,Technology,South,4,13069.08,52276.32,9288.34
ORD01257,2025-05-10,CUST0138,Sahil Sharma,Mouse,Technology,North,10,1911.99,19119.9,4728.33
ORD01258,2026-02-08,CUST0025,Manpreet Sharma,Television,Home Appliances,East,1,95198.28,95198.28,23429.09
ORD01259,2024-05-12,CUST0491,Karan Kapoor,Speaker,Accessories,North,7,5745.38,40217.66,7847.98
ORD01260,2026-03-26,CUST0170,Mehak Kapoor,Headphones,Accessories,West,3,6523.95,19571.85,1071.31
ORD01261,2025-10-02,CUST0245,Manpreet Malhotra,Monitor,Technology,North,8,12353.02,98824.16,6497.75
ORD01262,2024-06-13,CUST0488,Rahul Sharma,Table,Furniture,Central,3,25186.9,75560.7,15396.64
ORD01263,2025-09-30,CUST0265,Arjun Sharma,Microwave,Home Appliances,West,6,20921.69,125530.14,13578.38
ORD01264,2024-06-05,CUST0021,Simran Kaur,Speaker,Accessories,Central,10,4319.08,43190.8,7401.84
ORD01265,2024-11-12,CUST0322,Anjali Sharma,Headphones,Accessories,Central,3,9851.99,29555.97,6007.65
ORD01266,2024-10-29,CUST0445,Rohit Kumar,Keyboard,Technology,South,6,1195.28,7171.68,602.02
ORD01267,2026-03-01,CUST0035,Manpreet Verma,Washing Machine,Home Appliances,West,2,36375.16,72750.32,6244.69
ORD01268,2024-05-23,CUST0133,Manpreet Malhotra,Webcam,Accessories,North,8,7986.74,63893.92,11504.64
ORD01269,2026-05-27,CUST0498,Rohit Malhotra,Headphones,Accessories,Central,5,4998.19,24990.95,3253.52
ORD01270,2025-01-17,CUST0470,Navjot Kapoor,Sofa,Furniture,North,10,31502.95,315029.5,75735.92
ORD01271,2025-10-21,CUST0350,Rohit Kapoor,Power Bank,Accessories,North,1,1903.88,1903.88,331.51
ORD01272,2024-06-11,CUST0380,Anjali Gupta,Chair,Furniture,Central,2,4009.31,8018.62,867.07
ORD01273,2024-12-23,CUST0205,Arjun Kaur,Smartphone,Technology,West,8,37175.61,297404.88,54671.97
ORD01274,2026-08-02,CUST0240,Sahil Singh,Headphones,Accessories,West,2,1944.05,3888.1,907.84
ORD01275,2025-09-10,CUST0394,Anjali Kaur,Speaker,Accessories,West,2,6920.53,13841.06,1570.36
ORD01276,2026-08-29,CUST0109,Karan Kumar,Headphones,Accessories,West,1,4062.13,4062.13,645.94
ORD01277,2024-03-04,CUST0075,Rohit Verma,Desk,Furniture,East,10,15932.34,159323.4,32635.98
ORD01278,2026-02-15,CUST0405,Karan Kumar,Power Bank,Accessories,West,4,1696.37,6785.48,1517.26
ORD01279,2024-03-24,CUST0139,Harpreet Kaur,Refrigerator,Home Appliances,East,2,25851.39,51702.78,5417.47
ORD01280,2024-02-25,CUST0448,Anjali Patel,Power Bank,Accessories,North,5,3004.07,15020.35,1304.0
ORD01281,2024-12-23,CUST0459,Neha Malhotra,Webcam,Accessories,West,5,9688.61,48443.05,4016.25
ORD01282,2025-12-10,CUST0247,Arjun Singh,Speaker,Accessories,Central,7,14535.46,101748.22,12305.27
ORD01283,2026-01-10,CUST0200,Rahul Kapoor,Mouse,Technology,Central,10,2457.68,24576.8,2204.83
ORD01284,2026-07-07,CUST0316,Priya Singh,Desk,Furniture,West,6,17945.32,107671.92,5689.1
ORD01285,2025-11-21,CUST0479,Rahul Verma,Sofa,Furniture,West,2,53893.56,107787.12,22463.2
ORD01286,2025-10-16,CUST0135,Simran Malhotra,Keyboard,Technology,Central,3,4761.96,14285.88,2526.58
ORD01287,2025-07-13,CUST0050,Sahil Sharma,Smartphone,Technology,South,4,62199.53,248798.12,33347.71
ORD01288,2025-08-13,CUST0308,Rahul Sharma,Speaker,Accessories,North,4,6199.15,24796.6,6059.02
ORD01289,2026-06-07,CUST0190,Isha Kaur,Television,Home Appliances,North,5,40665.28,203326.4,30583.76
ORD01290,2025-07-09,CUST0359,Sahil Malhotra,Power Bank,Accessories,West,6,2539.03,15234.18,1834.84
ORD01291,2024-06-30,CUST0268,Navjot Gupta,Television,Home Appliances,Central,8,93739.65,749917.2,101746.31
ORD01292,2025-12-19,CUST0305,Sahil Kumar,Sofa,Furniture,Central,7,32170.35,225192.45,39818.85
ORD01293,2024-01-17,CUST0481,Rohit Verma,Laptop,Technology,Central,2,88356.39,176712.78,12003.67
ORD01294,2024-04-12,CUST0478,Navjot Patel,Headphones,Accessories,West,10,6460.45,64604.5,15210.86
ORD01295,2025-04-10,CUST0258,Arjun Kaur,Monitor,Technology,Central,4,30996.04,123984.16,11725.91
ORD01296,2026-03-23,CUST0196,Rahul Gupta,Smartphone,Technology,West,2,69943.98,139887.96,16803.72
ORD01297,2024-10-01,CUST0212,Priya Gupta,Headphones,Accessories,East,4,11335.78,45343.12,6870.03
ORD01298,2024-01-27,CUST0158,Rahul Malhotra,Speaker,Accessories,South,7,1556.13,10892.91,615.83
ORD01299,2024-09-04,CUST0405,Karan Kumar,Washing Machine,Home Appliances,Central,10,35424.68,354246.8,88053.65
ORD01300,2026-03-31,CUST0499,Mehak Mehta,Speaker,Accessories,Central,7,9819.62,68737.34,14827.33
ORD01301,2024-11-21,CUST0220,Harpreet Verma,Sofa,Furniture,Central,3,58981.0,176943.0,23112.97
ORD01302,2025-10-08,CUST0082,Karan Singh,Speaker,Accessories,Central,3,2844.3,8532.9,1287.2
ORD01303,2024-07-27,CUST0402,Mehak Sharma,Webcam,Accessories,North,3,8617.37,25852.11,6197.79
ORD01304,2025-09-24,CUST0048,Isha Patel,Keyboard,Technology,Central,10,848.46,8484.6,683.94
ORD01305,2025-10-11,CUST0472,Manpreet Patel,Mouse,Technology,East,3,1456.01,4368.03,1077.52
ORD01306,2026-01-13,CUST0096,Simran Gupta,Table,Furniture,West,9,12423.06,111807.54,24384.26
ORD01307,2025-10-15,CUST0395,Mehak Kumar,Television,Home Appliances,Central,3,38372.01,115116.03,20201.44
ORD01308,2024-05-25,CUST0444,Rohit Sharma,Laptop,Technology,East,10,67547.66,675476.6,50347.91
ORD01309,2024-07-31,CUST0135,Simran Malhotra,Chair,Furniture,West,6,3005.96,18035.76,4194.1
ORD01310,2024-03-19,CUST0052,Manpreet Gupta,Headphones,Accessories,South,8,5551.2,44409.6,10740.17
ORD01311,2024-07-03,CUST0352,Priya Malhotra,Power Bank,Accessories,East,8,4536.8,36294.4,7683.88
ORD01312,2025-05-10,CUST0006,Simran Mehta,Chair,Furniture,Central,6,3523.69,21142.14,5259.06
ORD01313,2024-07-16,CUST0308,Rahul Sharma,Smartphone,Technology,Central,5,46522.4,232612.0,54737.47
ORD01314,2025-01-08,CUST0016,Manpreet Singh,Mouse,Technology,North,3,1779.36,5338.08,497.84
ORD01315,2025-12-09,CUST0461,Neha Gupta,Chair,Furniture,South,4,6258.02,25032.08,1669.35
ORD01316,2025-07-18,CUST0138,Sahil Sharma,Microwave,Home Appliances,East,2,9785.51,19571.02,2342.86
ORD01317,2024-09-13,CUST0240,Sahil Singh,Power Bank,Accessories,South,7,2953.16,20672.12,4846.98
ORD01318,2026-03-24,CUST0102,Sahil Kaur,Microwave,Home Appliances,South,10,7955.0,79550.0,8934.82
ORD01319,2024-10-05,CUST0489,Arjun Kapoor,Power Bank,Accessories,East,7,4508.0,31556.0,5341.36
ORD01320,2025-01-17,CUST0319,Manpreet Malhotra,Mouse,Technology,North,4,1457.61,5830.44,952.86
ORD01321,2024-10-27,CUST0231,Arjun Gupta,Chair,Furniture,Central,5,14455.27,72276.35,12097.17
ORD01322,2025-03-15,CUST0424,Harpreet Verma,Microwave,Home Appliances,South,3,6568.86,19706.58,4174.01
ORD01323,2026-03-09,CUST0184,Neha Verma,Chair,Furniture,East,6,4797.39,28784.34,3580.57
ORD01324,2025-08-04,CUST0063,Navjot Mehta,Monitor,Technology,East,6,26583.9,159503.4,14794.66
ORD01325,2024-08-10,CUST0461,Neha Gupta,Chair,Furniture,North,10,7012.68,70126.8,6482.17
ORD01326,2025-03-21,CUST0288,Harpreet Malhotra,Television,Home Appliances,East,7,63785.61,446499.27,83239.24
ORD01327,2024-10-08,CUST0417,Aman Malhotra,Refrigerator,Home Appliances,West,8,33798.63,270389.04,40485.4
ORD01328,2024-08-30,CUST0062,Rohit Verma,Keyboard,Technology,Central,6,1518.79,9112.74,1533.07
ORD01329,2026-07-22,CUST0011,Aman Patel,Television,Home Appliances,West,10,69711.66,697116.6,172599.76
ORD01330,2024-02-10,CUST0146,Karan Singh,Sofa,Furniture,East,9,16665.37,149988.33,35038.31
ORD01331,2024-10-08,CUST0331,Karan Patel,Laptop,Technology,East,7,68193.6,477355.2,92917.54
ORD01332,2024-02-18,CUST0386,Aman Gupta,Microwave,Home Appliances,West,6,7515.58,45093.48,6708.27
ORD01333,2026-08-18,CUST0153,Simran Kumar,Power Bank,Accessories,Central,2,4364.42,8728.84,1908.26
ORD01334,2024-11-26,CUST0053,Karan Verma,Smartphone,Technology,West,1,13348.4,13348.4,1037.8
ORD01335,2025-07-04,CUST0116,Priya Kumar,Chair,Furniture,North,6,4485.08,26910.48,5738.11
ORD01336,2026-08-27,CUST0479,Rahul Verma,Monitor,Technology,East,1,31849.62,31849.62,2298.29
ORD01337,2024-06-23,CUST0039,Anjali Gupta,Washing Machine,Home Appliances,South,7,53771.92,376403.44,39139.34
ORD01338,2026-06-28,CUST0299,Rohit Kapoor,Headphones,Accessories,West,3,2389.18,7167.54,1437.86
ORD01339,2025-11-08,CUST0327,Harpreet Patel,Headphones,Accessories,West,4,6739.4,26957.6,4463.56
ORD01340,2024-09-27,CUST0500,Manpreet Mehta,Washing Machine,Home Appliances,East,8,58177.49,465419.92,44292.2
ORD01341,2026-01-22,CUST0365,Anjali Sharma,Monitor,Technology,South,4,23079.91,92319.64,16792.59
ORD01342,2025-11-17,CUST0356,Karan Kapoor,Laptop,Technology,South,1,98305.91,98305.91,9092.81
ORD01343,2025-08-27,CUST0240,Sahil Singh,Speaker,Accessories,Central,6,8083.22,48499.32,4448.95
ORD01344,2024-04-18,CUST0264,Rahul Mehta,Washing Machine,Home Appliances,South,3,54842.64,164527.92,36123.98
ORD01345,2026-03-09,CUST0113,Karan Gupta,Microwave,Home Appliances,West,10,24526.23,245262.3,37449.79
ORD01346,2025-08-14,CUST0097,Isha Verma,Monitor,Technology,North,5,19423.54,97117.7,23337.28
ORD01347,2025-04-16,CUST0076,Rohit Sharma,Headphones,Accessories,South,4,9195.29,36781.16,1961.08
ORD01348,2024-05-01,CUST0137,Karan Kapoor,Keyboard,Technology,Central,8,3579.92,28639.36,3447.93
ORD01349,2025-06-04,CUST0044,Mehak Singh,Microwave,Home Appliances,East,7,10029.25,70204.75,10561.47
ORD01350,2026-01-19,CUST0028,Isha Malhotra,Webcam,Accessories,West,1,4643.14,4643.14,834.49
ORD01351,2025-09-14,CUST0100,Simran Kaur,Refrigerator,Home Appliances,West,10,48188.45,481884.5,50687.09
ORD01352,2024-08-12,CUST0266,Simran Mehta,Headphones,Accessories,North,4,8492.77,33971.08,8214.01
ORD01353,2024-10-09,CUST0028,Isha Malhotra,Mouse,Technology,South,2,1165.45,2330.9,364.61
ORD01354,2026-06-19,CUST0452,Anjali Sharma,Power Bank,Accessories,East,4,2450.12,9800.48,1928.59
ORD01355,2025-12-23,CUST0254,Sahil Kumar,Table,Furniture,Central,6,24643.19,147859.14,26227.23
ORD01356,2024-11-08,CUST0148,Priya Kaur,Laptop,Technology,South,10,51104.73,511047.3,74281.58
ORD01357,2024-05-25,CUST0088,Sahil Patel,Television,Home Appliances,North,6,29164.86,174989.16,40242.93
ORD01358,2026-06-21,CUST0342,Neha Gupta,Power Bank,Accessories,North,3,2203.03,6609.09,1618.4
ORD01359,2025-05-15,CUST0088,Sahil Patel,Mouse,Technology,South,8,1380.36,11042.88,1840.09
ORD01360,2024-10-24,CUST0242,Isha Malhotra,Laptop,Technology,South,10,89135.59,891355.9,165800.44
ORD01361,2026-01-23,CUST0269,Karan Mehta,Table,Furniture,East,2,24381.41,48762.82,5408.79
ORD01362,2024-09-16,CUST0232,Isha Sharma,Webcam,Accessories,East,5,9913.24,49566.2,9054.84
ORD01363,2026-03-04,CUST0235,Harpreet Kaur,Monitor,Technology,Central,6,16130.62,96783.72,22093.25
ORD01364,2025-02-24,CUST0248,Manpreet Kaur,Monitor,Technology,South,1,26516.17,26516.17,2110.16
ORD01365,2025-12-13,CUST0338,Anjali Kumar,Desk,Furniture,West,4,14454.48,57817.92,9569.84
ORD01366,2024-10-07,CUST0185,Priya Gupta,Chair,Furniture,Central,7,4519.95,31639.65,5623.84
ORD01367,2025-02-04,CUST0461,Neha Gupta,Speaker,Accessories,Central,6,5081.68,30490.08,6939.51
ORD01368,2024-12-17,CUST0214,Rohit Kapoor,Washing Machine,Home Appliances,Central,10,27909.78,279097.8,42985.4
ORD01369,2024-01-09,CUST0063,Navjot Mehta,Power Bank,Accessories,West,6,3179.98,19079.88,2054.55
ORD01370,2025-09-30,CUST0475,Arjun Kumar,Sofa,Furniture,Central,9,45641.54,410773.86,99955.37
ORD01371,2024-01-16,CUST0341,Priya Verma,Desk,Furniture,West,2,14223.32,28446.64,5972.57
ORD01372,2024-11-09,CUST0021,Simran Kaur,Desk,Furniture,North,2,21334.88,42669.76,2587.44
ORD01373,2024-10-17,CUST0221,Rahul Kapoor,Television,Home Appliances,Central,3,19241.67,57725.01,6929.52
ORD01374,2024-07-20,CUST0341,Priya Verma,Chair,Furniture,West,3,11271.56,33814.68,8426.04
ORD01375,2024-09-11,CUST0300,Manpreet Singh,Monitor,Technology,West,8,13909.16,111273.28,26325.81
ORD01376,2024-06-26,CUST0217,Sahil Verma,Headphones,Accessories,Central,5,10823.37,54116.85,9167.81
ORD01377,2025-03-02,CUST0224,Simran Kaur,Refrigerator,Home Appliances,Central,4,67832.48,271329.92,27134.1
ORD01378,2025-04-17,CUST0103,Manpreet Patel,Washing Machine,Home Appliances,Central,10,22451.09,224510.9,52855.19
ORD01379,2024-11-16,CUST0094,Mehak Gupta,Power Bank,Accessories,Central,9,1203.38,10830.42,1498.72
ORD01380,2025-02-24,CUST0479,Rahul Verma,Microwave,Home Appliances,West,8,12729.68,101837.44,13656.52
ORD01381,2024-11-05,CUST0015,Arjun Sharma,Keyboard,Technology,South,3,1171.4,3514.2,608.1
ORD01382,2024-02-24,CUST0298,Anjali Kumar,Refrigerator,Home Appliances,West,10,63462.28,634622.8,143146.18
ORD01383,2024-02-25,CUST0065,Karan Gupta,Headphones,Accessories,North,9,6090.89,54818.01,7786.58
ORD01384,2025-08-02,CUST0029,Simran Patel,Television,Home Appliances,West,2,43346.09,86692.18,18585.77
ORD01385,2026-01-27,CUST0354,Navjot Sharma,Television,Home Appliances,North,10,25322.63,253226.3,46817.14
ORD01386,2026-07-05,CUST0360,Rohit Patel,Table,Furniture,South,8,19051.23,152409.84,11778.32
ORD01387,2024-04-27,CUST0155,Anjali Kapoor,Television,Home Appliances,North,10,83477.43,834774.3,156566.04
ORD01388,2025-04-30,CUST0001,Harpreet Kaur,Chair,Furniture,North,4,8757.69,35030.76,3182.85
ORD01389,2025-05-10,CUST0427,Anjali Malhotra,Power Bank,Accessories,South,2,1033.74,2067.48,227.39
ORD01390,2025-09-23,CUST0420,Neha Kapoor,Desk,Furniture,North,8,21255.42,170043.36,37726.29
ORD01391,2026-01-29,CUST0222,Rohit Malhotra,Chair,Furniture,Central,4,4402.5,17610.0,1481.97
ORD01392,2025-05-19,CUST0103,Manpreet Patel,Power Bank,Accessories,East,2,2018.15,4036.3,976.05
ORD01393,2026-04-13,CUST0342,Neha Gupta,Microwave,Home Appliances,West,2,13330.59,26661.18,3807.02
ORD01394,2025-08-17,CUST0076,Rohit Sharma,Monitor,Technology,East,10,20341.22,203412.2,26013.55
ORD01395,2025-04-24,CUST0018,Neha Verma,Headphones,Accessories,West,6,10989.19,65935.14,15993.18
ORD01396,2026-07-13,CUST0142,Manpreet Kaur,Smartphone,Technology,Central,9,35042.34,315381.06,29064.27
ORD01397,2025-07-30,CUST0200,Rahul Kapoor,Smartphone,Technology,East,6,55914.35,335486.1,60785.61
ORD01398,2024-03-10,CUST0236,Neha Patel,Desk,Furniture,West,5,20484.18,102420.9,24037.71
ORD01399,2025-06-22,CUST0193,Simran Kaur,Speaker,Accessories,East,9,9276.53,83488.77,17121.84
ORD01400,2024-01-31,CUST0067,Rohit Kapoor,Washing Machine,Home Appliances,South,7,48393.65,338755.55,21515.72
ORD01401,2024-08-25,CUST0119,Rohit Kumar,Laptop,Technology,South,8,69966.03,559728.24,64218.67
ORD01402,2024-03-04,CUST0054,Simran Kumar,Sofa,Furniture,Central,7,49011.62,343081.34,80444.05
ORD01403,2025-01-18,CUST0129,Priya Patel,Laptop,Technology,Central,2,90808.11,181616.22,25118.56
ORD01404,2025-10-14,CUST0324,Isha Kaur,Smartphone,Technology,Central,8,32481.15,259849.2,32617.78
ORD01405,2024-08-18,CUST0285,Navjot Verma,Table,Furniture,South,8,11312.37,90498.96,16811.97
ORD01406,2024-01-25,CUST0380,Anjali Gupta,Sofa,Furniture,North,4,51622.7,206490.8,13876.94
ORD01407,2025-08-04,CUST0105,Rahul Kapoor,Smartphone,Technology,Central,6,72530.37,435182.22,89158.89
ORD01408,2026-05-02,CUST0443,Navjot Verma,Monitor,Technology,South,9,13003.22,117028.98,17464.83
ORD01409,2026-03-31,CUST0293,Arjun Verma,Webcam,Accessories,North,9,4530.12,40771.08,8997.54
ORD01410,2026-03-12,CUST0225,Isha Singh,Power Bank,Accessories,Central,10,4470.7,44707.0,2934.07
ORD01411,2024-12-04,CUST0153,Simran Kumar,Laptop,Technology,North,1,69922.73,69922.73,11907.7
ORD01412,2026-06-11,CUST0115,Anjali Kaur,Washing Machine,Home Appliances,South,6,38302.17,229813.02,14613.94
ORD01413,2026-08-12,CUST0496,Arjun Kaur,Television,Home Appliances,Central,4,60426.02,241704.08,53329.36
ORD01414,2024-04-23,CUST0257,Karan Gupta,Microwave,Home Appliances,Central,9,17754.25,159788.25,30280.45
ORD01415,2024-12-08,CUST0242,Isha Malhotra,Television,Home Appliances,North,7,17743.35,124203.45,12690.64
ORD01416,2024-03-15,CUST0072,Mehak Kaur,Desk,Furniture,Central,1,23407.66,23407.66,2273.43
ORD01417,2025-09-19,CUST0464,Arjun Kumar,Monitor,Technology,North,7,34488.51,241419.57,40951.89
ORD01418,2025-05-23,CUST0455,Navjot Kumar,Speaker,Accessories,Central,1,5151.86,5151.86,364.81
ORD01419,2024-02-26,CUST0116,Priya Kumar,Microwave,Home Appliances,North,4,15074.26,60297.04,3273.45
ORD01420,2024-02-23,CUST0397,Manpreet Gupta,Sofa,Furniture,West,1,45687.35,45687.35,7332.78
ORD01421,2024-04-28,CUST0393,Priya Singh,Speaker,Accessories,West,7,7301.2,51108.4,8172.69
ORD01422,2024-08-31,CUST0061,Navjot Patel,Washing Machine,Home Appliances,South,7,28069.57,196486.99,45902.06
ORD01423,2026-04-01,CUST0048,Isha Patel,Smartphone,Technology,North,9,38914.58,350231.22,57301.23
ORD01424,2024-10-16,CUST0448,Anjali Patel,Chair,Furniture,North,3,2995.95,8987.85,1237.73
ORD01425,2025-05-05,CUST0161,Arjun Malhotra,Refrigerator,Home Appliances,North,3,89866.22,269598.66,46161.97
ORD01426,2025-12-23,CUST0337,Manpreet Patel,Laptop,Technology,East,9,55011.93,495107.37,45140.02
ORD01427,2024-10-26,CUST0460,Navjot Patel,Sofa,Furniture,South,6,47091.02,282546.12,58216.28
ORD01428,2024-12-20,CUST0270,Rohit Kaur,Washing Machine,Home Appliances,West,9,54284.13,488557.17,34626.8
ORD01429,2025-06-17,CUST0362,Isha Kumar,Webcam,Accessories,South,3,2166.79,6500.37,1418.93
ORD01430,2024-08-28,CUST0157,Isha Sharma,Chair,Furniture,West,3,6841.07,20523.21,1173.38
ORD01431,2025-08-25,CUST0333,Navjot Kapoor,Headphones,Accessories,West,1,1234.19,1234.19,128.43
ORD01432,2024-01-20,CUST0154,Rahul Malhotra,Laptop,Technology,West,10,56745.55,567455.5,71946.12
ORD01433,2025-03-17,CUST0197,Isha Kaur,Headphones,Accessories,Central,7,3468.93,24282.51,2109.79
ORD01434,2026-07-20,CUST0027,Rohit Kaur,Television,Home Appliances,Central,6,61031.68,366190.08,86949.92
ORD01435,2024-01-29,CUST0387,Priya Kaur,Washing Machine,Home Appliances,East,10,60132.67,601326.7,56109.09
ORD01436,2025-07-20,CUST0372,Aman Malhotra,Power Bank,Accessories,West,1,4086.97,4086.97,864.31
ORD01437,2024-09-23,CUST0488,Rahul Sharma,Microwave,Home Appliances,South,10,14052.87,140528.7,28640.1
ORD01438,2024-01-16,CUST0492,Simran Mehta,Power Bank,Accessories,East,4,3931.66,15726.64,1201.11
ORD01439,2025-08-07,CUST0410,Manpreet Kaur,Television,Home Appliances,West,9,99898.52,899086.68,98148.78
ORD01440,2026-04-09,CUST0020,Manpreet Gupta,Washing Machine,Home Appliances,Central,5,31974.86,159874.3,33011.69
ORD01441,2026-05-17,CUST0007,Karan Sharma,Monitor,Technology,South,6,23347.91,140087.46,30426.99
ORD01442,2025-01-02,CUST0228,Mehak Patel,Headphones,Accessories,West,8,5839.0,46712.0,2681.3
ORD01443,2025-09-16,CUST0327,Harpreet Patel,Sofa,Furniture,Central,2,17636.32,35272.64,3713.83
ORD01444,2025-05-21,CUST0161,Arjun Malhotra,Keyboard,Technology,South,5,1555.18,7775.9,792.43
ORD01445,2025-11-01,CUST0117,Simran Gupta,Table,Furniture,North,1,26780.98,26780.98,2585.29
ORD01446,2026-01-01,CUST0095,Anjali Sharma,Webcam,Accessories,East,4,1856.62,7426.48,461.65
ORD01447,2024-02-15,CUST0500,Manpreet Mehta,Television,Home Appliances,Central,6,72662.96,435977.76,68922.97
ORD01448,2024-03-20,CUST0121,Aman Kaur,Television,Home Appliances,South,8,21585.73,172685.84,12543.3
ORD01449,2025-03-12,CUST0105,Rahul Kapoor,Washing Machine,Home Appliances,East,7,61115.17,427806.19,27498.8
ORD01450,2025-02-21,CUST0074,Mehak Kapoor,Monitor,Technology,East,6,24388.1,146328.6,17120.03
ORD01451,2024-06-02,CUST0241,Manpreet Singh,Television,Home Appliances,Central,1,28626.59,28626.59,3096.67
ORD01452,2026-03-10,CUST0014,Anjali Mehta,Mouse,Technology,Central,6,1028.7,6172.2,939.16
ORD01453,2026-01-13,CUST0402,Mehak Sharma,Refrigerator,Home Appliances,South,10,46518.78,465187.8,26292.37
ORD01454,2025-08-11,CUST0196,Rahul Gupta,Laptop,Technology,Central,4,97517.51,390070.04,63612.81
ORD01455,2025-09-13,CUST0376,Rahul Kapoor,Headphones,Accessories,West,9,10323.55,92911.95,19478.16
ORD01456,2024-09-06,CUST0338,Anjali Kumar,Webcam,Accessories,East,10,3788.05,37880.5,4114.32
ORD01457,2025-03-31,CUST0125,Sahil Gupta,Refrigerator,Home Appliances,West,2,51907.48,103814.96,19581.02
ORD01458,2025-10-31,CUST0186,Priya Verma,Monitor,Technology,West,2,23132.34,46264.68,10776.3
ORD01459,2026-04-26,CUST0310,Anjali Mehta,Sofa,Furniture,South,4,50383.69,201534.76,33025.19
ORD01460,2026-03-25,CUST0474,Simran Kumar,Sofa,Furniture,East,3,45334.73,136004.19,23271.56
ORD01461,2024-05-31,CUST0175,Simran Mehta,Television,Home Appliances,Central,7,21928.01,153496.07,23178.7
ORD01462,2025-03-04,CUST0254,Sahil Kumar,Table,Furniture,East,1,26910.14,26910.14,2243.07
ORD01463,2024-01-25,CUST0392,Mehak Singh,Headphones,Accessories,South,1,2390.38,2390.38,518.17
ORD01464,2025-12-14,CUST0038,Karan Verma,Sofa,Furniture,Central,6,55691.72,334150.32,25225.21
ORD01465,2025-09-23,CUST0124,Isha Sharma,Television,Home Appliances,North,6,43628.7,261772.2,44055.11
ORD01466,2026-07-21,CUST0370,Isha Singh,Laptop,Technology,West,6,84324.91,505949.46,121419.68
ORD01467,2026-01-21,CUST0323,Rohit Kumar,Power Bank,Accessories,South,8,2015.02,16120.16,3063.2
ORD01468,2025-11-21,CUST0371,Mehak Patel,Smartphone,Technology,West,10,72691.94,726919.4,122565.63
ORD01469,2026-03-02,CUST0195,Rohit Verma,Microwave,Home Appliances,North,10,9357.72,93577.2,9906.07
ORD01470,2025-06-21,CUST0119,Rohit Kumar,Microwave,Home Appliances,Central,10,12481.23,124812.3,19163.12
ORD01471,2024-05-26,CUST0261,Karan Patel,Webcam,Accessories,North,6,4243.8,25462.8,5129.74
ORD01472,2024-11-17,CUST0417,Aman Malhotra,Sofa,Furniture,North,10,38361.07,383610.7,86664.08
ORD01473,2024-08-17,CUST0178,Isha Mehta,Refrigerator,Home Appliances,South,5,28298.58,141492.9,20845.75
ORD01474,2024-07-30,CUST0148,Priya Kaur,Television,Home Appliances,Central,5,93583.85,467919.25,36591.58
ORD01475,2025-07-06,CUST0430,Sahil Kumar,Chair,Furniture,Central,1,9779.09,9779.09,2366.26
ORD01476,2024-10-15,CUST0410,Manpreet Kaur,Chair,Furniture,Central,1,8348.76,8348.76,1034.48
ORD01477,2026-01-03,CUST0219,Neha Singh,Speaker,Accessories,North,5,12719.01,63595.05,14855.74
ORD01478,2026-01-19,CUST0228,Mehak Patel,Power Bank,Accessories,North,3,1904.84,5714.52,1420.72
ORD01479,2024-11-30,CUST0496,Arjun Kaur,Television,Home Appliances,South,4,78263.59,313054.36,61193.46
ORD01480,2024-03-16,CUST0260,Neha Patel,Washing Machine,Home Appliances,East,9,41580.13,374221.17,69012.48
ORD01481,2026-05-11,CUST0457,Neha Kapoor,Keyboard,Technology,Central,9,1221.84,10996.56,1248.17
ORD01482,2026-08-23,CUST0339,Arjun Kapoor,Laptop,Technology,South,10,54754.82,547548.2,68575.93
ORD01483,2026-01-21,CUST0345,Rahul Kumar,Desk,Furniture,West,8,13872.42,110979.36,23613.5
ORD01484,2026-05-27,CUST0145,Anjali Singh,Table,Furniture,South,2,20869.32,41738.64,10024.23
ORD01485,2024-07-01,CUST0002,Aman Verma,Headphones,Accessories,North,10,6397.6,63976.0,5867.2
ORD01486,2025-05-10,CUST0215,Arjun Sharma,Microwave,Home Appliances,Central,4,17989.5,71958.0,12775.63
ORD01487,2025-05-16,CUST0337,Manpreet Patel,Desk,Furniture,West,5,21654.53,108272.65,19878.33
ORD01488,2026-06-21,CUST0307,Priya Kumar,Microwave,Home Appliances,East,4,11612.93,46451.72,3366.52
ORD01489,2025-04-20,CUST0215,Arjun Sharma,Webcam,Accessories,East,7,3602.87,25220.09,1845.2
ORD01490,2025-05-10,CUST0339,Arjun Kapoor,Monitor,Technology,West,3,26818.15,80454.45,16471.95
ORD01491,2026-06-30,CUST0308,Rahul Sharma,Speaker,Accessories,West,5,1890.99,9454.95,1432.4
ORD01492,2025-03-28,CUST0032,Mehak Kumar,Washing Machine,Home Appliances,West,7,53099.43,371696.01,47679.56
ORD01493,2026-04-18,CUST0205,Arjun Kaur,Television,Home Appliances,North,4,37806.96,151227.84,17840.09
ORD01494,2026-03-09,CUST0158,Rahul Malhotra,Power Bank,Accessories,North,3,1729.5,5188.5,815.65
ORD01495,2024-01-22,CUST0486,Anjali Kapoor,Refrigerator,Home Appliances,West,1,62347.28,62347.28,14966.82
ORD01496,2024-02-20,CUST0047,Karan Verma,Washing Machine,Home Appliances,Central,9,57875.79,520882.11,32655.64
ORD01497,2026-01-05,CUST0108,Sahil Mehta,Refrigerator,Home Appliances,South,9,88965.21,800686.89,103372.89
ORD01498,2024-09-11,CUST0149,Anjali Patel,Desk,Furniture,North,4,10961.54,43846.16,7041.27
ORD01499,2024-02-13,CUST0019,Rahul Kumar,Mouse,Technology,South,7,756.3,5294.1,1102.6
ORD01500,2026-02-06,CUST0145,Anjali Singh,Television,Home Appliances,North,4,34550.45,138201.8,7843.73
ORD01501,2024-03-19,CUST0417,Aman Malhotra,Power Bank,Accessories,North,5,1351.01,6755.05,1502.3
ORD01502,2024-06-04,CUST0259,Manpreet Verma,Headphones,Accessories,North,9,1162.16,10459.44,1788.3
ORD01503,2025-03-11,CUST0377,Rahul Sharma,Speaker,Accessories,Central,5,12724.87,63624.35,13167.34
ORD01504,2025-11-02,CUST0381,Neha Malhotra,Monitor,Technology,Central,4,15399.34,61597.36,4307.86
ORD01505,2025-07-28,CUST0242,Isha Malhotra,Webcam,Accessories,East,4,5151.04,20604.16,5014.58
ORD01506,2025-01-16,CUST0248,Manpreet Kaur,Refrigerator,Home Appliances,Central,8,46768.58,374148.64,73150.36
ORD01507,2024-08-25,CUST0366,Karan Gupta,Keyboard,Technology,West,1,1741.06,1741.06,225.41
ORD01508,2025-10-07,CUST0190,Isha Kaur,Headphones,Accessories,North,6,8071.0,48426.0,3813.75
ORD01509,2024-03-26,CUST0049,Priya Gupta,Table,Furniture,South,8,26620.69,212965.52,35923.43
ORD01510,2024-11-14,CUST0207,Arjun Kaur,Speaker,Accessories,East,8,2295.59,18364.72,1843.91
ORD01511,2026-06-11,CUST0428,Sahil Mehta,Chair,Furniture,North,10,6178.76,61787.6,10488.2
ORD01512,2024-08-29,CUST0138,Sahil Sharma,Sofa,Furniture,East,6,39551.49,237308.94,57403.86
ORD01513,2025-01-19,CUST0237,Isha Malhotra,Headphones,Accessories,South,7,11133.53,77934.71,14795.99
ORD01514,2025-03-24,CUST0388,Manpreet Sharma,Smartphone,Technology,North,2,46395.73,92791.46,7723.9
ORD01515,2026-02-05,CUST0020,Manpreet Gupta,Power Bank,Accessories,Central,9,1517.03,13653.27,2013.02
ORD01516,2026-01-07,CUST0215,Arjun Sharma,Headphones,Accessories,East,7,4264.26,29849.82,7437.05
ORD01517,2025-06-19,CUST0268,Navjot Gupta,Washing Machine,Home Appliances,South,3,47318.14,141954.42,11115.53
ORD01518,2026-08-07,CUST0412,Manpreet Sharma,Washing Machine,Home Appliances,South,4,42549.72,170198.88,40378.07
ORD01519,2024-03-09,CUST0085,Rohit Singh,Headphones,Accessories,North,3,4494.57,13483.71,1079.64
ORD01520,2024-04-06,CUST0160,Arjun Kapoor,Table,Furniture,North,9,22351.13,201160.17,28508.16
ORD01521,2024-12-19,CUST0320,Priya Singh,Speaker,Accessories,North,9,2401.42,21612.78,4898.94
ORD01522,2024-11-09,CUST0476,Neha Singh,Desk,Furniture,East,7,9967.94,69775.58,11645.1
ORD01523,2024-06-05,CUST0320,Priya Singh,Webcam,Accessories,North,4,6269.45,25077.8,1642.48
ORD01524,2026-03-27,CUST0375,Simran Malhotra,Desk,Furniture,Central,10,7744.83,77448.3,5457.35
ORD01525,2026-04-06,CUST0301,Harpreet Kaur,Webcam,Accessories,Central,10,6393.07,63930.7,10929.28
ORD01526,2024-04-03,CUST0343,Isha Patel,Speaker,Accessories,Central,4,3769.34,15077.36,3736.43
ORD01527,2026-07-06,CUST0076,Rohit Sharma,Table,Furniture,North,1,16886.6,16886.6,1936.35
ORD01528,2026-02-17,CUST0071,Manpreet Malhotra,Power Bank,Accessories,North,6,3592.34,21554.04,2381.97
ORD01529,2026-05-08,CUST0124,Isha Sharma,Power Bank,Accessories,Central,8,4050.46,32403.68,3920.79
ORD01530,2026-05-03,CUST0163,Harpreet Kapoor,Mouse,Technology,East,3,2605.48,7816.44,1868.9
ORD01531,2024-09-13,CUST0365,Anjali Sharma,Sofa,Furniture,North,8,40221.86,321774.88,60821.87
ORD01532,2026-02-28,CUST0286,Rohit Singh,Webcam,Accessories,East,6,3013.11,18078.66,3996.73
ORD01533,2024-07-02,CUST0373,Mehak Mehta,Speaker,Accessories,North,4,9829.15,39316.6,4973.22
ORD01534,2024-12-02,CUST0101,Navjot Kapoor,Webcam,Accessories,North,1,5971.02,5971.02,998.58
ORD01535,2024-02-04,CUST0467,Navjot Patel,Washing Machine,Home Appliances,East,1,44145.25,44145.25,7564.5
ORD01536,2024-02-28,CUST0329,Neha Kapoor,Power Bank,Accessories,Central,5,984.45,4922.25,516.02
ORD01537,2025-04-29,CUST0422,Karan Singh,Keyboard,Technology,Central,8,4988.37,39906.96,5908.63
ORD01538,2024-06-05,CUST0414,Karan Gupta,Laptop,Technology,South,10,62172.03,621720.3,142282.57
ORD01539,2025-10-14,CUST0446,Simran Kumar,Chair,Furniture,North,2,7454.44,14908.88,912.57
ORD01540,2026-01-25,CUST0161,Arjun Malhotra,Mouse,Technology,North,4,1193.7,4774.8,864.34
ORD01541,2025-01-10,CUST0171,Rohit Patel,Refrigerator,Home Appliances,Central,10,83400.73,834007.3,162153.63
ORD01542,2026-04-24,CUST0008,Aman Kaur,Power Bank,Accessories,Central,1,4318.41,4318.41,272.02
ORD01543,2024-07-22,CUST0076,Rohit Sharma,Television,Home Appliances,Central,1,29669.74,29669.74,3118.44
ORD01544,2024-12-15,CUST0210,Rahul Verma,Chair,Furniture,West,9,6045.14,54406.26,6536.2
ORD01545,2024-04-02,CUST0291,Arjun Malhotra,Mouse,Technology,South,2,2825.68,5651.36,413.98
ORD01546,2026-03-18,CUST0374,Harpreet Sharma,Smartphone,Technology,North,1,32225.09,32225.09,6552.8
ORD01547,2025-11-28,CUST0112,Navjot Verma,Microwave,Home Appliances,South,4,7544.22,30176.88,3366.43
ORD01548,2024-05-23,CUST0383,Arjun Kaur,Desk,Furniture,Central,5,5120.04,25600.2,2191.4
ORD01549,2024-06-30,CUST0162,Navjot Patel,Speaker,Accessories,East,5,12776.22,63881.1,14482.72
ORD01550,2024-12-23,CUST0133,Manpreet Malhotra,Webcam,Accessories,Central,6,2285.5,13713.0,2272.78
ORD01551,2025-07-04,CUST0231,Arjun Gupta,Chair,Furniture,Central,10,14345.65,143456.5,18238.51
ORD01552,2025-12-17,CUST0108,Sahil Mehta,Webcam,Accessories,Central,5,6991.07,34955.35,3198.04
ORD01553,2025-04-23,CUST0283,Harpreet Malhotra,Television,Home Appliances,East,4,58628.16,234512.64,23836.51
ORD01554,2025-04-23,CUST0017,Navjot Malhotra,Mouse,Technology,Central,3,2145.83,6437.49,933.71
ORD01555,2024-04-17,CUST0166,Aman Mehta,Microwave,Home Appliances,East,1,18507.79,18507.79,2118.67
ORD01556,2026-07-13,CUST0446,Simran Kumar,Smartphone,Technology,North,6,39498.54,236991.24,27807.22
ORD01557,2024-01-23,CUST0096,Simran Gupta,Washing Machine,Home Appliances,West,9,26462.77,238164.93,20775.64
ORD01558,2024-09-15,CUST0415,Simran Patel,Power Bank,Accessories,East,8,3870.01,30960.08,6712.74
ORD01559,2026-08-09,CUST0308,Rahul Sharma,Microwave,Home Appliances,South,5,18892.56,94462.8,5481.28
ORD01560,2025-02-14,CUST0391,Sahil Sharma,Keyboard,Technology,Central,5,2588.76,12943.8,3116.82
ORD01561,2026-08-23,CUST0015,Arjun Sharma,Table,Furniture,Central,10,28058.84,280588.4,68196.2
ORD01562,2024-11-12,CUST0102,Sahil Kaur,Table,Furniture,South,1,21585.16,21585.16,5268.18
ORD01563,2024-05-31,CUST0411,Manpreet Mehta,Microwave,Home Appliances,South,8,13523.88,108191.04,5427.8
ORD01564,2024-07-27,CUST0453,Simran Verma,Desk,Furniture,West,3,10458.06,31374.18,3050.72
ORD01565,2024-06-12,CUST0047,Karan Verma,Table,Furniture,East,6,22117.84,132707.04,6766.59
ORD01566,2026-05-01,CUST0052,Manpreet Gupta,Power Bank,Accessories,West,8,3734.87,29878.96,5488.39
ORD01567,2024-05-16,CUST0362,Isha Kumar,Chair,Furniture,West,6,7038.46,42230.76,8556.33
ORD01568,2025-06-30,CUST0396,Anjali Verma,Washing Machine,Home Appliances,North,7,60629.14,424403.98,71888.85
ORD01569,2024-08-28,CUST0178,Isha Mehta,Headphones,Accessories,East,10,3438.63,34386.3,2944.57
ORD01570,2025-10-23,CUST0186,Priya Verma,Television,Home Appliances,South,7,66898.15,468287.05,109072.11
ORD01571,2024-12-13,CUST0071,Manpreet Malhotra,Speaker,Accessories,West,5,2097.35,10486.75,1437.53
ORD01572,2026-04-20,CUST0335,Manpreet Kumar,Sofa,Furniture,West,5,21783.64,108918.2,13872.16
ORD01573,2026-05-04,CUST0018,Neha Verma,Microwave,Home Appliances,North,7,9410.84,65875.88,12283.74
ORD01574,2025-02-18,CUST0239,Isha Kumar,Monitor,Technology,North,2,26523.77,53047.54,9610.82
ORD01575,2024-01-12,CUST0083,Anjali Sharma,Refrigerator,Home Appliances,West,7,60227.75,421594.25,78947.63
ORD01576,2026-01-29,CUST0335,Manpreet Kumar,Power Bank,Accessories,North,5,4039.71,20198.55,2726.73
ORD01577,2025-01-08,CUST0310,Anjali Mehta,Webcam,Accessories,North,6,8138.53,48831.18,10685.91
ORD01578,2024-03-22,CUST0403,Isha Verma,Sofa,Furniture,South,7,38927.02,272489.14,61054.7
ORD01579,2025-04-10,CUST0004,Rahul Kaur,Washing Machine,Home Appliances,West,10,28275.88,282758.8,55286.63
ORD01580,2024-02-21,CUST0025,Manpreet Sharma,Webcam,Accessories,Central,8,1838.68,14709.44,2089.48
ORD01581,2024-01-25,CUST0352,Priya Malhotra,Washing Machine,Home Appliances,Central,5,40136.53,200682.65,40812.18
ORD01582,2024-10-31,CUST0137,Karan Kapoor,Desk,Furniture,North,1,11494.59,11494.59,1601.82
ORD01583,2024-09-11,CUST0306,Harpreet Verma,Monitor,Technology,South,9,27761.42,249852.78,49404.9
ORD01584,2024-10-08,CUST0044,Mehak Singh,Smartphone,Technology,East,8,60875.12,487000.96,66339.32
ORD01585,2024-02-11,CUST0498,Rohit Malhotra,Speaker,Accessories,North,9,13903.46,125131.14,20498.19
ORD01586,2026-01-12,CUST0168,Aman Gupta,Television,Home Appliances,North,2,27473.79,54947.58,6944.42
ORD01587,2024-09-20,CUST0173,Rohit Kaur,Microwave,Home Appliances,North,3,13614.05,40842.15,9805.05
ORD01588,2024-11-06,CUST0429,Arjun Gupta,Headphones,Accessories,Central,10,9730.09,97300.9,9943.68
ORD01589,2026-08-15,CUST0264,Rahul Mehta,Chair,Furniture,West,8,6865.07,54920.56,5109.91
ORD01590,2026-07-20,CUST0141,Navjot Gupta,Desk,Furniture,South,1,14532.82,14532.82,2484.02
ORD01591,2025-02-28,CUST0348,Simran Malhotra,Washing Machine,Home Appliances,South,4,18262.65,73050.6,3926.02
ORD01592,2024-08-18,CUST0141,Navjot Gupta,Microwave,Home Appliances,North,6,17382.51,104295.06,7241.16
ORD01593,2025-09-15,CUST0364,Arjun Malhotra,Refrigerator,Home Appliances,West,5,24460.57,122302.85,23926.45
ORD01594,2024-01-13,CUST0302,Arjun Patel,Webcam,Accessories,East,8,6102.39,48819.12,11520.07
ORD01595,2026-01-30,CUST0175,Simran Mehta,Washing Machine,Home Appliances,West,3,60776.69,182330.07,25961.89
ORD01596,2025-08-08,CUST0108,Sahil Mehta,Sofa,Furniture,North,1,26506.17,26506.17,4827.83
ORD01597,2024-10-25,CUST0324,Isha Kaur,Webcam,Accessories,East,9,2206.28,19856.52,2459.0
ORD01598,2024-12-26,CUST0232,Isha Sharma,Headphones,Accessories,Central,10,2714.91,27149.1,2262.79
ORD01599,2025-05-17,CUST0221,Rahul Kapoor,Headphones,Accessories,South,5,9265.27,46326.35,7471.88
ORD01600,2024-08-11,CUST0193,Simran Kaur,Sofa,Furniture,South,2,42320.48,84640.96,5873.74
ORD01601,2024-12-26,CUST0057,Priya Kapoor,Refrigerator,Home Appliances,South,7,80542.53,563797.71,90215.57
ORD01602,2025-12-04,CUST0215,Arjun Sharma,Washing Machine,Home Appliances,East,2,58065.98,116131.96,21234.37
ORD01603,2024-10-20,CUST0258,Arjun Kaur,Speaker,Accessories,West,8,13097.26,104778.08,21098.7
ORD01604,2026-02-20,CUST0081,Simran Verma,Sofa,Furniture,West,9,27978.35,251805.15,54383.18
ORD01605,2025-02-24,CUST0336,Sahil Verma,Chair,Furniture,South,7,6983.59,48885.13,11969.5
ORD01606,2024-03-23,CUST0326,Manpreet Kapoor,Mouse,Technology,Central,10,1060.48,10604.8,1845.07
ORD01607,2025-10-02,CUST0293,Arjun Verma,Headphones,Accessories,West,4,4575.22,18300.88,1524.31
ORD01608,2025-10-31,CUST0351,Karan Sharma,Monitor,Technology,West,10,8613.43,86134.3,19526.86
ORD01609,2026-08-17,CUST0283,Harpreet Malhotra,Table,Furniture,South,4,16444.22,65776.88,5593.81
ORD01610,2025-04-17,CUST0166,Aman Mehta,Desk,Furniture,West,1,5361.07,5361.07,490.01
ORD01611,2024-04-23,CUST0126,Simran Patel,Speaker,Accessories,Central,8,12256.17,98049.36,14711.62
ORD01612,2024-02-03,CUST0429,Arjun Gupta,Refrigerator,Home Appliances,West,2,37140.44,74280.88,3816.3
ORD01613,2026-06-23,CUST0444,Rohit Sharma,Power Bank,Accessories,Central,7,1095.54,7668.78,1852.13
ORD01614,2025-02-11,CUST0062,Rohit Verma,Keyboard,Technology,North,1,2819.39,2819.39,306.16
ORD01615,2026-05-17,CUST0187,Karan Singh,Power Bank,Accessories,East,2,2600.07,5200.14,367.78
ORD01616,2024-09-05,CUST0389,Manpreet Sharma,Smartphone,Technology,West,6,35652.52,213915.12,16768.81
ORD01617,2025-12-27,CUST0108,Sahil Mehta,Television,Home Appliances,West,2,43052.18,86104.36,12196.55
ORD01618,2025-04-06,CUST0386,Aman Gupta,Desk,Furniture,East,8,11191.3,89530.4,10397.37
ORD01619,2024-01-27,CUST0291,Arjun Malhotra,Television,Home Appliances,South,3,79712.43,239137.29,36912.24
ORD01620,2024-06-11,CUST0451,Harpreet Kapoor,Washing Machine,Home Appliances,Central,5,55117.76,275588.8,65854.25
ORD01621,2026-04-04,CUST0325,Anjali Singh,Microwave,Home Appliances,South,5,19548.5,97742.5,7906.22
ORD01622,2024-08-04,CUST0076,Rohit Sharma,Microwave,Home Appliances,Central,4,10888.81,43555.24,2421.71
ORD01623,2025-06-13,CUST0156,Priya Malhotra,Chair,Furniture,West,9,5372.48,48352.32,9626.53
ORD01624,2024-11-17,CUST0245,Manpreet Malhotra,Desk,Furniture,Central,10,17520.88,175208.8,38637.41
ORD01625,2025-05-10,CUST0192,Mehak Mehta,Power Bank,Accessories,West,9,3523.18,31708.62,4642.47
ORD01626,2024-10-11,CUST0008,Aman Kaur,Monitor,Technology,Central,4,14070.28,56281.12,5338.94
ORD01627,2025-10-15,CUST0399,Mehak Kaur,Smartphone,Technology,North,8,34955.1,279640.8,45827.98
ORD01628,2024-04-11,CUST0431,Sahil Kaur,Table,Furniture,East,1,14089.01,14089.01,1827.32
ORD01629,2025-07-04,CUST0260,Neha Patel,Monitor,Technology,North,9,22938.68,206448.12,45278.43
ORD01630,2026-03-27,CUST0497,Priya Kaur,Keyboard,Technology,South,4,3180.15,12720.6,1258.56
ORD01631,2025-09-15,CUST0354,Navjot Sharma,Table,Furniture,East,8,22240.94,177927.52,15210.34
ORD01632,2024-05-15,CUST0283,Harpreet Malhotra,Television,Home Appliances,Central,2,78164.39,156328.78,36147.62
ORD01633,2025-05-03,CUST0156,Priya Malhotra,Smartphone,Technology,West,10,25931.04,259310.4,52467.85
ORD01634,2024-04-29,CUST0051,Priya Sharma,Monitor,Technology,West,2,29330.44,58660.88,5237.55
ORD01635,2025-05-13,CUST0043,Navjot Kaur,Speaker,Accessories,East,10,2848.32,28483.2,2648.9
ORD01636,2025-03-29,CUST0292,Rohit Sharma,Mouse,Technology,South,2,1574.39,3148.78,610.85
ORD01637,2025-05-19,CUST0302,Arjun Patel,Headphones,Accessories,South,7,3769.23,26384.61,4492.53
ORD01638,2025-06-28,CUST0169,Aman Sharma,Webcam,Accessories,South,5,9587.2,47936.0,4929.74
ORD01639,2026-08-26,CUST0175,Simran Mehta,Washing Machine,Home Appliances,South,2,50547.93,101095.86,24813.55
ORD01640,2024-06-16,CUST0250,Sahil Kapoor,Monitor,Technology,South,9,32120.91,289088.19,41657.97
ORD01641,2025-12-04,CUST0034,Aman Kumar,Webcam,Accessories,Central,8,2303.83,18430.64,2183.78
ORD01642,2025-05-28,CUST0422,Karan Singh,Table,Furniture,East,4,24469.79,97879.16,9067.85
ORD01643,2025-11-19,CUST0164,Rahul Kumar,Headphones,Accessories,South,10,8532.21,85322.1,7854.61
ORD01644,2025-09-16,CUST0166,Aman Mehta,Table,Furniture,South,3,24159.93,72479.79,15979.72
ORD01645,2024-09-26,CUST0167,Navjot Patel,Power Bank,Accessories,West,5,4074.97,20374.85,1950.78
ORD01646,2026-04-29,CUST0479,Rahul Verma,Washing Machine,Home Appliances,East,6,25539.3,153235.8,29933.38
ORD01647,2026-08-20,CUST0231,Arjun Gupta,Microwave,Home Appliances,West,7,16702.44,116917.08,5978.5
ORD01648,2026-02-24,CUST0029,Simran Patel,Webcam,Accessories,East,3,6989.24,20967.72,5137.03
ORD01649,2025-01-17,CUST0010,Rohit Mehta,Table,Furniture,North,5,21551.37,107756.85,11741.12
ORD01650,2026-03-27,CUST0165,Arjun Kumar,Power Bank,Accessories,South,9,2167.88,19510.92,3859.33
ORD01651,2026-01-10,CUST0317,Harpreet Sharma,Webcam,Accessories,West,4,2408.09,9632.36,790.66
ORD01652,2026-07-19,CUST0483,Harpreet Kapoor,Headphones,Accessories,West,7,9593.51,67154.57,12595.52
ORD01653,2024-10-09,CUST0128,Harpreet Kapoor,Microwave,Home Appliances,Central,1,7127.02,7127.02,1268.08
ORD01654,2024-03-16,CUST0190,Isha Kaur,Webcam,Accessories,East,3,2443.76,7331.28,1658.12
ORD01655,2024-07-23,CUST0397,Manpreet Gupta,Speaker,Accessories,Central,10,13298.33,132983.3,14597.73
ORD01656,2024-09-23,CUST0046,Rahul Kapoor,Speaker,Accessories,Central,9,5925.87,53332.83,10802.96
ORD01657,2025-12-17,CUST0272,Priya Verma,Television,Home Appliances,East,2,26939.74,53879.48,12076.82
ORD01658,2025-04-24,CUST0491,Karan Kapoor,Microwave,Home Appliances,South,4,20198.19,80792.76,7015.07
ORD01659,2026-02-04,CUST0236,Neha Patel,Washing Machine,Home Appliances,North,5,28347.23,141736.15,14325.49
ORD01660,2026-05-01,CUST0072,Mehak Kaur,Keyboard,Technology,Central,8,2594.79,20758.32,4351.35
ORD01661,2026-06-13,CUST0031,Isha Gupta,Television,Home Appliances,East,1,63085.74,63085.74,15264.08
ORD01662,2025-08-01,CUST0405,Karan Kumar,Webcam,Accessories,North,2,6385.93,12771.86,2514.61
ORD01663,2024-03-30,CUST0499,Mehak Mehta,Mouse,Technology,Central,9,895.56,8060.04,1767.24
ORD01664,2025-04-21,CUST0473,Mehak Verma,Speaker,Accessories,West,7,11650.75,81555.25,17416.22
ORD01665,2025-06-24,CUST0456,Arjun Mehta,Desk,Furniture,West,10,5533.54,55335.4,6527.47
ORD01666,2025-02-03,CUST0456,Arjun Mehta,Keyboard,Technology,North,1,3213.9,3213.9,561.59
ORD01667,2025-08-21,CUST0005,Harpreet Patel,Desk,Furniture,East,5,12970.14,64850.7,14339.46
ORD01668,2026-07-03,CUST0273,Aman Malhotra,Speaker,Accessories,Central,10,11894.03,118940.3,27959.45
ORD01669,2025-06-30,CUST0079,Manpreet Verma,Table,Furniture,Central,3,10153.6,30460.8,2137.72
ORD01670,2024-11-18,CUST0484,Simran Sharma,Smartphone,Technology,South,2,47805.34,95610.68,11042.29
ORD01671,2024-08-26,CUST0337,Manpreet Patel,Table,Furniture,South,7,12573.24,88012.68,21844.81
ORD01672,2026-08-28,CUST0396,Anjali Verma,Television,Home Appliances,West,8,26671.53,213372.24,15922.27
ORD01673,2024-07-22,CUST0014,Anjali Mehta,Speaker,Accessories,South,8,6635.62,53084.96,7310.3
ORD01674,2025-08-15,CUST0395,Mehak Kumar,Headphones,Accessories,Central,3,2021.37,6064.11,917.75
ORD01675,2025-01-01,CUST0063,Navjot Mehta,Table,Furniture,East,8,8008.96,64071.68,12694.42
ORD01676,2024-09-18,CUST0213,Priya Verma,Table,Furniture,Central,9,29628.8,266659.2,32524.87
ORD01677,2026-05-28,CUST0058,Karan Kapoor,Headphones,Accessories,North,7,1079.81,7558.67,983.09
ORD01678,2025-10-29,CUST0182,Karan Mehta,Washing Machine,Home Appliances,East,7,61499.8,430498.6,102970.15
ORD01679,2024-10-08,CUST0118,Aman Mehta,Keyboard,Technology,East,1,4478.96,4478.96,1076.12
ORD01680,2024-06-08,CUST0024,Mehak Verma,Table,Furniture,South,1,9433.96,9433.96,713.11
ORD01681,2025-11-07,CUST0356,Karan Kapoor,Headphones,Accessories,East,4,1673.0,6692.0,1494.12
ORD01682,2024-06-04,CUST0191,Aman Kapoor,Speaker,Accessories,South,3,7159.73,21479.19,5096.12
ORD01683,2025-10-02,CUST0187,Karan Singh,Smartphone,Technology,East,4,12098.61,48394.44,5382.09
ORD01684,2026-06-29,CUST0466,Neha Kaur,Washing Machine,Home Appliances,West,1,19480.87,19480.87,2265.94
ORD01685,2026-01-09,CUST0018,Neha Verma,Sofa,Furniture,Central,7,17092.48,119647.36,24228.65
ORD01686,2024-03-08,CUST0087,Sahil Verma,Chair,Furniture,North,4,2194.2,8776.8,600.55
ORD01687,2026-05-27,CUST0496,Arjun Kaur,Power Bank,Accessories,Central,9,4930.15,44371.35,6126.94
ORD01688,2025-11-03,CUST0415,Simran Patel,Monitor,Technology,Central,5,20858.57,104292.85,7888.68
ORD01689,2024-08-12,CUST0188,Harpreet Verma,Keyboard,Technology,Central,10,2869.77,28697.7,2561.48
ORD01690,2024-10-16,CUST0067,Rohit Kapoor,Table,Furniture,Central,2,21480.25,42960.5,8310.86
ORD01691,2025-04-18,CUST0054,Simran Kumar,Table,Furniture,Central,5,11266.77,56333.85,6519.24
ORD01692,2025-08-16,CUST0267,Karan Gupta,Refrigerator,Home Appliances,North,6,42956.08,257736.48,46969.99
ORD01693,2025-10-11,CUST0383,Arjun Kaur,Headphones,Accessories,North,3,9736.14,29208.42,1544.08
ORD01694,2025-05-10,CUST0428,Sahil Mehta,Table,Furniture,East,1,14919.09,14919.09,2452.96
ORD01695,2025-07-12,CUST0097,Isha Verma,Power Bank,Accessories,West,8,4969.33,39754.64,6927.74
ORD01696,2026-04-06,CUST0061,Navjot Patel,Washing Machine,Home Appliances,West,3,35537.24,106611.72,10773.85
ORD01697,2024-09-26,CUST0396,Anjali Verma,Headphones,Accessories,North,6,8348.14,50088.84,10150.7
ORD01698,2024-08-20,CUST0401,Arjun Kaur,Microwave,Home Appliances,West,9,18203.56,163832.04,12327.65
ORD01699,2024-12-21,CUST0425,Mehak Patel,Laptop,Technology,East,5,73027.89,365139.45,27480.34
ORD01700,2026-04-19,CUST0232,Isha Sharma,Headphones,Accessories,Central,9,11629.22,104662.98,9055.7
ORD01701,2024-12-28,CUST0100,Simran Kaur,Table,Furniture,Central,4,24397.78,97591.12,19194.46
ORD01702,2025-12-11,CUST0308,Rahul Sharma,Chair,Furniture,Central,6,12403.38,74420.28,11750.33
ORD01703,2026-05-29,CUST0086,Rohit Kaur,Refrigerator,Home Appliances,Central,3,27009.67,81029.01,14340.63
ORD01704,2026-08-29,CUST0116,Priya Kumar,Sofa,Furniture,West,5,53623.28,268116.4,16028.65
ORD01705,2026-01-08,CUST0152,Sahil Sharma,Power Bank,Accessories,East,8,4553.73,36429.84,4167.0
ORD01706,2026-01-21,CUST0001,Harpreet Kaur,Monitor,Technology,Central,5,27125.21,135626.05,12443.82
ORD01707,2026-04-22,CUST0305,Sahil Kumar,Laptop,Technology,South,3,85310.17,255930.51,20156.66
ORD01708,2024-07-17,CUST0392,Mehak Singh,Sofa,Furniture,South,7,50384.08,352688.56,45214.65
ORD01709,2025-02-15,CUST0428,Sahil Mehta,Television,Home Appliances,North,5,34235.93,171179.65,13367.09
ORD01710,2024-01-12,CUST0372,Aman Malhotra,Table,Furniture,North,5,16084.53,80422.65,16254.78
ORD01711,2025-11-07,CUST0267,Karan Gupta,Television,Home Appliances,West,10,80590.93,805909.3,116229.74
ORD01712,2026-06-20,CUST0153,Simran Kumar,Mouse,Technology,East,8,2357.28,18858.24,1522.53
ORD01713,2025-04-22,CUST0449,Manpreet Kumar,Television,Home Appliances,West,5,47427.65,237138.25,17208.53
ORD01714,2024-03-31,CUST0300,Manpreet Singh,Sofa,Furniture,Central,4,49130.68,196522.72,30376.1
ORD01715,2025-03-18,CUST0492,Simran Mehta,Refrigerator,Home Appliances,West,8,80855.29,646842.32,140585.89
ORD01716,2025-10-17,CUST0030,Arjun Mehta,Monitor,Technology,Central,5,30742.77,153713.85,35499.64
ORD01717,2025-12-31,CUST0169,Aman Sharma,Webcam,Accessories,West,2,9856.24,19712.48,1036.59
ORD01718,2026-03-10,CUST0125,Sahil Gupta,Speaker,Accessories,West,5,9479.64,47398.2,3355.47
ORD01719,2026-03-23,CUST0288,Harpreet Malhotra,Power Bank,Accessories,North,2,976.83,1953.66,328.35
ORD01720,2025-11-19,CUST0295,Manpreet Mehta,Laptop,Technology,Central,4,98003.78,392015.12,47880.79
ORD01721,2025-08-10,CUST0216,Simran Malhotra,Headphones,Accessories,Central,8,4820.35,38562.8,8501.04
ORD01722,2024-07-04,CUST0020,Manpreet Gupta,Power Bank,Accessories,North,1,3610.09,3610.09,336.49
ORD01723,2026-01-16,CUST0323,Rohit Kumar,Television,Home Appliances,West,7,39843.53,278904.71,58675.71
ORD01724,2024-09-11,CUST0435,Harpreet Malhotra,Washing Machine,Home Appliances,East,6,60555.16,363330.96,43772.55
ORD01725,2024-06-13,CUST0229,Rahul Malhotra,Monitor,Technology,South,5,20371.52,101857.6,20750.66
ORD01726,2026-05-27,CUST0286,Rohit Singh,Microwave,Home Appliances,North,3,20313.06,60939.18,13342.27
ORD01727,2026-01-09,CUST0171,Rohit Patel,Refrigerator,Home Appliances,North,5,42157.39,210786.95,14809.81
ORD01728,2024-07-26,CUST0328,Rohit Mehta,Webcam,Accessories,East,3,6785.3,20355.9,4097.91
ORD01729,2026-02-11,CUST0439,Priya Gupta,Webcam,Accessories,South,8,4364.51,34916.08,8001.23
ORD01730,2026-07-19,CUST0492,Simran Mehta,Desk,Furniture,Central,4,4334.47,17337.88,2884.49
ORD01731,2024-04-02,CUST0359,Sahil Malhotra,Refrigerator,Home Appliances,Central,2,47857.99,95715.98,8588.01
ORD01732,2025-02-10,CUST0469,Priya Kumar,Webcam,Accessories,South,6,2739.01,16434.06,2573.01
ORD01733,2024-03-25,CUST0472,Manpreet Patel,Headphones,Accessories,East,5,10295.1,51475.5,8889.0
ORD01734,2024-10-07,CUST0116,Priya Kumar,Headphones,Accessories,North,3,3704.94,11114.82,2039.62
ORD01735,2026-04-11,CUST0254,Sahil Kumar,Table,Furniture,South,4,11133.79,44535.16,6149.02
ORD01736,2025-05-09,CUST0075,Rohit Verma,Monitor,Technology,West,1,14579.37,14579.37,3229.42
ORD01737,2025-10-04,CUST0213,Priya Verma,Sofa,Furniture,Central,9,23372.61,210353.49,34956.36
ORD01738,2024-09-26,CUST0455,Navjot Kumar,Webcam,Accessories,West,6,7507.34,45044.04,9490.11
ORD01739,2025-12-10,CUST0190,Isha Kaur,Refrigerator,Home Appliances,South,6,42410.83,254464.98,16644.07
ORD01740,2025-07-02,CUST0165,Arjun Kumar,Table,Furniture,East,9,7415.54,66739.86,12792.08
ORD01741,2024-08-17,CUST0054,Simran Kumar,Desk,Furniture,West,9,19068.86,171619.74,36763.61
ORD01742,2024-03-07,CUST0138,Sahil Sharma,Keyboard,Technology,South,8,3398.98,27191.84,4574.01
ORD01743,2024-05-31,CUST0012,Priya Patel,Headphones,Accessories,North,8,10854.26,86834.08,19408.76
ORD01744,2026-08-28,CUST0350,Rohit Kapoor,Television,Home Appliances,North,5,96152.41,480762.05,78821.29
ORD01745,2024-08-08,CUST0366,Karan Gupta,Power Bank,Accessories,West,3,3757.71,11273.13,2787.18
ORD01746,2024-05-27,CUST0159,Aman Malhotra,Washing Machine,Home Appliances,Central,9,30093.35,270840.15,64799.47
ORD01747,2025-01-01,CUST0349,Karan Gupta,Television,Home Appliances,Central,1,97525.52,97525.52,18766.13
ORD01748,2026-01-20,CUST0062,Rohit Verma,Mouse,Technology,South,7,659.07,4613.49,904.59
ORD01749,2024-12-05,CUST0128,Harpreet Kapoor,Table,Furniture,North,8,5737.19,45897.52,8983.68
ORD01750,2024-05-21,CUST0049,Priya Gupta,Power Bank,Accessories,East,7,4180.64,29264.48,5539.27
ORD01751,2025-05-26,CUST0094,Mehak Gupta,Monitor,Technology,North,7,17589.24,123124.68,27803.14
ORD01752,2025-10-10,CUST0095,Anjali Sharma,Microwave,Home Appliances,North,6,9811.54,58869.24,14548.19
ORD01753,2024-03-03,CUST0174,Sahil Singh,Headphones,Accessories,Central,1,6762.54,6762.54,1527.39
ORD01754,2024-11-30,CUST0031,Isha Gupta,Television,Home Appliances,West,9,29323.61,263912.49,13859.55
ORD01755,2024-07-12,CUST0157,Isha Sharma,Mouse,Technology,Central,2,1908.41,3816.82,920.4
ORD01756,2026-07-23,CUST0256,Harpreet Kumar,Table,Furniture,South,2,29394.36,58788.72,13193.33
ORD01757,2026-04-13,CUST0308,Rahul Sharma,Refrigerator,Home Appliances,West,3,82400.57,247201.71,37442.59
ORD01758,2024-11-15,CUST0016,Manpreet Singh,Mouse,Technology,East,2,2720.58,5441.16,1150.48
ORD01759,2025-05-24,CUST0056,Isha Gupta,Refrigerator,Home Appliances,South,3,61307.44,183922.32,42310.62
ORD01760,2026-03-13,CUST0309,Aman Kumar,Desk,Furniture,West,9,23694.18,213247.62,46136.98
ORD01761,2024-09-02,CUST0484,Simran Sharma,Mouse,Technology,West,4,663.66,2654.64,326.89
ORD01762,2026-07-20,CUST0097,Isha Verma,Headphones,Accessories,Central,8,4941.54,39532.32,8388.03
ORD01763,2025-06-28,CUST0051,Priya Sharma,Monitor,Technology,Central,10,32620.41,326204.1,53829.34
ORD01764,2024-10-26,CUST0202,Navjot Verma,Desk,Furniture,West,8,10726.64,85813.12,17394.71
ORD01765,2024-11-25,CUST0207,Arjun Kaur,Power Bank,Accessories,Central,1,1146.03,1146.03,169.9
ORD01766,2025-12-16,CUST0248,Manpreet Kaur,Webcam,Accessories,North,5,5729.72,28648.6,5849.14
ORD01767,2026-02-04,CUST0271,Karan Mehta,Smartphone,Technology,Central,5,76274.59,381372.95,87112.64
ORD01768,2024-11-06,CUST0278,Simran Gupta,Desk,Furniture,West,9,19524.4,175719.6,9768.71
ORD01769,2025-06-20,CUST0097,Isha Verma,Television,Home Appliances,South,7,85018.42,595128.94,117661.76
ORD01770,2024-07-09,CUST0261,Karan Patel,Television,Home Appliances,South,2,92406.28,184812.56,26141.14
ORD01771,2025-10-17,CUST0365,Anjali Sharma,Television,Home Appliances,Central,8,75692.94,605543.52,55314.82
ORD01772,2024-01-05,CUST0008,Aman Kaur,Keyboard,Technology,South,2,1665.33,3330.66,782.25
ORD01773,2026-05-07,CUST0338,Anjali Kumar,Refrigerator,Home Appliances,West,4,89095.98,356383.92,44318.75
ORD01774,2026-06-22,CUST0023,Neha Gupta,Table,Furniture,West,10,19968.79,199687.9,36683.98
ORD01775,2024-01-11,CUST0349,Karan Gupta,Refrigerator,Home Appliances,West,5,85819.1,429095.5,56572.24
ORD01776,2025-05-14,CUST0422,Karan Singh,Power Bank,Accessories,East,4,1967.96,7871.84,1679.42
ORD01777,2025-12-07,CUST0308,Rahul Sharma,Keyboard,Technology,South,8,975.56,7804.48,591.41
ORD01778,2025-07-03,CUST0037,Sahil Kaur,Laptop,Technology,East,8,49535.43,396283.44,25084.77
ORD01779,2025-08-06,CUST0086,Rohit Kaur,Microwave,Home Appliances,East,5,11411.33,57056.65,6101.69
ORD01780,2025-07-22,CUST0056,Isha Gupta,Keyboard,Technology,West,4,4256.09,17024.36,4086.56
ORD01781,2024-02-08,CUST0103,Manpreet Patel,Chair,Furniture,West,2,8096.44,16192.88,1170.44
ORD01782,2026-01-26,CUST0095,Anjali Sharma,Laptop,Technology,South,10,54505.11,545051.1,67684.65
ORD01783,2026-01-12,CUST0227,Sahil Gupta,Mouse,Technology,East,4,2416.98,9667.92,1969.45
ORD01784,2024-12-24,CUST0023,Neha Gupta,Smartphone,Technology,West,5,33894.32,169471.6,39718.71
ORD01785,2024-08-18,CUST0103,Manpreet Patel,Keyboard,Technology,South,5,2396.14,11980.7,1810.51
ORD01786,2025-03-27,CUST0322,Anjali Sharma,Desk,Furniture,North,8,17818.26,142546.08,7848.86
ORD01787,2024-11-21,CUST0432,Arjun Kapoor,Desk,Furniture,North,3,15693.92,47081.76,7505.99
ORD01788,2024-06-22,CUST0058,Karan Kapoor,Keyboard,Technology,East,1,2975.8,2975.8,516.95
ORD01789,2024-01-04,CUST0190,Isha Kaur,Smartphone,Technology,Central,4,73106.37,292425.48,14966.43
ORD01790,2024-03-16,CUST0030,Arjun Mehta,Headphones,Accessories,North,1,10427.03,10427.03,1696.77
ORD01791,2026-07-21,CUST0333,Navjot Kapoor,Power Bank,Accessories,South,10,1986.37,19863.7,2529.71
ORD01792,2026-07-09,CUST0350,Rohit Kapoor,Webcam,Accessories,South,8,4433.74,35469.92,5172.43
ORD01793,2025-02-01,CUST0233,Isha Gupta,Refrigerator,Home Appliances,East,3,30108.52,90325.56,21913.7
ORD01794,2024-05-27,CUST0452,Anjali Sharma,Desk,Furniture,North,7,19540.12,136780.84,28873.08
ORD01795,2024-12-27,CUST0236,Neha Patel,Speaker,Accessories,South,3,14831.11,44493.33,9700.75
ORD01796,2025-03-30,CUST0483,Harpreet Kapoor,Power Bank,Accessories,West,8,4511.21,36089.68,7098.47
ORD01797,2025-06-26,CUST0238,Mehak Singh,Washing Machine,Home Appliances,South,7,34952.57,244667.99,18747.18
ORD01798,2025-04-19,CUST0126,Simran Patel,Table,Furniture,Central,10,19209.66,192096.6,23566.98
ORD01799,2025-04-26,CUST0442,Isha Mehta,Webcam,Accessories,North,4,6974.0,27896.0,3586.47
ORD01800,2024-07-23,CUST0278,Simran Gupta,Webcam,Accessories,South,10,9189.75,91897.5,12169.39
ORD01801,2025-03-29,CUST0173,Rohit Kaur,Sofa,Furniture,North,7,57170.49,400193.43,34441.87
ORD01802,2026-02-02,CUST0356,Karan Kapoor,Sofa,Furniture,Central,3,40532.68,121598.04,12726.94
ORD01803,2024-11-20,CUST0394,Anjali Kaur,Sofa,Furniture,West,4,40878.11,163512.44,13103.34
ORD01804,2025-10-05,CUST0126,Simran Patel,Sofa,Furniture,North,10,29229.66,292296.6,45632.65
ORD01805,2026-06-09,CUST0347,Navjot Kumar,Laptop,Technology,North,1,45145.0,45145.0,10565.48
ORD01806,2024-06-03,CUST0170,Mehak Kapoor,Monitor,Technology,South,6,33152.19,198913.14,18021.81
ORD01807,2026-04-28,CUST0158,Rahul Malhotra,Monitor,Technology,West,6,24827.26,148963.56,24830.69
ORD01808,2024-06-12,CUST0244,Navjot Gupta,Refrigerator,Home Appliances,South,2,40281.87,80563.74,16956.02
ORD01809,2025-07-29,CUST0084,Navjot Verma,Headphones,Accessories,Central,10,6855.36,68553.6,9044.69
ORD01810,2025-11-10,CUST0322,Anjali Sharma,Webcam,Accessories,South,4,7364.69,29458.76,7224.02
ORD01811,2025-04-29,CUST0466,Neha Kaur,Headphones,Accessories,West,3,9312.41,27937.23,6315.11
ORD01812,2025-08-21,CUST0245,Manpreet Malhotra,Chair,Furniture,Central,6,9620.28,57721.68,13633.19
ORD01813,2024-12-13,CUST0094,Mehak Gupta,Headphones,Accessories,North,10,11673.26,116732.6,13863.84
ORD01814,2025-02-07,CUST0454,Priya Malhotra,Television,Home Appliances,South,10,30065.01,300650.1,33077.8
ORD01815,2026-03-29,CUST0057,Priya Kapoor,Desk,Furniture,West,2,10139.34,20278.68,2452.55
ORD01816,2024-10-13,CUST0009,Priya Kumar,Speaker,Accessories,Central,5,6430.42,32152.1,2842.39
ORD01817,2024-09-01,CUST0463,Arjun Verma,Keyboard,Technology,East,3,2137.98,6413.94,387.42
ORD01818,2026-02-16,CUST0135,Simran Malhotra,Power Bank,Accessories,West,5,2217.57,11087.85,2217.56
ORD01819,2026-08-06,CUST0338,Anjali Kumar,Monitor,Technology,Central,3,22884.4,68653.2,15406.33
ORD01820,2024-02-06,CUST0006,Simran Mehta,Monitor,Technology,East,8,18278.12,146224.96,18424.84
ORD01821,2026-03-13,CUST0357,Aman Gupta,Webcam,Accessories,West,9,4617.75,41559.75,9173.29
ORD01822,2025-05-15,CUST0209,Navjot Patel,Refrigerator,Home Appliances,East,5,86003.44,430017.2,69007.67
ORD01823,2026-07-24,CUST0137,Karan Kapoor,Keyboard,Technology,East,2,4658.86,9317.72,1966.92
ORD01824,2024-06-30,CUST0442,Isha Mehta,Laptop,Technology,East,2,88645.3,177290.6,17479.47
ORD01825,2024-01-14,CUST0034,Aman Kumar,Table,Furniture,East,2,24471.92,48943.84,2541.61
ORD01826,2024-12-04,CUST0446,Simran Kumar,Smartphone,Technology,North,8,50792.84,406342.72,71597.82
ORD01827,2026-08-06,CUST0314,Priya Malhotra,Laptop,Technology,North,4,82248.86,328995.44,76853.48
ORD01828,2026-01-04,CUST0096,Simran Gupta,Laptop,Technology,North,4,40230.47,160921.88,14811.86
ORD01829,2025-05-22,CUST0199,Neha Verma,Refrigerator,Home Appliances,Central,4,53323.09,213292.36,40876.95
ORD01830,2024-03-03,CUST0362,Isha Kumar,Sofa,Furniture,West,10,27962.86,279628.6,62357.64
ORD01831,2026-06-18,CUST0095,Anjali Sharma,Laptop,Technology,Central,4,50551.05,202204.2,20756.73
ORD01832,2026-05-18,CUST0295,Manpreet Mehta,Chair,Furniture,East,2,11137.29,22274.58,1952.14
ORD01833,2025-02-26,CUST0388,Manpreet Sharma,Table,Furniture,Central,10,14866.7,148667.0,16255.83
ORD01834,2025-06-27,CUST0328,Rohit Mehta,Refrigerator,Home Appliances,North,6,49856.63,299139.78,58957.05
ORD01835,2025-05-20,CUST0336,Sahil Verma,Washing Machine,Home Appliances,East,2,57223.45,114446.9,7132.78
ORD01836,2026-02-21,CUST0463,Arjun Verma,Mouse,Technology,West,7,2389.13,16723.91,1103.62
ORD01837,2025-09-12,CUST0007,Karan Sharma,Monitor,Technology,North,6,23879.74,143278.44,27167.77
ORD01838,2024-11-03,CUST0292,Rohit Sharma,Washing Machine,Home Appliances,West,8,41440.92,331527.36,41138.79
ORD01839,2025-02-23,CUST0161,Arjun Malhotra,Table,Furniture,West,1,19680.73,19680.73,3703.38
ORD01840,2026-07-09,CUST0451,Harpreet Kapoor,Webcam,Accessories,West,7,9349.29,65445.03,9340.63
ORD01841,2024-01-26,CUST0232,Isha Sharma,Table,Furniture,South,7,23446.48,164125.36,21979.58
ORD01842,2024-01-15,CUST0404,Mehak Malhotra,Microwave,Home Appliances,West,3,24805.48,74416.44,9665.48
ORD01843,2024-01-17,CUST0406,Simran Mehta,Table,Furniture,West,3,19823.43,59470.29,5554.45
ORD01844,2024-06-11,CUST0242,Isha Malhotra,Desk,Furniture,East,1,11083.62,11083.62,1656.61
ORD01845,2025-03-19,CUST0425,Mehak Patel,Refrigerator,Home Appliances,West,10,33296.22,332962.2,64843.0
ORD01846,2024-04-18,CUST0486,Anjali Kapoor,Sofa,Furniture,North,1,58609.5,58609.5,7072.64
ORD01847,2026-08-23,CUST0488,Rahul Sharma,Microwave,Home Appliances,West,3,17548.54,52645.62,5108.23
ORD01848,2024-12-12,CUST0412,Manpreet Sharma,Sofa,Furniture,East,5,37072.81,185364.05,32680.0
ORD01849,2026-01-12,CUST0351,Karan Sharma,Headphones,Accessories,East,9,7590.27,68312.43,7267.04
ORD01850,2025-04-02,CUST0414,Karan Gupta,Desk,Furniture,East,8,15871.88,126975.04,7951.81
ORD01851,2026-07-13,CUST0214,Rohit Kapoor,Table,Furniture,East,4,28614.42,114457.68,26557.53
ORD01852,2025-12-16,CUST0325,Anjali Singh,Webcam,Accessories,South,10,6217.46,62174.6,12979.79
ORD01853,2024-08-22,CUST0462,Navjot Kapoor,Desk,Furniture,Central,10,20413.5,204135.0,49855.31
ORD01854,2024-11-16,CUST0313,Isha Mehta,Table,Furniture,Central,8,17214.7,137717.6,31414.96
ORD01855,2025-06-25,CUST0451,Harpreet Kapoor,Keyboard,Technology,West,10,3950.81,39508.1,4517.0
ORD01856,2024-10-09,CUST0237,Isha Malhotra,Television,Home Appliances,South,4,53206.22,212824.88,44322.13
ORD01857,2026-04-24,CUST0187,Karan Singh,Keyboard,Technology,Central,1,1835.66,1835.66,211.91
ORD01858,2025-09-11,CUST0248,Manpreet Kaur,Desk,Furniture,Central,8,24090.02,192720.16,47612.85
ORD01859,2024-07-18,CUST0103,Manpreet Patel,Chair,Furniture,Central,1,5843.05,5843.05,1151.66
ORD01860,2026-05-23,CUST0410,Manpreet Kaur,Refrigerator,Home Appliances,North,7,75349.65,527447.55,100283.19
ORD01861,2025-10-21,CUST0153,Simran Kumar,Refrigerator,Home Appliances,West,1,30084.17,30084.17,1677.62
ORD01862,2025-01-26,CUST0041,Neha Kumar,Microwave,Home Appliances,Central,3,20740.14,62220.42,8669.61
ORD01863,2024-07-21,CUST0081,Simran Verma,Webcam,Accessories,Central,5,2415.83,12079.15,1705.44
ORD01864,2024-05-06,CUST0233,Isha Gupta,Refrigerator,Home Appliances,North,6,61053.62,366321.72,88364.53
ORD01865,2025-01-19,CUST0445,Rohit Kumar,Microwave,Home Appliances,Central,6,13007.62,78045.72,16886.04
ORD01866,2026-02-17,CUST0014,Anjali Mehta,Webcam,Accessories,North,6,4862.07,29172.42,5035.64
ORD01867,2025-06-07,CUST0330,Mehak Patel,Washing Machine,Home Appliances,North,10,47412.08,474120.8,27440.36
ORD01868,2024-04-14,CUST0371,Mehak Patel,Sofa,Furniture,Central,2,17874.51,35749.02,2787.79
ORD01869,2025-02-26,CUST0084,Navjot Verma,Chair,Furniture,East,6,11810.57,70863.42,8335.78
ORD01870,2025-10-19,CUST0385,Navjot Patel,Keyboard,Technology,West,1,2482.35,2482.35,384.61
ORD01871,2026-02-20,CUST0356,Karan Kapoor,Chair,Furniture,East,8,12586.73,100693.84,8237.97
ORD01872,2025-10-20,CUST0117,Simran Gupta,Chair,Furniture,South,9,10381.86,93436.74,5124.54
ORD01873,2026-06-10,CUST0246,Manpreet Kumar,Laptop,Technology,South,4,53140.05,212560.2,51013.0
ORD01874,2026-02-22,CUST0257,Karan Gupta,Washing Machine,Home Appliances,East,7,38151.31,267059.17,14381.44
ORD01875,2024-02-06,CUST0253,Neha Verma,Keyboard,Technology,South,1,3110.13,3110.13,279.99
ORD01876,2025-01-11,CUST0118,Aman Mehta,Headphones,Accessories,Central,2,4843.2,9686.4,1611.01
ORD01877,2025-10-04,CUST0461,Neha Gupta,Sofa,Furniture,Central,9,24575.02,221175.18,11383.88
ORD01878,2026-02-11,CUST0145,Anjali Singh,Washing Machine,Home Appliances,Central,3,44565.74,133697.22,29007.55
ORD01879,2025-10-28,CUST0132,Priya Kapoor,Refrigerator,Home Appliances,East,5,42894.07,214470.35,27565.12
ORD01880,2024-07-28,CUST0232,Isha Sharma,Keyboard,Technology,South,9,3334.15,30007.35,6121.6
ORD01881,2025-08-06,CUST0058,Karan Kapoor,Keyboard,Technology,East,4,4179.47,16717.88,1505.09
ORD01882,2024-08-23,CUST0427,Anjali Malhotra,Desk,Furniture,Central,1,11579.7,11579.7,2079.32
ORD01883,2026-04-29,CUST0456,Arjun Mehta,Refrigerator,Home Appliances,South,5,55776.96,278884.8,14633.66
ORD01884,2025-04-13,CUST0441,Neha Verma,Refrigerator,Home Appliances,West,7,54971.49,384800.43,74648.92
ORD01885,2025-11-14,CUST0309,Aman Kumar,Sofa,Furniture,South,10,36607.9,366079.0,39195.53
ORD01886,2024-01-12,CUST0040,Rahul Gupta,Laptop,Technology,East,10,91160.88,911608.8,54701.64
ORD01887,2024-04-09,CUST0477,Arjun Sharma,Monitor,Technology,North,10,20016.64,200166.4,48488.64
ORD01888,2025-03-03,CUST0189,Anjali Gupta,Table,Furniture,North,6,29273.5,175641.0,11455.29
ORD01889,2026-08-12,CUST0153,Simran Kumar,Laptop,Technology,South,5,58123.01,290615.05,41088.76
ORD01890,2024-08-28,CUST0062,Rohit Verma,Keyboard,Technology,West,2,1533.24,3066.48,206.13
ORD01891,2026-01-18,CUST0446,Simran Kumar,Washing Machine,Home Appliances,South,10,19173.07,191730.7,27982.14
ORD01892,2025-03-18,CUST0111,Manpreet Kumar,Keyboard,Technology,West,1,3647.68,3647.68,209.49
ORD01893,2026-02-27,CUST0212,Priya Gupta,Chair,Furniture,East,1,9497.89,9497.89,1722.18
ORD01894,2024-10-05,CUST0364,Arjun Malhotra,Microwave,Home Appliances,South,5,9851.27,49256.35,2703.32
ORD01895,2026-05-05,CUST0121,Aman Kaur,Headphones,Accessories,West,1,11954.21,11954.21,2686.16
ORD01896,2024-03-31,CUST0287,Priya Malhotra,Speaker,Accessories,Central,1,11160.19,11160.19,1197.53
ORD01897,2025-01-15,CUST0189,Anjali Gupta,Power Bank,Accessories,Central,6,3087.28,18523.68,3366.13
ORD01898,2025-08-17,CUST0277,Neha Malhotra,Desk,Furniture,West,6,19439.09,116634.54,15325.82
ORD01899,2026-02-08,CUST0191,Aman Kapoor,Webcam,Accessories,West,3,8022.16,24066.48,5122.44
ORD01900,2026-06-25,CUST0346,Karan Singh,Webcam,Accessories,South,2,9671.78,19343.56,3296.73
ORD01901,2024-06-17,CUST0171,Rohit Patel,Microwave,Home Appliances,North,9,14564.61,131081.49,29147.28
ORD01902,2025-08-10,CUST0176,Simran Kumar,Desk,Furniture,South,3,15344.43,46033.29,10137.43
ORD01903,2025-05-28,CUST0418,Sahil Kapoor,Sofa,Furniture,Central,7,18678.45,130749.15,29568.21
ORD01904,2024-06-17,CUST0022,Karan Kaur,Mouse,Technology,South,9,510.1,4590.9,839.8
ORD01905,2025-02-08,CUST0351,Karan Sharma,Microwave,Home Appliances,Central,6,8221.51,49329.06,7877.36
ORD01906,2024-04-18,CUST0337,Manpreet Patel,Speaker,Accessories,South,7,9289.76,65028.32,12196.72
ORD01907,2026-07-03,CUST0328,Rohit Mehta,Speaker,Accessories,Central,4,12763.72,51054.88,9865.86
ORD01908,2024-11-09,CUST0410,Manpreet Kaur,Keyboard,Technology,South,2,1406.29,2812.58,531.54
ORD01909,2026-04-14,CUST0387,Priya Kaur,Webcam,Accessories,South,9,8514.47,76630.23,13613.34
ORD01910,2026-03-05,CUST0013,Karan Kumar,Laptop,Technology,North,4,57747.04,230988.16,20128.96
ORD01911,2025-11-08,CUST0035,Manpreet Verma,Microwave,Home Appliances,West,7,24069.24,168484.68,40263.61
ORD01912,2025-09-26,CUST0006,Simran Mehta,Washing Machine,Home Appliances,Central,4,38162.86,152651.44,16907.26
ORD01913,2024-12-25,CUST0471,Arjun Mehta,Headphones,Accessories,North,1,8470.29,8470.29,1270.53
ORD01914,2025-08-24,CUST0131,Mehak Kapoor,Power Bank,Accessories,Central,2,3962.26,7924.52,1066.17
ORD01915,2025-05-14,CUST0451,Harpreet Kapoor,Microwave,Home Appliances,North,7,24898.13,174286.91,10062.34
ORD01916,2026-02-06,CUST0244,Navjot Gupta,Television,Home Appliances,East,2,22052.0,44104.0,6215.9
ORD01917,2026-05-25,CUST0124,Isha Sharma,Headphones,Accessories,West,9,4551.6,40964.4,8415.43
ORD01918,2025-11-22,CUST0111,Manpreet Kumar,Headphones,Accessories,North,3,1113.23,3339.69,563.36
ORD01919,2025-08-01,CUST0479,Rahul Verma,Headphones,Accessories,West,8,6522.8,52182.4,5476.45
ORD01920,2026-07-12,CUST0411,Manpreet Mehta,Monitor,Technology,West,9,23812.85,214315.65,31765.82
ORD01921,2025-12-04,CUST0151,Harpreet Patel,Chair,Furniture,South,6,5773.73,34642.38,4688.72
ORD01922,2026-03-05,CUST0496,Arjun Kaur,Smartphone,Technology,South,4,43750.23,175000.92,8949.28
ORD01923,2025-11-30,CUST0396,Anjali Verma,Headphones,Accessories,Central,4,4325.04,17300.16,2041.66
ORD01924,2024-05-22,CUST0433,Priya Kapoor,Speaker,Accessories,South,2,11136.68,22273.36,1565.99
ORD01925,2025-06-21,CUST0380,Anjali Gupta,Keyboard,Technology,East,7,2883.81,20186.67,1092.25
ORD01926,2025-12-19,CUST0326,Manpreet Kapoor,Keyboard,Technology,West,5,2789.36,13946.8,1914.31
ORD01927,2025-06-03,CUST0035,Manpreet Verma,Laptop,Technology,South,6,55766.53,334599.18,48491.82
ORD01928,2025-11-11,CUST0465,Simran Kumar,Chair,Furniture,South,2,2313.42,4626.84,759.19
ORD01929,2024-04-28,CUST0229,Rahul Malhotra,Washing Machine,Home Appliances,Central,3,42849.75,128549.25,21393.69
ORD01930,2025-02-04,CUST0021,Simran Kaur,Table,Furniture,North,3,8684.68,26054.04,5193.31
ORD01931,2024-09-29,CUST0191,Aman Kapoor,Mouse,Technology,Central,2,2470.22,4940.44,765.34
ORD01932,2024-09-06,CUST0272,Priya Verma,Monitor,Technology,West,3,31770.39,95311.17,10856.5
ORD01933,2024-04-11,CUST0411,Manpreet Mehta,Table,Furniture,South,8,21600.91,172807.28,25186.12
ORD01934,2026-02-17,CUST0199,Neha Verma,Smartphone,Technology,North,9,56695.76,510261.84,40351.77
ORD01935,2025-01-05,CUST0245,Manpreet Malhotra,Mouse,Technology,South,7,911.83,6382.81,1391.16
ORD01936,2024-11-24,CUST0424,Harpreet Verma,Microwave,Home Appliances,West,7,7133.79,49936.53,2925.37
ORD01937,2024-08-18,CUST0015,Arjun Sharma,Desk,Furniture,South,10,12206.3,122063.0,26521.18
ORD01938,2026-03-02,CUST0246,Manpreet Kumar,Speaker,Accessories,North,9,4758.1,42822.9,4604.56
ORD01939,2026-03-06,CUST0222,Rohit Malhotra,Keyboard,Technology,South,2,1078.6,2157.2,411.8
ORD01940,2026-04-06,CUST0396,Anjali Verma,Monitor,Technology,East,5,15489.51,77447.55,11067.36
ORD01941,2025-01-30,CUST0156,Priya Malhotra,Washing Machine,Home Appliances,Central,8,62479.7,499837.6,76119.26
ORD01942,2025-06-29,CUST0356,Karan Kapoor,Sofa,Furniture,Central,8,30168.39,241347.12,59140.98
ORD01943,2025-08-31,CUST0316,Priya Singh,Monitor,Technology,Central,5,24986.28,124931.4,28103.36
ORD01944,2024-11-09,CUST0117,Simran Gupta,Washing Machine,Home Appliances,South,10,65175.32,651753.2,57519.38
ORD01945,2025-11-05,CUST0423,Navjot Patel,Microwave,Home Appliances,South,10,11291.92,112919.2,15218.08
ORD01946,2025-07-20,CUST0394,Anjali Kaur,Desk,Furniture,East,6,7989.29,47935.74,9228.79
ORD01947,2024-07-29,CUST0105,Rahul Kapoor,Speaker,Accessories,Central,5,3082.35,15411.75,2738.96
ORD01948,2025-02-05,CUST0405,Karan Kumar,Refrigerator,Home Appliances,West,8,82109.13,656873.04,82108.95
ORD01949,2024-03-14,CUST0368,Navjot Singh,Microwave,Home Appliances,East,3,16210.76,48632.28,4909.19
ORD01950,2024-09-17,CUST0064,Karan Mehta,Power Bank,Accessories,West,4,813.72,3254.88,691.33
ORD01951,2025-10-05,CUST0233,Isha Gupta,Microwave,Home Appliances,West,1,9784.61,9784.61,2410.1
ORD01952,2024-07-04,CUST0305,Sahil Kumar,Keyboard,Technology,North,6,2636.12,15816.72,1168.68
ORD01953,2025-07-02,CUST0186,Priya Verma,Laptop,Technology,East,5,90830.48,454152.4,32468.41
ORD01954,2024-04-24,CUST0066,Priya Singh,Keyboard,Technology,East,10,1660.55,16605.5,1029.14
ORD01955,2025-09-10,CUST0320,Priya Singh,Washing Machine,Home Appliances,Central,4,40349.74,161398.96,15185.63
ORD01956,2025-08-21,CUST0385,Navjot Patel,Washing Machine,Home Appliances,East,3,61719.94,185159.82,10108.03
ORD01957,2025-09-23,CUST0391,Sahil Sharma,Table,Furniture,North,7,25142.76,175999.32,15950.51
ORD01958,2024-10-03,CUST0489,Arjun Kapoor,Chair,Furniture,West,10,9426.12,94261.2,23163.23
ORD01959,2025-09-16,CUST0064,Karan Mehta,Smartphone,Technology,South,4,69176.76,276707.04,27229.33
ORD01960,2024-11-11,CUST0457,Neha Kapoor,Table,Furniture,West,1,11986.77,11986.77,1171.76
ORD01961,2025-02-22,CUST0297,Anjali Kapoor,Power Bank,Accessories,West,2,1696.23,3392.46,744.5
ORD01962,2026-02-22,CUST0227,Sahil Gupta,Sofa,Furniture,East,7,53276.39,372934.73,20364.22
ORD01963,2024-01-22,CUST0106,Rohit Singh,Power Bank,Accessories,West,9,4116.27,37046.43,4388.44
ORD01964,2024-03-20,CUST0260,Neha Patel,Power Bank,Accessories,Central,6,3347.53,20085.18,1584.78
ORD01965,2024-12-27,CUST0429,Arjun Gupta,Speaker,Accessories,West,4,12138.94,48555.76,4544.12
ORD01966,2025-04-25,CUST0141,Navjot Gupta,Desk,Furniture,North,7,22867.5,160072.5,27226.27
ORD01967,2024-12-19,CUST0352,Priya Malhotra,Chair,Furniture,East,1,7879.2,7879.2,1006.76
ORD01968,2024-04-01,CUST0196,Rahul Gupta,Keyboard,Technology,West,8,2632.43,21059.44,4882.37
ORD01969,2024-06-21,CUST0131,Mehak Kapoor,Refrigerator,Home Appliances,South,5,38838.51,194192.55,28295.05
ORD01970,2024-08-22,CUST0438,Rahul Kapoor,Chair,Furniture,North,6,14729.1,88374.6,5266.75
ORD01971,2024-03-22,CUST0363,Anjali Kumar,Chair,Furniture,Central,9,10000.85,90007.65,5401.63
ORD01972,2024-10-12,CUST0478,Navjot Patel,Microwave,Home Appliances,South,3,8831.56,26494.68,5873.87
ORD01973,2024-04-04,CUST0118,Aman Mehta,Webcam,Accessories,Central,2,2916.34,5832.68,562.06
ORD01974,2024-08-29,CUST0027,Rohit Kaur,Desk,Furniture,North,7,15506.71,108546.97,24855.56
ORD01975,2026-03-12,CUST0414,Karan Gupta,Chair,Furniture,South,2,2875.97,5751.94,597.1
ORD01976,2024-06-05,CUST0274,Aman Patel,Keyboard,Technology,Central,6,3124.44,18746.64,3648.88
ORD01977,2026-02-23,CUST0478,Navjot Patel,Table,Furniture,East,6,24672.71,148036.26,32728.07
ORD01978,2024-06-20,CUST0263,Simran Verma,Mouse,Technology,North,1,1761.27,1761.27,226.78
ORD01979,2025-08-10,CUST0241,Manpreet Singh,Table,Furniture,East,10,11048.14,110481.4,23958.55
ORD01980,2024-06-14,CUST0237,Isha Malhotra,Sofa,Furniture,Central,2,22881.53,45763.06,8817.9
ORD01981,2025-04-16,CUST0387,Priya Kaur,Laptop,Technology,Central,3,98971.38,296914.14,14879.76
ORD01982,2025-04-22,CUST0410,Manpreet Kaur,Power Bank,Accessories,Central,7,3111.33,21779.31,4960.42
ORD01983,2026-05-28,CUST0182,Karan Mehta,Webcam,Accessories,West,7,5949.5,41646.5,3472.45
ORD01984,2024-04-28,CUST0065,Karan Gupta,Smartphone,Technology,Central,6,15139.2,90835.2,19837.43
ORD01985,2025-05-13,CUST0463,Arjun Verma,Power Bank,Accessories,South,6,2378.97,14273.82,781.85
ORD01986,2025-08-27,CUST0385,Navjot Patel,Smartphone,Technology,South,3,40487.63,121462.89,17003.36
ORD01987,2026-07-14,CUST0333,Navjot Kapoor,Microwave,Home Appliances,West,1,10645.34,10645.34,2449.5
ORD01988,2024-07-28,CUST0130,Rahul Mehta,Power Bank,Accessories,West,8,2758.67,22069.36,2743.52
ORD01989,2026-08-02,CUST0067,Rohit Kapoor,Headphones,Accessories,North,3,3699.03,11097.09,2545.76
ORD01990,2026-06-12,CUST0152,Sahil Sharma,Television,Home Appliances,West,7,44797.18,313580.26,71311.07
ORD01991,2026-08-14,CUST0040,Rahul Gupta,Washing Machine,Home Appliances,West,9,60696.9,546272.1,79439.77
ORD01992,2024-04-13,CUST0035,Manpreet Verma,Washing Machine,Home Appliances,South,9,28060.92,252548.28,21009.26
ORD01993,2025-01-15,CUST0382,Arjun Malhotra,Television,Home Appliances,North,4,17098.1,68392.4,12046.29
ORD01994,2024-11-30,CUST0230,Rahul Sharma,Webcam,Accessories,East,8,8287.34,66298.72,7915.08
ORD01995,2025-03-19,CUST0189,Anjali Gupta,Mouse,Technology,Central,8,1964.05,15712.4,3169.17
ORD01996,2026-01-01,CUST0019,Rahul Kumar,Smartphone,Technology,West,7,75306.33,527144.31,61164.77
ORD01997,2025-01-28,CUST0375,Simran Malhotra,Refrigerator,Home Appliances,East,4,29954.79,119819.16,8224.14
ORD01998,2024-07-18,CUST0202,Navjot Verma,Chair,Furniture,West,1,2572.17,2572.17,619.15
ORD01999,2025-08-04,CUST0292,Rohit Sharma,Sofa,Furniture,East,3,50976.23,152928.69,20703.84
ORD02000,2024-09-28,CUST0470,Navjot Kapoor,Chair,Furniture,West,3,14883.34,44650.02,9901.95
ORD02001,2025-05-20,CUST0403,Isha Verma,Smartphone,Technology,North,3,42781.46,128344.38,30156.35
ORD02002,2024-09-21,CUST0041,Neha Kumar,Webcam,Accessories,Central,6,6742.79,40456.74,8905.29
ORD02003,2024-10-12,CUST0286,Rohit Singh,Washing Machine,Home Appliances,Central,10,45388.88,453888.8,69903.26
ORD02004,2024-12-02,CUST0399,Mehak Kaur,Table,Furniture,Central,7,25373.3,177613.1,26052.15
ORD02005,2026-06-02,CUST0154,Rahul Malhotra,Power Bank,Accessories,East,10,1015.4,10154.0,1117.64
ORD02006,2024-09-11,CUST0055,Isha Mehta,Table,Furniture,West,4,26112.2,104448.8,23621.02
ORD02007,2026-01-30,CUST0464,Arjun Kumar,Chair,Furniture,West,9,11065.96,99593.64,12210.04
ORD02008,2026-08-29,CUST0215,Arjun Sharma,Washing Machine,Home Appliances,North,3,22218.72,66656.16,11638.94
ORD02009,2025-04-29,CUST0397,Manpreet Gupta,Television,Home Appliances,North,7,52027.99,364195.93,29430.38
ORD02010,2025-05-18,CUST0171,Rohit Patel,Television,Home Appliances,West,8,41180.63,329445.04,74395.66
ORD02011,2025-09-17,CUST0302,Arjun Patel,Sofa,Furniture,South,4,34354.75,137419.0,14744.17
ORD02012,2024-03-25,CUST0173,Rohit Kaur,Desk,Furniture,North,2,16462.37,32924.74,2309.08
ORD02013,2024-01-03,CUST0077,Harpreet Kaur,Power Bank,Accessories,West,3,4565.64,13696.92,3401.87
ORD02014,2026-07-29,CUST0091,Manpreet Singh,Smartphone,Technology,East,6,30399.61,182397.66,33879.99
ORD02015,2024-02-09,CUST0342,Neha Gupta,Laptop,Technology,Central,5,49913.29,249566.45,28956.78
ORD02016,2026-07-07,CUST0043,Navjot Kaur,Mouse,Technology,West,4,500.53,2002.12,416.26
ORD02017,2025-06-22,CUST0422,Karan Singh,Headphones,Accessories,North,5,3940.63,19703.15,3410.36
ORD02018,2024-06-10,CUST0426,Manpreet Kapoor,Refrigerator,Home Appliances,Central,10,24545.98,245459.8,54118.75
ORD02019,2024-12-12,CUST0050,Sahil Sharma,Speaker,Accessories,South,1,10801.93,10801.93,1389.98
ORD02020,2025-10-31,CUST0356,Karan Kapoor,Power Bank,Accessories,West,9,2306.76,20760.84,2310.26
ORD02021,2024-06-01,CUST0215,Arjun Sharma,Desk,Furniture,South,4,17991.36,71965.44,7062.42
ORD02022,2025-04-04,CUST0019,Rahul Kumar,Laptop,Technology,South,2,75260.99,150521.98,11971.92
ORD02023,2026-01-05,CUST0077,Harpreet Kaur,Monitor,Technology,West,6,28799.9,172799.4,28659.48
ORD02024,2024-11-05,CUST0223,Rohit Sharma,Headphones,Accessories,South,9,11228.61,101057.49,19794.75
ORD02025,2024-03-08,CUST0459,Neha Malhotra,Headphones,Accessories,North,7,5006.3,35044.1,3094.31
ORD02026,2025-02-11,CUST0017,Navjot Malhotra,Microwave,Home Appliances,East,8,9544.69,76357.52,10896.28
ORD02027,2026-07-26,CUST0231,Arjun Gupta,Desk,Furniture,Central,7,19650.91,137556.37,24991.37
ORD02028,2025-03-01,CUST0445,Rohit Kumar,Chair,Furniture,North,3,13299.26,39897.78,9609.7
ORD02029,2025-09-10,CUST0250,Sahil Kapoor,Refrigerator,Home Appliances,West,3,22941.78,68825.34,6745.21
ORD02030,2024-01-10,CUST0491,Karan Kapoor,Refrigerator,Home Appliances,East,7,70454.91,493184.37,28451.72
ORD02031,2026-04-24,CUST0365,Anjali Sharma,Washing Machine,Home Appliances,Central,2,35533.35,71066.7,10415.51
ORD02032,2025-02-04,CUST0104,Manpreet Singh,Table,Furniture,Central,9,13312.95,119816.55,12543.5
ORD02033,2026-01-06,CUST0303,Harpreet Mehta,Sofa,Furniture,Central,1,49637.03,49637.03,6998.35
ORD02034,2025-08-26,CUST0281,Navjot Verma,Microwave,Home Appliances,North,6,6845.76,41074.56,2200.9
ORD02035,2026-08-03,CUST0243,Aman Singh,Power Bank,Accessories,East,10,4639.24,46392.4,7625.96
ORD02036,2025-11-15,CUST0428,Sahil Mehta,Sofa,Furniture,Central,1,26911.52,26911.52,5741.5
ORD02037,2026-04-21,CUST0131,Mehak Kapoor,Webcam,Accessories,West,4,1536.42,6145.68,357.12
ORD02038,2024-10-07,CUST0123,Priya Kaur,Headphones,Accessories,Central,2,5730.12,11460.24,2412.13
ORD02039,2025-11-10,CUST0417,Aman Malhotra,Headphones,Accessories,North,5,6519.27,32596.35,6642.49
ORD02040,2025-02-02,CUST0255,Priya Sharma,Desk,Furniture,Central,4,20373.17,81492.68,19161.03
ORD02041,2025-03-15,CUST0372,Aman Malhotra,Refrigerator,Home Appliances,North,4,58154.43,232617.72,12292.05
ORD02042,2026-01-18,CUST0169,Aman Sharma,Sofa,Furniture,East,3,15931.09,47793.27,11289.55
ORD02043,2024-06-16,CUST0087,Sahil Verma,Washing Machine,Home Appliances,East,7,39609.93,277269.51,25181.25
ORD02044,2024-03-19,CUST0050,Sahil Sharma,Washing Machine,Home Appliances,South,9,69890.02,629010.18,111840.85
ORD02045,2026-03-24,CUST0448,Anjali Patel,Laptop,Technology,East,2,97215.13,194430.26,40000.72
ORD02046,2026-02-23,CUST0495,Manpreet Mehta,Chair,Furniture,Central,6,11943.7,71662.2,5323.63
ORD02047,2024-12-30,CUST0239,Isha Kumar,Keyboard,Technology,North,5,3605.59,18027.95,3733.58
ORD02048,2026-01-12,CUST0181,Mehak Kaur,Sofa,Furniture,North,9,51297.09,461673.81,110334.57
ORD02049,2026-04-14,CUST0467,Navjot Patel,Laptop,Technology,Central,6,49737.53,298425.18,24491.15
ORD02050,2025-03-18,CUST0100,Simran Kaur,Webcam,Accessories,North,7,1753.21,12272.47,2559.22
ORD02051,2026-03-03,CUST0414,Karan Gupta,Speaker,Accessories,Central,10,3761.56,37615.6,6676.69
ORD02052,2025-04-13,CUST0383,Arjun Kaur,Smartphone,Technology,West,8,68415.78,547326.24,88388.56
ORD02053,2024-01-04,CUST0165,Arjun Kumar,Refrigerator,Home Appliances,Central,1,82997.94,82997.94,11668.01
ORD02054,2024-01-08,CUST0182,Karan Mehta,Monitor,Technology,East,7,25515.35,178607.45,35711.94
ORD02055,2025-07-28,CUST0442,Isha Mehta,Headphones,Accessories,North,2,2474.88,4949.76,836.16
ORD02056,2024-12-14,CUST0304,Neha Kaur,Sofa,Furniture,North,9,37245.54,335209.86,65426.51
ORD02057,2024-10-27,CUST0320,Priya Singh,Monitor,Technology,North,9,14643.01,131787.09,28259.49
ORD02058,2026-04-15,CUST0440,Manpreet Verma,Laptop,Technology,West,3,96342.92,289028.76,54678.85
ORD02059,2025-01-07,CUST0079,Manpreet Verma,Washing Machine,Home Appliances,North,2,62186.32,124372.64,30474.52
ORD02060,2024-12-01,CUST0256,Harpreet Kumar,Washing Machine,Home Appliances,South,1,39157.29,39157.29,9642.51
ORD02061,2024-04-12,CUST0365,Anjali Sharma,Smartphone,Technology,East,10,75198.72,751987.2,127769.53
ORD02062,2024-07-06,CUST0059,Rahul Verma,Monitor,Technology,Central,6,28735.97,172415.82,39255.92
ORD02063,2025-07-17,CUST0109,Karan Kumar,Smartphone,Technology,Central,5,13435.51,67177.55,14664.42
ORD02064,2025-07-19,CUST0468,Manpreet Singh,Mouse,Technology,East,9,2838.02,25542.18,2795.37
ORD02065,2024-12-07,CUST0052,Manpreet Gupta,Headphones,Accessories,East,7,4430.81,31015.67,2127.47
ORD02066,2026-07-01,CUST0380,Anjali Gupta,Smartphone,Technology,West,10,14812.33,148123.3,7524.94
ORD02067,2025-08-28,CUST0022,Karan Kaur,Webcam,Accessories,Central,2,4950.9,9901.8,1018.46
ORD02068,2025-08-05,CUST0459,Neha Malhotra,Chair,Furniture,North,3,6342.82,19028.46,3419.36
ORD02069,2026-04-21,CUST0323,Rohit Kumar,Keyboard,Technology,Central,3,1717.36,5152.08,432.13
ORD02070,2026-01-17,CUST0123,Priya Kaur,Headphones,Accessories,South,5,8495.52,42477.6,7023.17
ORD02071,2024-07-16,CUST0253,Neha Verma,Chair,Furniture,Central,10,7586.4,75864.0,13911.67
ORD02072,2025-08-15,CUST0150,Simran Sharma,Refrigerator,Home Appliances,East,10,48316.44,483164.4,63926.81
ORD02073,2025-05-24,CUST0138,Sahil Sharma,Chair,Furniture,North,5,11189.76,55948.8,10052.18
ORD02074,2026-04-13,CUST0059,Rahul Verma,Speaker,Accessories,Central,3,11581.61,34744.83,5744.13
ORD02075,2026-02-01,CUST0062,Rohit Verma,Table,Furniture,North,4,22776.7,91106.8,22742.9
ORD02076,2024-04-25,CUST0375,Simran Malhotra,Keyboard,Technology,Central,4,1358.44,5433.76,572.23
ORD02077,2024-12-15,CUST0002,Aman Verma,Chair,Furniture,South,1,12789.62,12789.62,1696.81
ORD02078,2024-11-28,CUST0229,Rahul Malhotra,Table,Furniture,West,2,23107.86,46215.72,10341.24
ORD02079,2024-12-27,CUST0194,Rohit Kumar,Microwave,Home Appliances,South,3,18599.27,55797.81,5097.48
ORD02080,2024-09-15,CUST0446,Simran Kumar,Sofa,Furniture,North,5,37001.11,185005.55,25436.44
ORD02081,2025-06-20,CUST0222,Rohit Malhotra,Speaker,Accessories,East,1,2328.96,2328.96,465.01
ORD02082,2024-06-30,CUST0105,Rahul Kapoor,Headphones,Accessories,West,3,10694.37,32083.11,3422.92
ORD02083,2025-04-10,CUST0394,Anjali Kaur,Keyboard,Technology,East,9,4099.92,36899.28,2326.83
ORD02084,2025-02-03,CUST0156,Priya Malhotra,Sofa,Furniture,East,5,24041.58,120207.9,26192.53
ORD02085,2024-08-28,CUST0083,Anjali Sharma,Speaker,Accessories,West,3,7414.75,22244.25,1188.49
ORD02086,2025-12-07,CUST0197,Isha Kaur,Table,Furniture,North,6,7745.61,46473.66,7175.8
ORD02087,2024-04-19,CUST0140,Aman Malhotra,Microwave,Home Appliances,South,10,6385.69,63856.9,15417.02
ORD02088,2025-08-11,CUST0461,Neha Gupta,Washing Machine,Home Appliances,Central,9,60104.93,540944.37,119640.68
ORD02089,2024-01-21,CUST0472,Manpreet Patel,Sofa,Furniture,East,1,58985.33,58985.33,4708.17
ORD02090,2026-01-20,CUST0394,Anjali Kaur,Webcam,Accessories,East,4,1512.41,6049.64,529.19
ORD02091,2025-10-05,CUST0370,Isha Singh,Webcam,Accessories,West,5,7416.23,37081.15,6201.39
ORD02092,2024-09-07,CUST0343,Isha Patel,Television,Home Appliances,East,10,47293.33,472933.3,42211.07
ORD02093,2025-05-19,CUST0024,Mehak Verma,Washing Machine,Home Appliances,South,4,42511.96,170047.84,26612.01
ORD02094,2026-06-06,CUST0221,Rahul Kapoor,Laptop,Technology,North,3,46191.54,138574.62,13339.32
ORD02095,2025-07-15,CUST0105,Rahul Kapoor,Power Bank,Accessories,West,2,3046.92,6093.84,429.76
ORD02096,2024-02-07,CUST0368,Navjot Singh,Table,Furniture,East,4,23450.61,93802.44,11647.96
ORD02097,2026-07-03,CUST0006,Simran Mehta,Headphones,Accessories,South,10,11904.47,119044.7,27137.47
ORD02098,2026-03-21,CUST0048,Isha Patel,Refrigerator,Home Appliances,Central,2,62824.18,125648.36,26522.25
ORD02099,2025-11-04,CUST0275,Isha Patel,Chair,Furniture,North,5,8188.16,40940.8,6477.45
ORD02100,2025-05-30,CUST0475,Arjun Kumar,Speaker,Accessories,Central,6,12242.25,73453.5,5143.12
ORD02101,2026-02-10,CUST0118,Aman Mehta,Television,Home Appliances,West,6,51303.99,307823.94,72933.02
ORD02102,2024-10-08,CUST0285,Navjot Verma,Chair,Furniture,South,10,11605.71,116057.1,6298.68
ORD02103,2024-08-02,CUST0089,Mehak Kumar,Table,Furniture,South,3,23436.88,70310.64,6269.68
ORD02104,2024-05-17,CUST0068,Simran Sharma,Microwave,Home Appliances,North,8,7164.23,57313.84,5451.98
ORD02105,2025-03-18,CUST0061,Navjot Patel,Desk,Furniture,South,5,17169.74,85848.7,18624.81
ORD02106,2024-02-05,CUST0353,Karan Mehta,Smartphone,Technology,Central,1,43161.1,43161.1,3637.4
ORD02107,2024-06-06,CUST0090,Rahul Gupta,Headphones,Accessories,West,3,1933.1,5799.3,535.61
ORD02108,2025-06-16,CUST0056,Isha Gupta,Speaker,Accessories,Central,3,10945.78,32837.34,3389.73
ORD02109,2025-08-03,CUST0453,Simran Verma,Microwave,Home Appliances,South,10,8990.55,89905.5,14076.46
ORD02110,2024-09-23,CUST0489,Arjun Kapoor,Power Bank,Accessories,Central,8,1522.97,12183.76,1289.47
ORD02111,2025-04-21,CUST0110,Isha Patel,Smartphone,Technology,North,7,38407.13,268849.91,54982.93
ORD02112,2025-06-30,CUST0448,Anjali Patel,Smartphone,Technology,North,4,73058.17,292232.68,57686.94
ORD02113,2026-04-16,CUST0287,Priya Malhotra,Power Bank,Accessories,South,10,4619.2,46192.0,8891.49
ORD02114,2025-06-04,CUST0028,Isha Malhotra,Table,Furniture,Central,4,24973.57,99894.28,23135.54
ORD02115,2025-07-04,CUST0279,Mehak Gupta,Smartphone,Technology,North,2,47730.2,95460.4,11247.37
ORD02116,2025-05-17,CUST0133,Manpreet Malhotra,Washing Machine,Home Appliances,South,3,46543.19,139629.57,8210.74
ORD02117,2025-03-08,CUST0072,Mehak Kaur,Chair,Furniture,Central,10,8733.42,87334.2,12093.13
ORD02118,2024-12-11,CUST0042,Harpreet Verma,Microwave,Home Appliances,North,5,9128.06,45640.3,11343.91
ORD02119,2026-01-10,CUST0017,Navjot Malhotra,Laptop,Technology,North,1,86518.26,86518.26,19256.99
ORD02120,2025-12-05,CUST0043,Navjot Kaur,Refrigerator,Home Appliances,South,10,73029.1,730291.0,48354.49
ORD02121,2024-02-28,CUST0247,Arjun Singh,Keyboard,Technology,Central,9,4091.33,36821.97,6609.9
ORD02122,2025-05-31,CUST0014,Anjali Mehta,Desk,Furniture,East,2,10569.72,21139.44,4416.83
ORD02123,2025-09-06,CUST0386,Aman Gupta,Washing Machine,Home Appliances,Central,9,26282.27,236540.43,50277.42
ORD02124,2026-04-24,CUST0277,Neha Malhotra,Webcam,Accessories,East,2,5674.68,11349.36,909.26
ORD02125,2025-04-23,CUST0257,Karan Gupta,Monitor,Technology,North,1,18245.02,18245.02,2762.82
ORD02126,2025-10-13,CUST0023,Neha Gupta,Laptop,Technology,East,4,79722.23,318888.92,40045.8
ORD02127,2024-05-05,CUST0046,Rahul Kapoor,Washing Machine,Home Appliances,South,7,45561.83,318932.81,40040.18
ORD02128,2024-02-20,CUST0212,Priya Gupta,Desk,Furniture,East,6,14745.33,88471.98,10962.85
ORD02129,2025-10-02,CUST0159,Aman Malhotra,Sofa,Furniture,West,9,47831.99,430487.91,83022.87
ORD02130,2025-07-25,CUST0028,Isha Malhotra,Speaker,Accessories,West,10,4745.26,47452.6,10496.76
ORD02131,2024-03-07,CUST0317,Harpreet Sharma,Television,Home Appliances,North,9,80651.15,725860.35,63115.94
ORD02132,2024-05-07,CUST0138,Sahil Sharma,Laptop,Technology,Central,5,91915.08,459575.4,99718.51
ORD02133,2025-10-21,CUST0469,Priya Kumar,Monitor,Technology,South,5,24890.62,124453.1,30171.22
ORD02134,2025-01-22,CUST0281,Navjot Verma,Power Bank,Accessories,South,4,4497.91,17991.64,2755.11
ORD02135,2024-05-24,CUST0271,Karan Mehta,Keyboard,Technology,West,3,1924.76,5774.28,1065.93
ORD02136,2024-06-11,CUST0317,Harpreet Sharma,Refrigerator,Home Appliances,North,5,56520.64,282603.2,37170.3
ORD02137,2024-04-16,CUST0125,Sahil Gupta,Speaker,Accessories,East,9,6471.46,58243.14,7931.42
ORD02138,2024-10-25,CUST0492,Simran Mehta,Television,Home Appliances,West,1,54267.05,54267.05,11635.26
ORD02139,2026-03-18,CUST0081,Simran Verma,Washing Machine,Home Appliances,South,1,57398.22,57398.22,5011.89
ORD02140,2026-06-05,CUST0370,Isha Singh,Washing Machine,Home Appliances,North,3,46260.4,138781.2,15094.76
ORD02141,2026-06-02,CUST0343,Isha Patel,Keyboard,Technology,East,7,2384.54,16691.78,3478.88
ORD02142,2025-12-15,CUST0263,Simran Verma,Smartphone,Technology,Central,6,61154.61,366927.66,36064.83
ORD02143,2026-05-01,CUST0266,Simran Mehta,Desk,Furniture,North,3,10962.58,32887.74,4707.44
ORD02144,2024-10-25,CUST0345,Rahul Kumar,Television,Home Appliances,South,1,39624.18,39624.18,9851.57
ORD02145,2025-06-22,CUST0105,Rahul Kapoor,Table,Furniture,East,6,29243.3,175459.8,15592.37
ORD02146,2026-04-05,CUST0301,Harpreet Kaur,Television,Home Appliances,North,4,48551.2,194204.8,41043.44
ORD02147,2026-03-17,CUST0047,Karan Verma,Mouse,Technology,North,8,1636.86,13094.88,2543.68
ORD02148,2025-10-08,CUST0279,Mehak Gupta,Mouse,Technology,South,4,2938.98,11755.92,1982.8
ORD02149,2024-02-10,CUST0253,Neha Verma,Table,Furniture,West,6,15124.86,90749.16,22677.19
ORD02150,2025-05-23,CUST0438,Rahul Kapoor,Laptop,Technology,East,10,97372.64,973726.4,196956.34
ORD02151,2026-01-07,CUST0200,Rahul Kapoor,Keyboard,Technology,Central,7,4835.11,33845.77,6964.87
ORD02152,2026-04-10,CUST0457,Neha Kapoor,Laptop,Technology,North,4,94690.65,378762.6,81081.62
ORD02153,2026-05-07,CUST0301,Harpreet Kaur,Monitor,Technology,Central,2,29023.09,58046.18,9284.38
ORD02154,2025-12-20,CUST0269,Karan Mehta,Smartphone,Technology,West,6,58187.77,349126.62,50432.95
ORD02155,2026-06-22,CUST0136,Neha Malhotra,Television,Home Appliances,Central,7,96631.33,676419.31,157831.91
ORD02156,2024-02-29,CUST0349,Karan Gupta,Sofa,Furniture,North,6,31555.72,189334.32,14538.09
ORD02157,2025-07-06,CUST0160,Arjun Kapoor,Laptop,Technology,East,10,92250.5,922505.0,99046.81
ORD02158,2025-08-23,CUST0116,Priya Kumar,Sofa,Furniture,South,6,38844.98,233069.88,50719.05
ORD02159,2025-09-13,CUST0388,Manpreet Sharma,Speaker,Accessories,Central,3,3803.11,11409.33,2719.07
ORD02160,2025-03-04,CUST0259,Manpreet Verma,Chair,Furniture,North,5,5121.85,25609.25,2997.26
ORD02161,2025-07-02,CUST0048,Isha Patel,Television,Home Appliances,West,5,74110.45,370552.25,28165.86
ORD02162,2026-08-16,CUST0482,Navjot Singh,Monitor,Technology,West,6,25022.9,150137.4,14642.86
ORD02163,2024-05-11,CUST0220,Harpreet Verma,Headphones,Accessories,West,2,6712.73,13425.46,984.12
ORD02164,2024-07-27,CUST0400,Manpreet Singh,Laptop,Technology,East,1,96630.88,96630.88,14886.11
ORD02165,2025-12-02,CUST0200,Rahul Kapoor,Headphones,Accessories,West,1,9999.9,9999.9,1272.56
ORD02166,2024-09-17,CUST0038,Karan Verma,Refrigerator,Home Appliances,East,3,26996.2,80988.6,16482.71
ORD02167,2024-04-21,CUST0183,Mehak Patel,Keyboard,Technology,West,3,2938.12,8814.36,1209.75
ORD02168,2025-06-21,CUST0321,Manpreet Patel,Power Bank,Accessories,East,3,4004.82,12014.46,2093.35
ORD02169,2025-06-24,CUST0149,Anjali Patel,Laptop,Technology,West,9,54526.01,490734.09,25023.42
ORD02170,2026-07-23,CUST0400,Manpreet Singh,Desk,Furniture,Central,8,10267.25,82138.0,18281.19
ORD02171,2025-09-21,CUST0378,Arjun Malhotra,Sofa,Furniture,North,4,17075.43,68301.72,12227.86
ORD02172,2024-02-18,CUST0028,Isha Malhotra,Monitor,Technology,Central,1,20191.42,20191.42,3455.49
ORD02173,2026-01-01,CUST0189,Anjali Gupta,Monitor,Technology,West,3,15715.64,47146.92,11173.46
ORD02174,2025-10-02,CUST0131,Mehak Kapoor,Sofa,Furniture,West,10,49029.84,490298.4,85682.15
ORD02175,2026-02-02,CUST0393,Priya Singh,Webcam,Accessories,West,10,8557.4,85574.0,17277.3
ORD02176,2025-10-14,CUST0046,Rahul Kapoor,Refrigerator,Home Appliances,Central,6,57468.52,344811.12,57188.96
ORD02177,2025-05-27,CUST0128,Harpreet Kapoor,Desk,Furniture,East,5,15872.14,79360.7,4305.69
ORD02178,2026-03-10,CUST0292,Rohit Sharma,Table,Furniture,South,2,27263.49,54526.98,4743.35
ORD02179,2024-02-26,CUST0151,Harpreet Patel,Sofa,Furniture,West,9,33189.55,298705.95,72324.36
ORD02180,2025-04-13,CUST0319,Manpreet Malhotra,Mouse,Technology,West,7,1682.44,11777.08,2096.88
ORD02181,2026-08-23,CUST0498,Rohit Malhotra,Keyboard,Technology,South,4,1530.44,6121.76,685.03
ORD02182,2025-10-27,CUST0267,Karan Gupta,Desk,Furniture,South,10,18073.08,180730.8,41852.19
ORD02183,2026-07-07,CUST0461,Neha Gupta,Chair,Furniture,East,5,12867.63,64338.15,13871.48
ORD02184,2024-12-15,CUST0492,Simran Mehta,Headphones,Accessories,North,10,11797.58,117975.8,20292.0
ORD02185,2024-05-30,CUST0282,Rohit Verma,Sofa,Furniture,West,6,41573.05,249438.3,39635.77
ORD02186,2024-12-18,CUST0339,Arjun Kapoor,Television,Home Appliances,West,7,81606.07,571242.49,94016.61
ORD02187,2024-04-10,CUST0323,Rohit Kumar,Smartphone,Technology,South,8,11045.32,88362.56,18710.63
ORD02188,2024-07-15,CUST0393,Priya Singh,Desk,Furniture,East,2,16001.65,32003.3,3212.69
ORD02189,2024-10-05,CUST0205,Arjun Kaur,Table,Furniture,North,5,19690.28,98451.4,21654.65
ORD02190,2025-11-14,CUST0438,Rahul Kapoor,Smartphone,Technology,Central,4,43489.21,173956.84,8731.87
ORD02191,2026-02-20,CUST0223,Rohit Sharma,Power Bank,Accessories,West,1,1062.94,1062.94,77.97
ORD02192,2024-12-08,CUST0258,Arjun Kaur,Chair,Furniture,North,4,3055.78,12223.12,2601.85
ORD02193,2024-03-23,CUST0025,Manpreet Sharma,Keyboard,Technology,East,10,3016.81,30168.1,5419.91
ORD02194,2026-06-02,CUST0323,Rohit Kumar,Monitor,Technology,Central,7,9466.74,66267.18,13566.94
ORD02195,2024-08-13,CUST0101,Navjot Kapoor,Power Bank,Accessories,East,1,3433.31,3433.31,672.91
ORD02196,2024-06-15,CUST0139,Harpreet Kaur,Keyboard,Technology,North,10,2650.73,26507.3,2817.73
ORD02197,2025-09-02,CUST0366,Karan Gupta,Speaker,Accessories,South,7,11301.29,79109.03,14578.11
ORD02198,2026-04-25,CUST0177,Karan Kaur,Mouse,Technology,West,8,2496.67,19973.36,3894.76
ORD02199,2025-09-08,CUST0473,Mehak Verma,Headphones,Accessories,North,10,11801.81,118018.1,22406.45
ORD02200,2024-09-26,CUST0394,Anjali Kaur,Television,Home Appliances,North,9,48768.71,438918.39,81167.63
ORD02201,2024-05-15,CUST0497,Priya Kaur,Table,Furniture,East,4,10066.66,40266.64,2731.58
ORD02202,2025-07-11,CUST0184,Neha Verma,Table,Furniture,North,7,13618.53,95329.71,6839.21
ORD02203,2024-03-21,CUST0238,Mehak Singh,Smartphone,Technology,Central,3,69468.18,208404.54,38681.25
ORD02204,2025-06-09,CUST0084,Navjot Verma,Keyboard,Technology,East,7,1273.0,8911.0,869.67
ORD02205,2024-07-13,CUST0068,Simran Sharma,Power Bank,Accessories,South,6,3093.67,18562.02,2323.89
ORD02206,2026-01-13,CUST0230,Rahul Sharma,Mouse,Technology,South,5,1241.82,6209.1,1046.3
ORD02207,2024-02-14,CUST0443,Navjot Verma,Television,Home Appliances,North,7,26972.35,188806.45,20542.77
ORD02208,2025-11-29,CUST0221,Rahul Kapoor,Washing Machine,Home Appliances,East,4,69736.3,278945.2,39149.33
ORD02209,2026-07-15,CUST0426,Manpreet Kapoor,Keyboard,Technology,West,2,2775.67,5551.34,1307.54
ORD02210,2024-06-14,CUST0380,Anjali Gupta,Speaker,Accessories,North,2,13854.8,27709.6,1463.14
ORD02211,2026-08-10,CUST0450,Navjot Kapoor,Speaker,Accessories,West,4,2881.56,11526.24,1178.21
ORD02212,2026-02-15,CUST0088,Sahil Patel,Microwave,Home Appliances,West,10,20903.5,209035.0,28760.33
ORD02213,2025-11-28,CUST0444,Rohit Sharma,Table,Furniture,East,9,26916.08,242244.72,20698.19
ORD02214,2024-01-24,CUST0210,Rahul Verma,Monitor,Technology,West,8,14180.52,113444.16,27448.21
ORD02215,2025-12-17,CUST0403,Isha Verma,Power Bank,Accessories,North,2,3659.13,7318.26,1029.79
ORD02216,2024-05-30,CUST0207,Arjun Kaur,Speaker,Accessories,North,9,13654.22,122887.98,25312.12
ORD02217,2024-06-24,CUST0187,Karan Singh,Keyboard,Technology,South,2,3070.61,6141.22,1116.36
ORD02218,2025-11-26,CUST0115,Anjali Kaur,Washing Machine,Home Appliances,East,2,53041.92,106083.84,26354.43
ORD02219,2024-06-02,CUST0008,Aman Kaur,Microwave,Home Appliances,North,5,23804.12,119020.6,15590.14
ORD02220,2025-02-11,CUST0268,Navjot Gupta,Chair,Furniture,West,3,14762.13,44286.39,5114.13
ORD02221,2025-09-30,CUST0387,Priya Kaur,Mouse,Technology,Central,5,1976.58,9882.9,959.07
ORD02222,2024-02-08,CUST0278,Simran Gupta,Television,Home Appliances,East,3,96012.39,288037.17,65797.86
ORD02223,2025-07-09,CUST0409,Sahil Mehta,Mouse,Technology,West,4,2229.48,8917.92,1627.19
ORD02224,2024-12-11,CUST0500,Manpreet Mehta,Washing Machine,Home Appliances,Central,5,51715.27,258576.35,58567.09
ORD02225,2025-06-03,CUST0263,Simran Verma,Laptop,Technology,West,8,57013.96,456111.68,79916.77
ORD02226,2025-07-11,CUST0493,Harpreet Sharma,Keyboard,Technology,West,3,1185.0,3555.0,345.03
ORD02227,2025-09-22,CUST0230,Rahul Sharma,Power Bank,Accessories,West,3,1623.15,4869.45,269.01
ORD02228,2025-11-10,CUST0141,Navjot Gupta,Headphones,Accessories,West,2,11598.76,23197.52,4497.58
ORD02229,2025-03-22,CUST0254,Sahil Kumar,Power Bank,Accessories,Central,10,3076.3,30763.0,5073.39
ORD02230,2026-02-06,CUST0255,Priya Sharma,Table,Furniture,North,10,13002.91,130029.1,11602.59
ORD02231,2026-03-22,CUST0405,Karan Kumar,Television,Home Appliances,South,3,48880.46,146641.38,27343.89
ORD02232,2025-02-03,CUST0189,Anjali Gupta,Monitor,Technology,West,6,31841.55,191049.3,38422.58
ORD02233,2024-06-20,CUST0373,Mehak Mehta,Microwave,Home Appliances,East,1,16814.68,16814.68,3104.03
ORD02234,2026-08-14,CUST0461,Neha Gupta,Desk,Furniture,Central,5,21902.11,109510.55,10977.46
ORD02235,2025-09-18,CUST0202,Navjot Verma,Power Bank,Accessories,East,6,1623.65,9741.9,2097.37
ORD02236,2026-03-19,CUST0096,Simran Gupta,Table,Furniture,West,10,22088.14,220881.4,48450.03
ORD02237,2024-12-14,CUST0426,Manpreet Kapoor,Table,Furniture,West,10,18654.55,186545.5,44193.98
ORD02238,2026-02-18,CUST0085,Rohit Singh,Television,Home Appliances,East,6,73179.89,439079.34,38340.57
ORD02239,2025-08-12,CUST0370,Isha Singh,Speaker,Accessories,South,6,13838.38,83030.28,10612.54
ORD02240,2025-01-13,CUST0207,Arjun Kaur,Table,Furniture,North,10,13583.13,135831.3,28026.96
ORD02241,2025-10-23,CUST0115,Anjali Kaur,Mouse,Technology,West,6,2276.54,13659.24,1682.28
ORD02242,2025-09-16,CUST0266,Simran Mehta,Microwave,Home Appliances,East,9,24041.96,216377.64,24856.44
ORD02243,2024-11-09,CUST0388,Manpreet Sharma,Webcam,Accessories,Central,4,8511.33,34045.32,1754.03
ORD02244,2024-02-18,CUST0062,Rohit Verma,Laptop,Technology,South,10,94832.82,948328.2,139261.82
ORD02245,2025-01-07,CUST0268,Navjot Gupta,Refrigerator,Home Appliances,South,1,38839.36,38839.36,2610.08
ORD02246,2026-04-27,CUST0202,Navjot Verma,Television,Home Appliances,East,8,42645.91,341167.28,24395.0
ORD02247,2024-08-07,CUST0104,Manpreet Singh,Smartphone,Technology,West,6,61025.27,366151.62,63664.94
ORD02248,2024-02-16,CUST0244,Navjot Gupta,Smartphone,Technology,North,8,65916.26,527330.08,116177.07
ORD02249,2026-02-27,CUST0492,Simran Mehta,Refrigerator,Home Appliances,North,2,68798.81,137597.62,14681.08
ORD02250,2024-05-04,CUST0019,Rahul Kumar,Refrigerator,Home Appliances,Central,10,51964.31,519643.1,80982.44
ORD02251,2024-01-07,CUST0269,Karan Mehta,Headphones,Accessories,East,3,7655.79,22967.37,4629.14
ORD02252,2026-02-24,CUST0185,Priya Gupta,Table,Furniture,East,9,26117.55,235057.95,37976.19
ORD02253,2026-04-08,CUST0206,Isha Singh,Table,Furniture,West,9,28379.35,255414.15,54101.72
ORD02254,2026-03-22,CUST0214,Rohit Kapoor,Monitor,Technology,West,10,31328.93,313289.3,47396.88
ORD02255,2025-12-24,CUST0276,Harpreet Kumar,Webcam,Accessories,East,3,4038.53,12115.59,940.7
ORD02256,2025-03-08,CUST0262,Neha Sharma,Washing Machine,Home Appliances,East,6,46150.17,276901.02,54432.53
ORD02257,2025-09-21,CUST0408,Simran Verma,Washing Machine,Home Appliances,North,3,27244.31,81732.93,9064.86
ORD02258,2026-05-21,CUST0496,Arjun Kaur,Keyboard,Technology,North,1,4938.62,4938.62,381.39
ORD02259,2024-08-23,CUST0452,Anjali Sharma,Laptop,Technology,Central,5,49356.59,246782.95,30724.65
ORD02260,2026-04-25,CUST0332,Anjali Singh,Chair,Furniture,North,3,14460.0,43380.0,7744.64
ORD02261,2025-05-07,CUST0410,Manpreet Kaur,Washing Machine,Home Appliances,North,1,21600.61,21600.61,2479.65
ORD02262,2024-10-17,CUST0268,Navjot Gupta,Sofa,Furniture,East,3,39999.57,119998.71,22367.64
ORD02263,2026-05-20,CUST0146,Karan Singh,Power Bank,Accessories,South,8,3263.02,26104.16,2057.39
ORD02264,2024-06-02,CUST0217,Sahil Verma,Power Bank,Accessories,North,5,3821.32,19106.6,3413.0
ORD02265,2024-03-12,CUST0067,Rohit Kapoor,Refrigerator,Home Appliances,Central,5,84346.88,421734.4,38727.94
ORD02266,2024-05-09,CUST0112,Navjot Verma,Chair,Furniture,South,4,11581.6,46326.4,10065.23
ORD02267,2025-01-21,CUST0311,Sahil Kaur,Chair,Furniture,North,10,10149.86,101498.6,6954.77
ORD02268,2024-07-27,CUST0454,Priya Malhotra,Mouse,Technology,Central,5,1111.87,5559.35,822.27
ORD02269,2025-12-24,CUST0238,Mehak Singh,Television,Home Appliances,North,8,60263.61,482108.88,63062.29
ORD02270,2024-11-24,CUST0341,Priya Verma,Speaker,Accessories,East,6,12123.46,72740.76,10621.31
ORD02271,2025-08-07,CUST0383,Arjun Kaur,Washing Machine,Home Appliances,North,7,43159.33,302115.31,24456.53
ORD02272,2025-11-04,CUST0167,Navjot Patel,Chair,Furniture,Central,8,8642.07,69136.56,8744.57
ORD02273,2024-05-03,CUST0124,Isha Sharma,Keyboard,Technology,West,3,1023.01,3069.03,594.34
ORD02274,2026-01-04,CUST0090,Rahul Gupta,Keyboard,Technology,South,4,3687.43,14749.72,2044.01
ORD02275,2025-08-03,CUST0475,Arjun Kumar,Chair,Furniture,Central,3,6235.69,18707.07,1515.99
ORD02276,2025-11-04,CUST0110,Isha Patel,Speaker,Accessories,Central,7,14397.12,100779.84,21151.73
ORD02277,2024-06-19,CUST0039,Anjali Gupta,Refrigerator,Home Appliances,East,3,58719.55,176158.65,17138.64
ORD02278,2025-07-23,CUST0335,Manpreet Kumar,Refrigerator,Home Appliances,East,9,75254.62,677291.58,61387.88
ORD02279,2026-06-22,CUST0137,Karan Kapoor,Headphones,Accessories,West,8,6380.14,51041.12,10076.69
ORD02280,2024-09-24,CUST0113,Karan Gupta,Sofa,Furniture,East,1,28042.93,28042.93,4604.89
ORD02281,2026-05-18,CUST0296,Mehak Gupta,Headphones,Accessories,Central,8,2985.07,23880.56,4076.92
ORD02282,2024-02-26,CUST0225,Isha Singh,Smartphone,Technology,East,8,49973.02,399784.16,25576.79
ORD02283,2026-07-05,CUST0127,Priya Verma,Power Bank,Accessories,East,4,3818.81,15275.24,2261.74
ORD02284,2025-01-08,CUST0071,Manpreet Malhotra,Table,Furniture,West,2,8730.99,17461.98,1343.58
ORD02285,2024-09-28,CUST0374,Harpreet Sharma,Mouse,Technology,Central,1,971.1,971.1,220.12
ORD02286,2026-01-09,CUST0251,Priya Kumar,Power Bank,Accessories,East,4,2267.11,9068.44,1710.89
ORD02287,2024-03-03,CUST0342,Neha Gupta,Refrigerator,Home Appliances,North,9,36575.71,329181.39,42421.33
ORD02288,2025-10-22,CUST0104,Manpreet Singh,Monitor,Technology,North,4,34405.73,137622.92,32273.8
ORD02289,2024-06-15,CUST0418,Sahil Kapoor,Television,Home Appliances,South,6,54118.26,324709.56,70473.93
ORD02290,2026-08-07,CUST0447,Navjot Malhotra,Laptop,Technology,Central,10,86736.69,867366.9,72421.68
ORD02291,2025-10-31,CUST0384,Anjali Sharma,Television,Home Appliances,Central,4,22860.38,91441.52,13313.31
ORD02292,2025-04-26,CUST0099,Priya Mehta,Mouse,Technology,North,1,2558.12,2558.12,422.88
ORD02293,2024-02-19,CUST0108,Sahil Mehta,Headphones,Accessories,South,2,7695.67,15391.34,1216.48
ORD02294,2026-08-04,CUST0375,Simran Malhotra,Chair,Furniture,West,2,4694.19,9388.38,2096.86
ORD02295,2025-11-20,CUST0210,Rahul Verma,Speaker,Accessories,North,10,2222.3,22223.0,4539.61
ORD02296,2024-02-12,CUST0060,Rahul Kumar,Keyboard,Technology,North,3,2491.32,7473.96,1738.87
ORD02297,2026-08-05,CUST0317,Harpreet Sharma,Keyboard,Technology,Central,6,1371.14,8226.84,1500.11
ORD02298,2024-08-07,CUST0390,Priya Kumar,Speaker,Accessories,North,10,4172.34,41723.4,8317.75
ORD02299,2025-11-07,CUST0151,Harpreet Patel,Sofa,Furniture,South,4,32112.76,128451.04,20196.32
ORD02300,2024-04-02,CUST0234,Priya Kumar,Television,Home Appliances,East,5,27718.7,138593.5,11811.97
ORD02301,2024-11-30,CUST0012,Priya Patel,Speaker,Accessories,South,1,13946.04,13946.04,2305.08
ORD02302,2026-05-17,CUST0077,Harpreet Kaur,Microwave,Home Appliances,East,10,8447.34,84473.4,7495.39
ORD02303,2026-01-23,CUST0496,Arjun Kaur,Microwave,Home Appliances,North,2,21953.28,43906.56,9312.27
ORD02304,2024-01-18,CUST0413,Neha Patel,Desk,Furniture,North,10,6692.27,66922.7,9992.34
ORD02305,2025-01-02,CUST0118,Aman Mehta,Headphones,Accessories,Central,4,2560.67,10242.68,1380.43
ORD02306,2024-01-28,CUST0168,Aman Gupta,Microwave,Home Appliances,East,3,11831.96,35495.88,3279.91
ORD02307,2025-03-08,CUST0483,Harpreet Kapoor,Smartphone,Technology,North,8,11795.19,94361.52,22272.81
ORD02308,2024-06-19,CUST0186,Priya Verma,Sofa,Furniture,Central,8,25386.31,203090.48,21443.54
ORD02309,2026-06-01,CUST0318,Isha Kaur,Keyboard,Technology,Central,2,3819.13,7638.26,1040.67
ORD02310,2026-08-25,CUST0012,Priya Patel,Speaker,Accessories,North,5,3254.83,16274.15,2542.18
ORD02311,2025-12-01,CUST0176,Simran Kumar,Washing Machine,Home Appliances,North,3,67551.55,202654.65,43682.92
ORD02312,2025-01-06,CUST0114,Anjali Patel,Television,Home Appliances,West,2,36224.28,72448.56,3866.73
ORD02313,2025-01-14,CUST0490,Simran Kaur,Power Bank,Accessories,West,5,2347.98,11739.9,2049.57
ORD02314,2024-09-14,CUST0303,Harpreet Mehta,Washing Machine,Home Appliances,West,3,32822.27,98466.81,23548.73
ORD02315,2024-01-03,CUST0431,Sahil Kaur,Smartphone,Technology,North,5,68573.91,342869.55,48807.2
ORD02316,2024-07-31,CUST0023,Neha Gupta,Laptop,Technology,North,9,87835.54,790519.86,58915.36
ORD02317,2026-08-23,CUST0413,Neha Patel,Speaker,Accessories,North,7,2855.09,19985.63,2103.17
ORD02318,2024-04-09,CUST0251,Priya Kumar,Sofa,Furniture,East,9,38232.6,344093.4,18108.19
ORD02319,2025-12-22,CUST0230,Rahul Sharma,Smartphone,Technology,North,2,51492.32,102984.64,25214.78
ORD02320,2024-09-09,CUST0238,Mehak Singh,Smartphone,Technology,North,7,45585.42,319097.94,44862.82
ORD02321,2024-10-21,CUST0237,Isha Malhotra,Desk,Furniture,East,1,5673.86,5673.86,1206.26
ORD02322,2025-12-21,CUST0497,Priya Kaur,Microwave,Home Appliances,South,7,11704.49,81931.43,6963.85
ORD02323,2025-06-24,CUST0013,Karan Kumar,Mouse,Technology,East,6,1587.74,9526.44,1489.35
ORD02324,2024-05-03,CUST0229,Rahul Malhotra,Power Bank,Accessories,Central,8,3303.87,26430.96,1478.46
ORD02325,2024-06-09,CUST0003,Priya Kumar,Refrigerator,Home Appliances,West,4,89983.11,359932.44,61689.73
ORD02326,2024-03-21,CUST0473,Mehak Verma,Microwave,Home Appliances,East,7,22903.09,160321.63,34411.21
ORD02327,2025-05-01,CUST0300,Manpreet Singh,Mouse,Technology,North,3,1101.37,3304.11,627.44
ORD02328,2024-12-04,CUST0017,Navjot Malhotra,Monitor,Technology,Central,7,18880.58,132164.06,9255.9
ORD02329,2025-04-23,CUST0013,Karan Kumar,Laptop,Technology,North,10,43034.65,430346.5,63317.2
ORD02330,2025-07-10,CUST0468,Manpreet Singh,Television,Home Appliances,Central,5,16670.07,83350.35,13928.92
ORD02331,2024-06-25,CUST0035,Manpreet Verma,Television,Home Appliances,North,2,41778.99,83557.98,9469.89
ORD02332,2026-08-09,CUST0131,Mehak Kapoor,Mouse,Technology,West,10,1244.07,12440.7,2666.57
ORD02333,2025-03-25,CUST0402,Mehak Sharma,Speaker,Accessories,North,4,10248.36,40993.44,5847.7
ORD02334,2026-07-18,CUST0417,Aman Malhotra,Power Bank,Accessories,West,5,3332.55,16662.75,1173.24
ORD02335,2025-05-11,CUST0490,Simran Kaur,Smartphone,Technology,West,5,25139.85,125699.25,30231.84
ORD02336,2025-03-23,CUST0293,Arjun Verma,Refrigerator,Home Appliances,South,3,36330.92,108992.76,22064.39
ORD02337,2024-03-09,CUST0108,Sahil Mehta,Television,Home Appliances,East,8,99632.0,797056.0,168499.78
ORD02338,2025-04-16,CUST0085,Rohit Singh,Speaker,Accessories,Central,8,1855.14,14841.12,893.38
ORD02339,2025-11-07,CUST0433,Priya Kapoor,Chair,Furniture,North,1,3157.3,3157.3,688.94
ORD02340,2026-03-29,CUST0323,Rohit Kumar,Television,Home Appliances,North,9,87217.65,784958.85,187403.3
ORD02341,2025-03-31,CUST0121,Aman Kaur,Microwave,Home Appliances,North,2,23115.82,46231.64,3083.66
ORD02342,2026-08-08,CUST0375,Simran Malhotra,Television,Home Appliances,West,2,84302.1,168604.2,41156.56
ORD02343,2025-04-07,CUST0458,Rohit Patel,Washing Machine,Home Appliances,East,3,45825.41,137476.23,27710.61
ORD02344,2024-01-12,CUST0268,Navjot Gupta,Sofa,Furniture,Central,6,58763.36,352580.16,48491.61
ORD02345,2024-11-23,CUST0089,Mehak Kumar,Laptop,Technology,West,1,55570.04,55570.04,7432.91
ORD02346,2024-11-02,CUST0342,Neha Gupta,Smartphone,Technology,Central,7,68948.31,482638.17,78518.39
ORD02347,2025-11-21,CUST0207,Arjun Kaur,Laptop,Technology,Central,9,96048.92,864440.28,197263.53
ORD02348,2026-01-13,CUST0139,Harpreet Kaur,Sofa,Furniture,West,9,40186.0,361674.0,28965.53
ORD02349,2025-12-31,CUST0297,Anjali Kapoor,Headphones,Accessories,North,10,3938.48,39384.8,4762.73
ORD02350,2025-05-21,CUST0133,Manpreet Malhotra,Mouse,Technology,Central,6,1558.81,9352.86,1266.66
ORD02351,2024-12-07,CUST0329,Neha Kapoor,Table,Furniture,West,9,17187.67,154689.03,25003.55
ORD02352,2025-10-17,CUST0182,Karan Mehta,Keyboard,Technology,North,7,3240.34,22682.38,1958.51
ORD02353,2024-09-11,CUST0454,Priya Malhotra,Webcam,Accessories,East,7,8598.24,60187.68,7628.56
ORD02354,2024-03-07,CUST0480,Aman Sharma,Headphones,Accessories,West,9,3922.09,35298.81,3970.37
ORD02355,2026-08-13,CUST0006,Simran Mehta,Desk,Furniture,East,3,6146.4,18439.2,1511.3
ORD02356,2025-05-29,CUST0297,Anjali Kapoor,Sofa,Furniture,Central,9,27384.78,246463.02,18487.57
ORD02357,2024-08-21,CUST0492,Simran Mehta,Desk,Furniture,Central,9,15227.06,137043.54,25947.49
ORD02358,2026-02-09,CUST0022,Karan Kaur,Speaker,Accessories,Central,7,14797.67,103583.69,15113.35
ORD02359,2024-03-16,CUST0228,Mehak Patel,Keyboard,Technology,South,2,892.63,1785.26,121.11
ORD02360,2026-02-12,CUST0425,Mehak Patel,Mouse,Technology,Central,4,2740.15,10960.6,1332.25
ORD02361,2025-05-01,CUST0328,Rohit Mehta,Table,Furniture,West,2,22868.37,45736.74,4414.96
ORD02362,2024-09-17,CUST0458,Rohit Patel,Monitor,Technology,East,4,13037.67,52150.68,3064.28
ORD02363,2025-01-03,CUST0285,Navjot Verma,Keyboard,Technology,East,1,2196.29,2196.29,509.54
ORD02364,2025-03-15,CUST0385,Navjot Patel,Microwave,Home Appliances,East,2,8748.25,17496.5,3031.37
ORD02365,2025-08-03,CUST0333,Navjot Kapoor,Smartphone,Technology,West,5,58791.02,293955.1,16358.89
ORD02366,2026-08-11,CUST0206,Isha Singh,Keyboard,Technology,North,8,3973.54,31788.32,7289.54
ORD02367,2025-10-07,CUST0396,Anjali Verma,Desk,Furniture,North,10,16485.49,164854.9,33070.16
ORD02368,2024-10-05,CUST0280,Harpreet Kaur,Keyboard,Technology,North,9,2739.25,24653.25,1949.88
ORD02369,2026-05-09,CUST0227,Sahil Gupta,Microwave,Home Appliances,East,2,15822.46,31644.92,6564.91
ORD02370,2025-09-23,CUST0319,Manpreet Malhotra,Sofa,Furniture,Central,5,43196.55,215982.75,34380.78
ORD02371,2026-08-10,CUST0317,Harpreet Sharma,Sofa,Furniture,Central,9,46341.57,417074.13,57585.14
ORD02372,2024-11-17,CUST0196,Rahul Gupta,Television,Home Appliances,North,10,42822.76,428227.6,43783.61
ORD02373,2024-02-29,CUST0057,Priya Kapoor,Mouse,Technology,West,10,836.92,8369.2,1555.87
ORD02374,2024-03-13,CUST0185,Priya Gupta,Sofa,Furniture,West,1,55011.92,55011.92,6615.3
ORD02375,2026-02-28,CUST0041,Neha Kumar,Headphones,Accessories,Central,10,3497.76,34977.6,5511.19
ORD02376,2025-12-27,CUST0414,Karan Gupta,Speaker,Accessories,South,4,7186.86,28747.44,3799.2
ORD02377,2024-01-08,CUST0052,Manpreet Gupta,Washing Machine,Home Appliances,North,1,37364.2,37364.2,4700.29
ORD02378,2024-02-18,CUST0013,Karan Kumar,Refrigerator,Home Appliances,East,10,40909.94,409099.4,40927.76
ORD02379,2026-01-28,CUST0472,Manpreet Patel,Power Bank,Accessories,Central,5,3666.12,18330.6,3796.33
ORD02380,2025-03-22,CUST0315,Anjali Malhotra,Power Bank,Accessories,East,1,2889.51,2889.51,333.38
ORD02381,2025-03-29,CUST0083,Anjali Sharma,Monitor,Technology,East,6,16498.19,98989.14,14650.97
ORD02382,2024-08-14,CUST0276,Harpreet Kumar,Mouse,Technology,South,5,1626.55,8132.75,1655.84
ORD02383,2025-02-18,CUST0401,Arjun Kaur,Keyboard,Technology,West,6,1349.59,8097.54,822.85
ORD02384,2024-02-25,CUST0402,Mehak Sharma,Table,Furniture,North,6,24260.62,145563.72,27674.53
ORD02385,2026-08-12,CUST0204,Aman Patel,Washing Machine,Home Appliances,West,1,29902.91,29902.91,1549.9
ORD02386,2026-02-19,CUST0083,Anjali Sharma,Chair,Furniture,West,5,4273.8,21369.0,1842.2
ORD02387,2025-09-19,CUST0220,Harpreet Verma,Power Bank,Accessories,North,3,2104.59,6313.77,1280.19
ORD02388,2024-04-12,CUST0200,Rahul Kapoor,Laptop,Technology,North,5,44743.9,223719.5,42915.71
ORD02389,2025-07-03,CUST0191,Aman Kapoor,Microwave,Home Appliances,North,1,24874.1,24874.1,5027.02
ORD02390,2024-05-10,CUST0056,Isha Gupta,Power Bank,Accessories,South,8,2821.04,22568.32,5604.33
ORD02391,2026-03-15,CUST0448,Anjali Patel,Smartphone,Technology,North,6,50448.77,302692.62,42019.08
ORD02392,2026-05-23,CUST0477,Arjun Sharma,Microwave,Home Appliances,South,7,8563.29,59943.03,12498.46
ORD02393,2024-02-24,CUST0327,Harpreet Patel,Headphones,Accessories,South,2,2620.02,5240.04,1225.67
ORD02394,2025-03-16,CUST0271,Karan Mehta,Refrigerator,Home Appliances,East,8,71479.1,571832.8,67722.2
ORD02395,2025-10-12,CUST0357,Aman Gupta,Headphones,Accessories,South,6,6073.25,36439.5,8918.22
ORD02396,2025-12-12,CUST0189,Anjali Gupta,Refrigerator,Home Appliances,South,2,41683.41,83366.82,15368.66
ORD02397,2025-11-23,CUST0258,Arjun Kaur,Washing Machine,Home Appliances,West,5,36825.52,184127.6,10942.67
ORD02398,2024-05-29,CUST0131,Mehak Kapoor,Washing Machine,Home Appliances,South,8,32830.76,262646.08,30915.5
ORD02399,2025-12-31,CUST0433,Priya Kapoor,Laptop,Technology,West,4,48396.62,193586.48,15648.13
ORD02400,2024-09-05,CUST0147,Arjun Kapoor,Headphones,Accessories,East,7,5958.25,41707.75,8459.64
ORD02401,2025-07-22,CUST0331,Karan Patel,Sofa,Furniture,Central,4,22637.45,90549.8,20239.87
ORD02402,2025-11-01,CUST0195,Rohit Verma,Chair,Furniture,Central,6,13670.61,82023.66,15817.72
ORD02403,2024-09-18,CUST0032,Mehak Kumar,Mouse,Technology,East,4,2460.1,9840.4,2119.03
ORD02404,2025-07-12,CUST0366,Karan Gupta,Chair,Furniture,Central,4,7025.97,28103.88,3231.94
ORD02405,2024-08-23,CUST0425,Mehak Patel,Desk,Furniture,East,4,17106.71,68426.84,7951.53
ORD02406,2025-06-01,CUST0007,Karan Sharma,Laptop,Technology,East,7,70882.13,496174.91,68525.88
ORD02407,2024-09-17,CUST0264,Rahul Mehta,Keyboard,Technology,East,3,2250.43,6751.29,714.09
ORD02408,2025-07-01,CUST0134,Priya Kaur,Microwave,Home Appliances,East,9,7016.26,63146.34,5812.82
ORD02409,2026-03-14,CUST0353,Karan Mehta,Keyboard,Technology,Central,4,3331.62,13326.48,1866.6
ORD02410,2025-07-03,CUST0055,Isha Mehta,Monitor,Technology,West,10,14504.94,145049.4,10830.34
ORD02411,2025-08-23,CUST0492,Simran Mehta,Microwave,Home Appliances,Central,10,21274.2,212742.0,35284.53
ORD02412,2025-12-20,CUST0264,Rahul Mehta,Chair,Furniture,South,6,5978.98,35873.88,5246.49
ORD02413,2024-09-16,CUST0429,Arjun Gupta,Headphones,Accessories,West,8,4016.65,32133.2,5983.35
ORD02414,2025-01-25,CUST0120,Mehak Kumar,Laptop,Technology,East,10,91710.87,917108.7,144985.17
ORD02415,2025-08-29,CUST0090,Rahul Gupta,Refrigerator,Home Appliances,West,9,83319.1,749871.9,134781.6
ORD02416,2024-04-25,CUST0084,Navjot Verma,Table,Furniture,Central,2,19200.33,38400.66,3079.33
ORD02417,2025-08-03,CUST0256,Harpreet Kumar,Keyboard,Technology,South,3,4663.79,13991.37,3340.3
ORD02418,2024-05-04,CUST0089,Mehak Kumar,Mouse,Technology,North,4,1892.61,7570.44,632.56
ORD02419,2024-01-17,CUST0418,Sahil Kapoor,Laptop,Technology,North,3,51106.86,153320.58,34925.31
ORD02420,2024-01-31,CUST0355,Sahil Mehta,Power Bank,Accessories,Central,2,2622.68,5245.36,309.8
ORD02421,2024-10-29,CUST0431,Sahil Kaur,Power Bank,Accessories,South,9,1311.15,11800.35,787.35
ORD02422,2024-10-23,CUST0191,Aman Kapoor,Headphones,Accessories,East,4,4176.4,16705.6,3834.74
ORD02423,2024-10-09,CUST0333,Navjot Kapoor,Chair,Furniture,West,1,9665.22,9665.22,2002.96
ORD02424,2025-08-25,CUST0401,Arjun Kaur,Table,Furniture,East,7,12871.55,90100.85,20116.9
ORD02425,2026-02-08,CUST0427,Anjali Malhotra,Laptop,Technology,West,1,40218.99,40218.99,5687.32
ORD02426,2026-01-30,CUST0469,Priya Kumar,Chair,Furniture,Central,5,6810.76,34053.8,8128.36
ORD02427,2026-07-07,CUST0195,Rohit Verma,Headphones,Accessories,West,1,4645.48,4645.48,637.28
ORD02428,2024-11-02,CUST0217,Sahil Verma,Television,Home Appliances,North,7,21275.19,148926.33,34733.79
ORD02429,2025-07-08,CUST0363,Anjali Kumar,Smartphone,Technology,East,1,79074.71,79074.71,16728.46
ORD02430,2025-09-21,CUST0052,Manpreet Gupta,Webcam,Accessories,North,8,8065.62,64524.96,3767.71
ORD02431,2024-05-24,CUST0189,Anjali Gupta,Sofa,Furniture,West,4,33886.07,135544.28,14752.67
ORD02432,2025-06-24,CUST0274,Aman Patel,Speaker,Accessories,South,8,6743.59,53948.72,11166.43
ORD02433,2024-03-15,CUST0277,Neha Malhotra,Headphones,Accessories,East,8,6197.26,49578.08,10228.84
ORD02434,2025-08-06,CUST0016,Manpreet Singh,Microwave,Home Appliances,West,8,9431.59,75452.72,16507.44
ORD02435,2026-08-23,CUST0460,Navjot Patel,Headphones,Accessories,North,4,8625.35,34501.4,2597.98
ORD02436,2026-04-30,CUST0068,Simran Sharma,Webcam,Accessories,South,9,5363.69,48273.21,7987.4
ORD02437,2026-02-18,CUST0195,Rohit Verma,Monitor,Technology,Central,9,34400.0,309600.0,68408.01
ORD02438,2024-11-17,CUST0189,Anjali Gupta,Chair,Furniture,North,6,12191.55,73149.3,8567.46
ORD02439,2024-05-21,CUST0236,Neha Patel,Power Bank,Accessories,West,2,2021.31,4042.62,744.62
ORD02440,2026-03-27,CUST0152,Sahil Sharma,Speaker,Accessories,Central,2,12084.79,24169.58,3827.55
ORD02441,2024-05-21,CUST0075,Rohit Verma,Television,Home Appliances,West,10,66726.89,667268.9,87120.35
ORD02442,2025-08-24,CUST0137,Karan Kapoor,Table,Furniture,North,8,8522.83,68182.64,7967.38
ORD02443,2024-05-15,CUST0231,Arjun Gupta,Monitor,Technology,North,6,27467.16,164802.96,17020.88
ORD02444,2026-03-09,CUST0422,Karan Singh,Washing Machine,Home Appliances,Central,1,37388.12,37388.12,4254.47
ORD02445,2024-01-01,CUST0065,Karan Gupta,Mouse,Technology,Central,6,853.84,5123.04,765.33
ORD02446,2026-07-09,CUST0010,Rohit Mehta,Laptop,Technology,East,4,77927.1,311708.4,73272.72
ORD02447,2024-10-12,CUST0210,Rahul Verma,Television,Home Appliances,West,4,54045.44,216181.76,46577.69
ORD02448,2024-04-01,CUST0091,Manpreet Singh,Desk,Furniture,West,5,22635.91,113179.55,5773.44
ORD02449,2024-05-19,CUST0267,Karan Gupta,Table,Furniture,West,8,22221.18,177769.44,17434.58
ORD02450,2024-12-25,CUST0038,Karan Verma,Webcam,Accessories,Central,2,1553.1,3106.2,191.91
ORD02451,2025-09-17,CUST0329,Neha Kapoor,Laptop,Technology,South,6,46970.12,281820.72,69030.55
ORD02452,2025-03-13,CUST0433,Priya Kapoor,Headphones,Accessories,North,2,11791.6,23583.2,2664.82
ORD02453,2025-08-06,CUST0383,Arjun Kaur,Monitor,Technology,South,8,14140.14,113121.12,6860.57
ORD02454,2025-11-27,CUST0103,Manpreet Patel,Laptop,Technology,North,7,67742.53,474197.71,80011.23
ORD02455,2025-08-10,CUST0003,Priya Kumar,Webcam,Accessories,East,2,9201.43,18402.86,4148.95
ORD02456,2025-06-18,CUST0288,Harpreet Malhotra,Washing Machine,Home Appliances,West,3,29804.17,89412.51,18731.0
ORD02457,2025-04-28,CUST0212,Priya Gupta,Sofa,Furniture,North,10,30507.62,305076.2,30940.27
ORD02458,2025-04-30,CUST0212,Priya Gupta,Mouse,Technology,South,9,2482.58,22343.22,5253.76
ORD02459,2024-12-06,CUST0413,Neha Patel,Television,Home Appliances,North,2,33123.48,66246.96,3782.99
ORD02460,2026-07-02,CUST0079,Manpreet Verma,Microwave,Home Appliances,East,3,10213.8,30641.4,1953.21
ORD02461,2026-07-29,CUST0110,Isha Patel,Microwave,Home Appliances,South,4,10864.64,43458.56,5105.47
ORD02462,2026-02-02,CUST0216,Simran Malhotra,Keyboard,Technology,West,9,4420.59,39785.31,5453.94
ORD02463,2026-08-11,CUST0230,Rahul Sharma,Table,Furniture,Central,5,29743.16,148715.8,33936.82
ORD02464,2025-01-26,CUST0258,Arjun Kaur,Desk,Furniture,East,6,24321.13,145926.78,30650.52
ORD02465,2025-03-30,CUST0208,Isha Kaur,Chair,Furniture,East,1,6301.03,6301.03,876.49
ORD02466,2024-03-22,CUST0361,Manpreet Mehta,Keyboard,Technology,East,10,2312.45,23124.5,2708.17
ORD02467,2024-01-10,CUST0492,Simran Mehta,Speaker,Accessories,Central,3,4280.86,12842.58,2515.06
ORD02468,2024-11-12,CUST0018,Neha Verma,Washing Machine,Home Appliances,North,8,23571.29,188570.32,33148.55
ORD02469,2025-04-18,CUST0342,Neha Gupta,Smartphone,Technology,Central,2,16981.09,33962.18,8468.68
ORD02470,2026-04-04,CUST0482,Navjot Singh,Headphones,Accessories,East,1,7611.3,7611.3,597.22
ORD02471,2024-01-25,CUST0361,Manpreet Mehta,Power Bank,Accessories,West,3,1026.73,3080.19,257.62
ORD02472,2024-03-26,CUST0368,Navjot Singh,Refrigerator,Home Appliances,South,5,42058.89,210294.45,39898.43
ORD02473,2026-07-10,CUST0001,Harpreet Kaur,Smartphone,Technology,Central,6,22756.86,136541.16,28262.21
ORD02474,2025-12-17,CUST0183,Mehak Patel,Laptop,Technology,North,7,49474.52,346321.64,69925.56
ORD02475,2024-12-21,CUST0041,Neha Kumar,Television,Home Appliances,Central,3,43667.15,131001.45,30300.78
ORD02476,2026-05-04,CUST0133,Manpreet Malhotra,Webcam,Accessories,West,5,1771.92,8859.6,520.64
ORD02477,2024-02-20,CUST0052,Manpreet Gupta,Speaker,Accessories,East,8,12901.08,103208.64,17441.44
ORD02478,2025-02-06,CUST0363,Anjali Kumar,Television,Home Appliances,East,2,92643.7,185287.4,11048.48
ORD02479,2026-07-07,CUST0491,Karan Kapoor,Desk,Furniture,Central,1,20230.09,20230.09,1833.91
ORD02480,2025-03-14,CUST0061,Navjot Patel,Monitor,Technology,North,1,17401.66,17401.66,3926.81
ORD02481,2026-07-20,CUST0260,Neha Patel,Television,Home Appliances,North,5,21120.74,105603.7,18519.95
ORD02482,2025-07-12,CUST0490,Simran Kaur,Desk,Furniture,East,10,22490.5,224905.0,51364.11
ORD02483,2025-01-05,CUST0178,Isha Mehta,Desk,Furniture,West,6,18406.52,110439.12,8758.0
ORD02484,2025-08-14,CUST0037,Sahil Kaur,Laptop,Technology,North,8,64453.42,515627.36,84500.44
ORD02485,2025-07-13,CUST0330,Mehak Patel,Keyboard,Technology,West,9,3199.01,28791.09,1778.08
ORD02486,2025-05-27,CUST0368,Navjot Singh,Power Bank,Accessories,East,4,1903.63,7614.52,1897.71
ORD02487,2024-11-10,CUST0356,Karan Kapoor,Table,Furniture,Central,10,21555.31,215553.1,47347.45
ORD02488,2025-01-21,CUST0358,Arjun Malhotra,Refrigerator,Home Appliances,South,7,21435.78,150050.46,22230.77
ORD02489,2024-03-15,CUST0172,Rahul Sharma,Television,Home Appliances,West,6,33527.13,201162.78,43388.49
ORD02490,2024-04-18,CUST0109,Karan Kumar,Webcam,Accessories,West,7,3668.38,25678.66,2227.08
ORD02491,2025-08-09,CUST0276,Harpreet Kumar,Refrigerator,Home Appliances,South,3,60747.91,182243.73,33222.72
ORD02492,2026-01-24,CUST0113,Karan Gupta,Desk,Furniture,North,2,10951.63,21903.26,1400.69
ORD02493,2024-01-06,CUST0293,Arjun Verma,Keyboard,Technology,Central,1,4323.51,4323.51,524.16
ORD02494,2024-04-29,CUST0285,Navjot Verma,Webcam,Accessories,North,3,3565.29,10695.87,2430.95
ORD02495,2024-01-07,CUST0197,Isha Kaur,Power Bank,Accessories,East,3,1723.77,5171.31,895.95
ORD02496,2025-07-10,CUST0459,Neha Malhotra,Microwave,Home Appliances,West,10,12347.58,123475.8,19916.24
ORD02497,2024-11-15,CUST0166,Aman Mehta,Chair,Furniture,South,10,4222.9,42229.0,8623.72
ORD02498,2026-04-03,CUST0203,Mehak Patel,Smartphone,Technology,South,4,76727.59,306910.36,41069.53
ORD02499,2024-03-20,CUST0409,Sahil Mehta,Smartphone,Technology,East,6,42030.12,252180.72,38869.16
ORD02500,2025-03-31,CUST0237,Isha Malhotra,Headphones,Accessories,North,3,8643.93,25931.79,1302.28
ORD02501,2024-07-12,CUST0047,Karan Verma,Refrigerator,Home Appliances,West,9,35795.48,322159.32,16502.24
ORD02502,2024-06-24,CUST0359,Sahil Malhotra,Chair,Furniture,North,10,10411.45,104114.5,20313.93
ORD02503,2025-12-03,CUST0181,Mehak Kaur,Mouse,Technology,East,8,1932.13,15457.04,3007.29
ORD02504,2024-08-04,CUST0290,Mehak Mehta,Keyboard,Technology,Central,2,1246.95,2493.9,375.65
ORD02505,2025-04-19,CUST0191,Aman Kapoor,Television,Home Appliances,West,6,77078.05,462468.3,75750.0
ORD02506,2026-02-07,CUST0086,Rohit Kaur,Keyboard,Technology,East,1,3135.25,3135.25,601.23
ORD02507,2024-03-09,CUST0470,Navjot Kapoor,Sofa,Furniture,Central,10,39074.01,390740.1,86594.27
ORD02508,2026-06-22,CUST0193,Simran Kaur,Sofa,Furniture,East,9,55464.66,499181.94,52525.02
ORD02509,2026-02-11,CUST0444,Rohit Sharma,Laptop,Technology,West,3,99725.74,299177.22,25018.48
ORD02510,2025-07-03,CUST0084,Navjot Verma,Laptop,Technology,South,4,50657.94,202631.76,35056.99
ORD02511,2024-03-31,CUST0321,Manpreet Patel,Table,Furniture,East,3,21562.13,64686.39,3999.68
ORD02512,2026-05-30,CUST0143,Priya Kumar,Webcam,Accessories,Central,3,7066.09,21198.27,4979.71
ORD02513,2025-12-28,CUST0383,Arjun Kaur,Laptop,Technology,South,6,65287.61,391725.66,64812.92
ORD02514,2025-10-11,CUST0359,Sahil Malhotra,Smartphone,Technology,South,1,61500.35,61500.35,4644.27
ORD02515,2025-03-25,CUST0026,Navjot Kapoor,Refrigerator,Home Appliances,West,3,35331.23,105993.69,8067.91
ORD02516,2026-03-06,CUST0184,Neha Verma,Chair,Furniture,South,4,5168.09,20672.36,1204.9
ORD02517,2025-02-09,CUST0258,Arjun Kaur,Keyboard,Technology,South,1,2208.95,2208.95,290.33
ORD02518,2026-04-28,CUST0002,Aman Verma,Monitor,Technology,West,10,27311.68,273116.8,26263.41
ORD02519,2025-07-04,CUST0234,Priya Kumar,Webcam,Accessories,South,10,4882.01,48820.1,3377.9
ORD02520,2025-11-30,CUST0068,Simran Sharma,Laptop,Technology,North,10,79105.68,791056.8,53737.89
ORD02521,2024-06-11,CUST0241,Manpreet Singh,Microwave,Home Appliances,Central,1,22438.59,22438.59,4984.06
ORD02522,2026-05-12,CUST0384,Anjali Sharma,Chair,Furniture,Central,1,14273.46,14273.46,1466.37
ORD02523,2025-08-04,CUST0421,Navjot Singh,Television,Home Appliances,North,7,67707.54,473952.78,39072.89
ORD02524,2025-01-10,CUST0411,Manpreet Mehta,Chair,Furniture,West,1,7457.39,7457.39,1120.23
ORD02525,2026-02-10,CUST0286,Rohit Singh,Microwave,Home Appliances,North,7,21987.26,153910.82,21870.87
ORD02526,2026-04-03,CUST0197,Isha Kaur,Sofa,Furniture,West,2,56843.77,113687.54,18652.21
ORD02527,2026-03-13,CUST0186,Priya Verma,Television,Home Appliances,East,5,40771.72,203858.6,41946.06
ORD02528,2025-12-02,CUST0154,Rahul Malhotra,Keyboard,Technology,East,7,4854.31,33980.17,8357.06
ORD02529,2025-10-24,CUST0310,Anjali Mehta,Table,Furniture,Central,6,19188.82,115132.92,5953.2
ORD02530,2025-03-20,CUST0193,Simran Kaur,Sofa,Furniture,North,3,23539.77,70619.31,8973.46
ORD02531,2026-07-30,CUST0046,Rahul Kapoor,Refrigerator,Home Appliances,East,7,37900.85,265305.95,48575.64
ORD02532,2026-05-20,CUST0482,Navjot Singh,Washing Machine,Home Appliances,Central,2,53022.32,106044.64,19706.87
ORD02533,2025-09-24,CUST0326,Manpreet Kapoor,Mouse,Technology,North,10,2337.38,23373.8,5611.45
ORD02534,2025-12-29,CUST0379,Neha Kumar,Speaker,Accessories,North,5,10132.85,50664.25,11728.16
ORD02535,2024-09-02,CUST0337,Manpreet Patel,Webcam,Accessories,South,9,3375.13,30376.17,3577.31
ORD02536,2025-11-13,CUST0369,Sahil Kapoor,Microwave,Home Appliances,North,3,24508.06,73524.18,16748.27
ORD02537,2024-02-05,CUST0187,Karan Singh,Table,Furniture,South,4,11138.06,44552.24,10686.87
ORD02538,2024-01-29,CUST0040,Rahul Gupta,Monitor,Technology,East,9,30905.17,278146.53,41694.62
ORD02539,2025-07-31,CUST0369,Sahil Kapoor,Washing Machine,Home Appliances,East,7,62905.49,440338.43,102699.04
ORD02540,2026-08-23,CUST0256,Harpreet Kumar,Microwave,Home Appliances,East,5,13626.16,68130.8,13241.16
ORD02541,2025-04-28,CUST0485,Mehak Verma,Desk,Furniture,East,7,24308.14,170156.98,21123.93
ORD02542,2026-07-16,CUST0202,Navjot Verma,Power Bank,Accessories,East,2,4841.56,9683.12,1318.66
ORD02543,2025-12-15,CUST0065,Karan Gupta,Smartphone,Technology,North,6,34028.03,204168.18,11111.89
ORD02544,2025-02-12,CUST0294,Priya Malhotra,Washing Machine,Home Appliances,Central,6,44418.37,266510.22,23205.83
ORD02545,2025-04-02,CUST0074,Mehak Kapoor,Washing Machine,Home Appliances,South,7,47937.26,335560.82,37051.76
ORD02546,2025-01-11,CUST0058,Karan Kapoor,Chair,Furniture,Central,5,7891.6,39458.0,3051.75
ORD02547,2025-11-14,CUST0061,Navjot Patel,Refrigerator,Home Appliances,East,5,46936.42,234682.1,14204.8
ORD02548,2026-04-16,CUST0334,Anjali Verma,Table,Furniture,North,3,24815.96,74447.88,17732.87
ORD02549,2025-02-26,CUST0155,Anjali Kapoor,Washing Machine,Home Appliances,South,1,29101.53,29101.53,4090.54
ORD02550,2025-10-23,CUST0337,Manpreet Patel,Speaker,Accessories,North,1,2907.37,2907.37,162.81
ORD02551,2026-01-17,CUST0254,Sahil Kumar,Refrigerator,Home Appliances,Central,2,29946.21,59892.42,3945.72
ORD02552,2026-04-15,CUST0229,Rahul Malhotra,Mouse,Technology,East,3,1202.13,3606.39,331.15
ORD02553,2024-09-22,CUST0379,Neha Kumar,Sofa,Furniture,East,9,55013.11,495117.99,103728.26
ORD02554,2024-06-16,CUST0433,Priya Kapoor,Headphones,Accessories,North,4,2236.71,8946.84,1597.58
ORD02555,2025-03-31,CUST0355,Sahil Mehta,Webcam,Accessories,West,3,8940.15,26820.45,2534.88
ORD02556,2024-07-18,CUST0232,Isha Sharma,Sofa,Furniture,West,6,33013.73,198082.38,26017.63
ORD02557,2025-10-06,CUST0002,Aman Verma,Monitor,Technology,East,1,32597.72,32597.72,7660.47
ORD02558,2026-08-16,CUST0418,Sahil Kapoor,Sofa,Furniture,East,2,56959.31,113918.62,6256.11
ORD02559,2025-11-29,CUST0167,Navjot Patel,Laptop,Technology,South,3,41519.03,124557.09,18281.12
ORD02560,2026-05-17,CUST0374,Harpreet Sharma,Chair,Furniture,South,6,6019.45,36116.7,5151.07
ORD02561,2025-12-09,CUST0062,Rohit Verma,Headphones,Accessories,North,4,7646.37,30585.48,7448.54
ORD02562,2024-06-17,CUST0394,Anjali Kaur,Sofa,Furniture,North,2,38808.9,77617.8,11555.38
ORD02563,2024-06-06,CUST0102,Sahil Kaur,Smartphone,Technology,Central,6,36465.84,218795.04,26301.98
ORD02564,2024-07-09,CUST0398,Rahul Mehta,Speaker,Accessories,Central,1,13737.54,13737.54,2337.95
ORD02565,2024-12-26,CUST0372,Aman Malhotra,Speaker,Accessories,South,6,6143.59,36861.54,8967.38
ORD02566,2025-09-22,CUST0466,Neha Kaur,Table,Furniture,South,8,9224.4,73795.2,7037.69
ORD02567,2026-04-28,CUST0458,Rohit Patel,Chair,Furniture,South,8,5735.28,45882.24,8636.78
ORD02568,2025-06-03,CUST0401,Arjun Kaur,Refrigerator,Home Appliances,East,7,29044.19,203309.33,27520.82
ORD02569,2025-04-15,CUST0498,Rohit Malhotra,Keyboard,Technology,North,1,2467.8,2467.8,395.45
ORD02570,2026-04-06,CUST0262,Neha Sharma,Sofa,Furniture,South,2,42321.04,84642.08,17173.73
ORD02571,2024-06-08,CUST0425,Mehak Patel,Sofa,Furniture,West,1,16735.85,16735.85,2481.57
ORD02572,2025-10-09,CUST0052,Manpreet Gupta,Refrigerator,Home Appliances,South,9,82506.39,742557.51,137784.65
ORD02573,2026-02-19,CUST0362,Isha Kumar,Keyboard,Technology,East,7,3598.13,25186.91,5909.07
ORD02574,2024-09-25,CUST0274,Aman Patel,Microwave,Home Appliances,South,6,15091.05,90546.3,12542.77
ORD02575,2024-06-14,CUST0075,Rohit Verma,Table,Furniture,Central,3,29553.81,88661.43,6944.57
ORD02576,2025-11-17,CUST0009,Priya Kumar,Mouse,Technology,Central,3,1230.09,3690.27,439.96
ORD02577,2025-01-21,CUST0079,Manpreet Verma,Table,Furniture,South,6,23356.31,140137.86,18358.83
ORD02578,2024-09-05,CUST0421,Navjot Singh,Refrigerator,Home Appliances,West,1,46011.34,46011.34,10584.62
ORD02579,2024-10-05,CUST0443,Navjot Verma,Chair,Furniture,West,2,13116.09,26232.18,4100.47
ORD02580,2025-11-16,CUST0351,Karan Sharma,Webcam,Accessories,East,4,2388.6,9554.4,489.78
ORD02581,2026-06-28,CUST0118,Aman Mehta,Television,Home Appliances,North,6,70522.1,423132.6,33723.43
ORD02582,2024-10-20,CUST0113,Karan Gupta,Speaker,Accessories,West,1,6917.45,6917.45,1049.68
ORD02583,2026-03-20,CUST0118,Aman Mehta,Webcam,Accessories,West,6,4781.99,28691.94,5626.48
ORD02584,2026-08-17,CUST0024,Mehak Verma,Washing Machine,Home Appliances,North,2,31074.21,62148.42,13042.25
ORD02585,2025-08-02,CUST0189,Anjali Gupta,Keyboard,Technology,East,5,4904.89,24524.45,1579.48
ORD02586,2025-01-19,CUST0169,Aman Sharma,Webcam,Accessories,Central,2,1643.71,3287.42,543.23
ORD02587,2024-03-02,CUST0109,Karan Kumar,Microwave,Home Appliances,West,6,16395.31,98371.86,20753.58
ORD02588,2024-06-11,CUST0412,Manpreet Sharma,Smartphone,Technology,North,3,11271.21,33813.63,4629.74
ORD02589,2024-03-16,CUST0037,Sahil Kaur,Headphones,Accessories,South,2,2495.51,4991.02,398.95
ORD02590,2025-06-28,CUST0293,Arjun Verma,Sofa,Furniture,Central,10,55767.16,557671.6,72891.43
ORD02591,2024-03-16,CUST0332,Anjali Singh,Power Bank,Accessories,South,9,952.61,8573.49,1242.41
ORD02592,2024-07-08,CUST0219,Neha Singh,Power Bank,Accessories,South,10,1771.56,17715.6,4376.07
ORD02593,2025-06-27,CUST0225,Isha Singh,Headphones,Accessories,Central,6,6064.2,36385.2,6880.1
ORD02594,2025-12-02,CUST0319,Manpreet Malhotra,Power Bank,Accessories,Central,4,2280.15,9120.6,2171.99
ORD02595,2025-01-26,CUST0461,Neha Gupta,Refrigerator,Home Appliances,East,2,28070.17,56140.34,9880.31
ORD02596,2024-07-05,CUST0159,Aman Malhotra,Chair,Furniture,South,10,14399.57,143995.7,25542.94
ORD02597,2026-05-12,CUST0064,Karan Mehta,Chair,Furniture,North,10,4061.01,40610.1,2592.98
ORD02598,2025-07-30,CUST0397,Manpreet Gupta,Microwave,Home Appliances,West,5,21343.53,106717.65,26534.01
ORD02599,2025-03-06,CUST0410,Manpreet Kaur,Microwave,Home Appliances,Central,1,6130.87,6130.87,308.0
ORD02600,2024-10-31,CUST0238,Mehak Singh,Webcam,Accessories,Central,7,4128.09,28896.63,4313.76
ORD02601,2024-07-25,CUST0230,Rahul Sharma,Webcam,Accessories,West,2,9020.91,18041.82,2416.84
ORD02602,2024-12-04,CUST0456,Arjun Mehta,Microwave,Home Appliances,North,1,19121.9,19121.9,1938.7
ORD02603,2024-02-08,CUST0012,Priya Patel,Speaker,Accessories,Central,4,6265.54,25062.16,3610.25
ORD02604,2025-04-20,CUST0379,Neha Kumar,Webcam,Accessories,West,10,6302.89,63028.9,5502.06
ORD02605,2025-01-24,CUST0041,Neha Kumar,Mouse,Technology,South,3,2125.18,6375.54,1044.71
ORD02606,2024-01-09,CUST0165,Arjun Kumar,Chair,Furniture,South,10,11031.38,110313.8,15795.87
ORD02607,2025-11-21,CUST0189,Anjali Gupta,Television,Home Appliances,South,3,28728.52,86185.56,12284.42
ORD02608,2026-07-27,CUST0219,Neha Singh,Refrigerator,Home Appliances,Central,6,89121.37,534728.22,92409.75
ORD02609,2025-03-21,CUST0318,Isha Kaur,Microwave,Home Appliances,South,5,12624.94,63124.7,8382.3
ORD02610,2024-11-10,CUST0153,Simran Kumar,Washing Machine,Home Appliances,East,5,63482.27,317411.35,63185.75
ORD02611,2025-09-09,CUST0403,Isha Verma,Monitor,Technology,Central,7,24523.64,171665.48,28132.04
ORD02612,2025-08-11,CUST0126,Simran Patel,Desk,Furniture,East,8,9791.55,78332.4,8382.96
ORD02613,2024-08-17,CUST0450,Navjot Kapoor,Webcam,Accessories,North,9,1646.0,14814.0,1248.34
ORD02614,2024-08-11,CUST0304,Neha Kaur,Microwave,Home Appliances,Central,8,8437.77,67502.16,13143.29
ORD02615,2026-07-04,CUST0343,Isha Patel,Television,Home Appliances,Central,2,36180.06,72360.12,17617.35
ORD02616,2026-02-18,CUST0229,Rahul Malhotra,Chair,Furniture,North,2,10986.54,21973.08,4879.88
ORD02617,2024-10-20,CUST0246,Manpreet Kumar,Washing Machine,Home Appliances,West,9,64760.36,582843.24,69678.64
ORD02618,2024-05-08,CUST0190,Isha Kaur,Microwave,Home Appliances,North,3,21206.71,63620.13,14112.77
ORD02619,2024-11-07,CUST0126,Simran Patel,Laptop,Technology,West,10,58106.27,581062.7,79354.26
ORD02620,2026-04-22,CUST0476,Neha Singh,Smartphone,Technology,North,4,60647.41,242589.64,39618.46
ORD02621,2026-06-03,CUST0073,Karan Malhotra,Television,Home Appliances,West,2,26590.64,53181.28,4829.29
ORD02622,2024-12-04,CUST0171,Rohit Patel,Webcam,Accessories,Central,10,5994.5,59945.0,7692.22
ORD02623,2024-03-21,CUST0173,Rohit Kaur,Headphones,Accessories,Central,7,7109.15,49764.05,12150.91
ORD02624,2024-07-12,CUST0313,Isha Mehta,Chair,Furniture,East,6,5394.19,32365.14,5194.93
ORD02625,2026-08-14,CUST0357,Aman Gupta,Microwave,Home Appliances,Central,2,13369.84,26739.68,1724.6
ORD02626,2024-07-14,CUST0282,Rohit Verma,Television,Home Appliances,West,5,90226.53,451132.65,102880.69
ORD02627,2024-10-26,CUST0081,Simran Verma,Chair,Furniture,South,4,13153.68,52614.72,5893.14
ORD02628,2025-11-10,CUST0136,Neha Malhotra,Speaker,Accessories,West,1,10356.31,10356.31,1141.8
ORD02629,2024-02-03,CUST0366,Karan Gupta,Power Bank,Accessories,Central,9,4082.01,36738.09,7944.21
ORD02630,2025-08-19,CUST0406,Simran Mehta,Refrigerator,Home Appliances,North,5,59835.66,299178.3,37781.98
ORD02631,2024-09-26,CUST0079,Manpreet Verma,Keyboard,Technology,South,5,2640.25,13201.25,830.12
ORD02632,2025-07-03,CUST0020,Manpreet Gupta,Refrigerator,Home Appliances,East,1,78903.07,78903.07,6393.76
ORD02633,2024-10-14,CUST0485,Mehak Verma,Smartphone,Technology,West,9,21339.09,192051.81,33013.78
ORD02634,2026-02-10,CUST0201,Sahil Patel,Refrigerator,Home Appliances,South,6,51391.9,308351.4,60426.56
ORD02635,2024-08-27,CUST0102,Sahil Kaur,Table,Furniture,North,3,18007.85,54023.55,9439.09
ORD02636,2024-08-08,CUST0070,Rahul Singh,Smartphone,Technology,South,10,33113.23,331132.3,82220.58
ORD02637,2025-04-24,CUST0450,Navjot Kapoor,Smartphone,Technology,West,4,11537.66,46150.64,4648.65
ORD02638,2024-01-11,CUST0035,Manpreet Verma,Keyboard,Technology,West,6,4089.92,24539.52,5805.14
ORD02639,2026-02-07,CUST0439,Priya Gupta,Speaker,Accessories,East,10,11974.73,119747.3,20595.61
ORD02640,2024-03-21,CUST0128,Harpreet Kapoor,Smartphone,Technology,South,6,29459.58,176757.48,16283.23
ORD02641,2024-08-09,CUST0467,Navjot Patel,Desk,Furniture,East,3,21137.36,63412.08,6150.82
ORD02642,2026-08-27,CUST0367,Harpreet Malhotra,Chair,Furniture,Central,5,3651.73,18258.65,2587.08
ORD02643,2025-11-08,CUST0415,Simran Patel,Laptop,Technology,South,3,67253.13,201759.39,48729.41
ORD02644,2024-09-22,CUST0150,Simran Sharma,Monitor,Technology,Central,7,9579.22,67054.54,15641.03
ORD02645,2024-09-23,CUST0237,Isha Malhotra,Keyboard,Technology,West,8,3497.21,27977.68,3195.69
ORD02646,2024-08-20,CUST0055,Isha Mehta,Desk,Furniture,Central,6,5050.98,30305.88,5393.35
ORD02647,2024-12-13,CUST0447,Navjot Malhotra,Speaker,Accessories,Central,8,12146.37,97170.96,17081.14
ORD02648,2025-08-21,CUST0447,Navjot Malhotra,Smartphone,Technology,East,10,20888.63,208886.3,12119.72
ORD02649,2024-05-30,CUST0198,Isha Kumar,Webcam,Accessories,South,9,7557.2,68014.8,13258.9
ORD02650,2024-04-12,CUST0249,Karan Sharma,Table,Furniture,South,2,16284.24,32568.48,6803.09
ORD02651,2024-02-12,CUST0044,Mehak Singh,Laptop,Technology,South,8,47153.55,377228.4,91742.72
ORD02652,2026-07-27,CUST0357,Aman Gupta,Microwave,Home Appliances,North,10,21339.51,213395.1,12803.56
ORD02653,2026-08-12,CUST0233,Isha Gupta,Keyboard,Technology,South,1,2023.66,2023.66,424.13
ORD02654,2025-12-12,CUST0307,Priya Kumar,Desk,Furniture,East,10,6174.95,61749.5,10710.46
ORD02655,2026-07-16,CUST0092,Rohit Patel,Television,Home Appliances,West,3,56989.3,170967.9,14549.47
ORD02656,2024-06-16,CUST0485,Mehak Verma,Webcam,Accessories,North,9,3623.07,32607.63,4593.79
ORD02657,2025-11-26,CUST0185,Priya Gupta,Refrigerator,Home Appliances,East,7,30103.94,210727.58,17960.21
ORD02658,2026-01-27,CUST0351,Karan Sharma,Microwave,Home Appliances,North,4,22149.95,88599.8,20533.39
ORD02659,2026-06-17,CUST0355,Sahil Mehta,Table,Furniture,North,5,29404.05,147020.25,16232.27
ORD02660,2024-06-19,CUST0157,Isha Sharma,Webcam,Accessories,North,8,1599.82,12798.56,693.19
ORD02661,2026-02-23,CUST0441,Neha Verma,Microwave,Home Appliances,East,6,20553.15,123318.9,7926.23
ORD02662,2025-10-11,CUST0098,Priya Sharma,Power Bank,Accessories,South,3,1880.99,5642.97,730.49
ORD02663,2025-05-24,CUST0082,Karan Singh,Microwave,Home Appliances,West,3,10430.26,31290.78,4395.42
ORD02664,2025-03-04,CUST0164,Rahul Kumar,Table,Furniture,North,10,27801.21,278012.1,22441.75
ORD02665,2024-05-17,CUST0454,Priya Malhotra,Webcam,Accessories,North,3,6113.26,18339.78,3886.28
ORD02666,2024-11-26,CUST0335,Manpreet Kumar,Refrigerator,Home Appliances,West,5,30563.66,152818.3,11217.65
ORD02667,2025-12-18,CUST0112,Navjot Verma,Smartphone,Technology,Central,6,51398.87,308393.22,62138.2
ORD02668,2024-06-25,CUST0206,Isha Singh,Sofa,Furniture,Central,3,25996.37,77989.11,13971.79
ORD02669,2025-11-10,CUST0371,Mehak Patel,Refrigerator,Home Appliances,East,7,22992.18,160945.26,10493.56
ORD02670,2024-04-19,CUST0320,Priya Singh,Mouse,Technology,South,4,1349.11,5396.44,490.82
ORD02671,2024-08-17,CUST0336,Sahil Verma,Laptop,Technology,South,9,56356.68,507210.12,111755.4
ORD02672,2024-06-26,CUST0033,Navjot Kaur,Smartphone,Technology,North,2,69535.26,139070.52,33370.16
ORD02673,2025-03-21,CUST0191,Aman Kapoor,Television,Home Appliances,Central,9,75454.45,679090.05,54823.44
ORD02674,2025-08-19,CUST0214,Rohit Kapoor,Power Bank,Accessories,North,1,2051.41,2051.41,145.23
ORD02675,2024-11-08,CUST0272,Priya Verma,Washing Machine,Home Appliances,South,1,46926.14,46926.14,6001.51
ORD02676,2025-05-29,CUST0429,Arjun Gupta,Laptop,Technology,West,3,87676.75,263030.25,43137.87
ORD02677,2026-01-24,CUST0227,Sahil Gupta,Speaker,Accessories,West,9,12730.76,114576.84,13228.86
ORD02678,2026-03-04,CUST0327,Harpreet Patel,Webcam,Accessories,North,7,9538.72,66771.04,13339.98
ORD02679,2024-05-24,CUST0306,Harpreet Verma,Speaker,Accessories,West,3,4439.11,13317.33,963.62
ORD02680,2025-12-07,CUST0415,Simran Patel,Table,Furniture,North,3,6877.59,20632.77,1102.23
ORD02681,2024-04-25,CUST0024,Mehak Verma,Refrigerator,Home Appliances,East,9,62821.4,565392.6,52802.94
ORD02682,2026-04-25,CUST0376,Rahul Kapoor,Headphones,Accessories,West,10,1990.52,19905.2,2772.85
ORD02683,2024-04-23,CUST0302,Arjun Patel,Television,Home Appliances,Central,9,70393.45,633541.05,120158.53
ORD02684,2026-01-25,CUST0011,Aman Patel,Smartphone,Technology,South,7,71262.84,498839.88,65829.04
ORD02685,2025-07-06,CUST0362,Isha Kumar,Laptop,Technology,East,4,40322.96,161291.84,32193.71
ORD02686,2024-02-17,CUST0100,Simran Kaur,Speaker,Accessories,East,1,13285.07,13285.07,1519.19
ORD02687,2025-07-17,CUST0415,Simran Patel,Desk,Furniture,North,9,9129.71,82167.39,18884.44
ORD02688,2026-03-08,CUST0479,Rahul Verma,Refrigerator,Home Appliances,Central,10,84743.34,847433.4,71339.67
ORD02689,2024-06-16,CUST0393,Priya Singh,Laptop,Technology,West,9,67066.11,603594.99,114382.03
ORD02690,2026-06-29,CUST0388,Manpreet Sharma,Speaker,Accessories,South,3,13080.23,39240.69,8584.58
ORD02691,2026-02-03,CUST0452,Anjali Sharma,Speaker,Accessories,North,8,4395.62,35164.96,4624.26
ORD02692,2026-02-07,CUST0259,Manpreet Verma,Television,Home Appliances,West,9,90078.19,810703.71,188577.94
ORD02693,2026-03-06,CUST0091,Manpreet Singh,Power Bank,Accessories,North,7,1239.97,8679.79,1392.5
ORD02694,2024-07-24,CUST0001,Harpreet Kaur,Smartphone,Technology,South,9,20853.68,187683.12,39079.45
ORD02695,2024-08-17,CUST0368,Navjot Singh,Chair,Furniture,East,9,10749.35,96744.15,18982.94
ORD02696,2024-11-29,CUST0460,Navjot Patel,Sofa,Furniture,North,2,48172.79,96345.58,14998.21
ORD02697,2025-10-06,CUST0208,Isha Kaur,Power Bank,Accessories,East,1,2419.7,2419.7,325.45
ORD02698,2026-05-26,CUST0423,Navjot Patel,Chair,Furniture,East,9,10252.45,92272.05,14258.74
ORD02699,2025-02-23,CUST0127,Priya Verma,Mouse,Technology,North,10,818.59,8185.9,1137.18
ORD02700,2025-06-30,CUST0236,Neha Patel,Monitor,Technology,South,7,34188.3,239318.1,39705.52
ORD02701,2024-01-18,CUST0278,Simran Gupta,Washing Machine,Home Appliances,South,3,52358.54,157075.62,30925.81
ORD02702,2026-02-21,CUST0360,Rohit Patel,Power Bank,Accessories,South,7,2348.29,16438.03,2577.04
ORD02703,2025-09-23,CUST0314,Priya Malhotra,Television,Home Appliances,Central,8,26761.09,214088.72,19445.25
ORD02704,2025-03-21,CUST0304,Neha Kaur,Desk,Furniture,North,10,10849.16,108491.6,11344.5
ORD02705,2024-01-24,CUST0392,Mehak Singh,Webcam,Accessories,West,10,9036.05,90360.5,20089.91
ORD02706,2024-11-07,CUST0138,Sahil Sharma,Speaker,Accessories,North,7,11825.23,82776.61,11142.58
ORD02707,2026-03-11,CUST0392,Mehak Singh,Power Bank,Accessories,Central,9,2834.61,25511.49,1295.2
ORD02708,2026-05-21,CUST0235,Harpreet Kaur,Microwave,Home Appliances,Central,6,10843.29,65059.74,12173.77
ORD02709,2025-09-14,CUST0146,Karan Singh,Webcam,Accessories,Central,9,2139.78,19258.02,1708.35
ORD02710,2025-04-14,CUST0434,Mehak Mehta,Television,Home Appliances,Central,4,49931.05,199724.2,21529.28
ORD02711,2025-06-30,CUST0484,Simran Sharma,Refrigerator,Home Appliances,North,10,47906.76,479067.6,75351.09
ORD02712,2025-09-11,CUST0195,Rohit Verma,Television,Home Appliances,South,6,37543.79,225262.74,11708.09
ORD02713,2026-06-27,CUST0340,Simran Verma,Headphones,Accessories,North,3,4593.34,13780.02,1014.95
ORD02714,2024-10-23,CUST0084,Navjot Verma,Speaker,Accessories,Central,1,14475.92,14475.92,1872.34
ORD02715,2026-05-03,CUST0309,Aman Kumar,Laptop,Technology,East,3,90392.04,271176.12,28232.67
ORD02716,2024-07-13,CUST0184,Neha Verma,Smartphone,Technology,North,9,10038.13,90343.17,14872.91
ORD02717,2025-09-25,CUST0169,Aman Sharma,Webcam,Accessories,Central,9,7167.44,64506.96,10334.86
ORD02718,2025-03-01,CUST0378,Arjun Malhotra,Webcam,Accessories,South,2,8583.96,17167.92,2758.31
ORD02719,2024-08-05,CUST0008,Aman Kaur,Sofa,Furniture,North,1,50473.63,50473.63,3000.59
ORD02720,2026-06-28,CUST0348,Simran Malhotra,Microwave,Home Appliances,Central,7,20435.67,143049.69,10065.62
ORD02721,2024-04-09,CUST0183,Mehak Patel,Chair,Furniture,Central,6,13845.09,83070.54,10589.88
ORD02722,2025-08-06,CUST0134,Priya Kaur,Sofa,Furniture,North,5,59043.66,295218.3,40267.37
ORD02723,2025-02-28,CUST0258,Arjun Kaur,Headphones,Accessories,North,9,8189.9,73709.1,10645.13
ORD02724,2024-10-04,CUST0016,Manpreet Singh,Smartphone,Technology,East,2,39940.88,79881.76,4754.65
ORD02725,2024-10-07,CUST0156,Priya Malhotra,Refrigerator,Home Appliances,East,1,62101.71,62101.71,7991.18
ORD02726,2026-08-20,CUST0489,Arjun Kapoor,Power Bank,Accessories,North,6,4237.7,25426.2,2109.53
ORD02727,2025-03-22,CUST0194,Rohit Kumar,Table,Furniture,West,6,7920.73,47524.38,8186.38
ORD02728,2024-07-04,CUST0071,Manpreet Malhotra,Microwave,Home Appliances,North,3,20594.25,61782.75,14691.21
ORD02729,2024-01-31,CUST0312,Anjali Malhotra,Monitor,Technology,East,5,14369.62,71848.1,9908.96
ORD02730,2025-12-02,CUST0256,Harpreet Kumar,Microwave,Home Appliances,East,5,23114.56,115572.8,18287.87
ORD02731,2026-04-17,CUST0191,Aman Kapoor,Sofa,Furniture,South,2,29681.59,59363.18,13037.38
ORD02732,2024-10-21,CUST0274,Aman Patel,Desk,Furniture,East,2,4128.24,8256.48,2013.67
ORD02733,2026-01-28,CUST0374,Harpreet Sharma,Refrigerator,Home Appliances,South,10,27113.92,271139.2,16613.06
ORD02734,2026-03-08,CUST0202,Navjot Verma,Table,Furniture,West,2,28662.62,57325.24,13520.68
ORD02735,2025-07-02,CUST0122,Navjot Sharma,Sofa,Furniture,Central,7,37259.41,260815.87,53331.68
ORD02736,2024-06-24,CUST0375,Simran Malhotra,Desk,Furniture,South,6,15669.39,94016.34,15120.53
ORD02737,2026-05-29,CUST0300,Manpreet Singh,Refrigerator,Home Appliances,East,6,67688.75,406132.5,31673.71
ORD02738,2025-09-21,CUST0052,Manpreet Gupta,Headphones,Accessories,North,6,11752.48,70514.88,10425.67
ORD02739,2025-10-14,CUST0230,Rahul Sharma,Laptop,Technology,North,1,60159.29,60159.29,9373.94
ORD02740,2025-04-27,CUST0186,Priya Verma,Television,Home Appliances,South,8,36957.74,295661.92,32951.89
ORD02741,2026-06-13,CUST0392,Mehak Singh,Refrigerator,Home Appliances,Central,3,44963.54,134890.62,14772.23
ORD02742,2025-08-17,CUST0375,Simran Malhotra,Television,Home Appliances,East,8,85827.68,686621.44,50683.99
ORD02743,2024-12-07,CUST0360,Rohit Patel,Speaker,Accessories,South,10,5009.43,50094.3,4540.29
ORD02744,2024-03-26,CUST0251,Priya Kumar,Smartphone,Technology,North,9,23666.5,212998.5,19927.0
ORD02745,2024-07-05,CUST0353,Karan Mehta,Table,Furniture,West,9,25637.46,230737.14,53920.69
ORD02746,2026-04-11,CUST0480,Aman Sharma,Mouse,Technology,Central,9,1686.09,15174.81,3458.72
ORD02747,2024-10-19,CUST0035,Manpreet Verma,Refrigerator,Home Appliances,Central,8,53594.33,428754.64,38270.58
ORD02748,2025-03-31,CUST0223,Rohit Sharma,Desk,Furniture,East,6,18369.7,110218.2,9512.7
ORD02749,2026-04-05,CUST0210,Rahul Verma,Refrigerator,Home Appliances,Central,4,84860.75,339443.0,49737.29
ORD02750,2025-12-03,CUST0026,Navjot Kapoor,Mouse,Technology,West,2,1911.31,3822.62,463.49
ORD02751,2025-05-05,CUST0097,Isha Verma,Washing Machine,Home Appliances,West,8,63206.54,505652.32,34143.9
ORD02752,2024-03-07,CUST0381,Neha Malhotra,Speaker,Accessories,East,7,9498.61,66490.27,11155.08
ORD02753,2026-06-28,CUST0115,Anjali Kaur,Sofa,Furniture,West,10,21144.83,211448.3,34913.99
ORD02754,2025-08-24,CUST0323,Rohit Kumar,Webcam,Accessories,Central,6,9759.18,58555.08,3544.44
ORD02755,2024-12-14,CUST0300,Manpreet Singh,Laptop,Technology,West,9,46729.93,420569.37,71124.79
ORD02756,2025-12-22,CUST0117,Simran Gupta,Mouse,Technology,North,6,2764.8,16588.8,1372.64
ORD02757,2025-02-03,CUST0277,Neha Malhotra,Webcam,Accessories,East,3,9189.12,27567.36,4965.16
ORD02758,2026-07-21,CUST0377,Rahul Sharma,Microwave,Home Appliances,East,8,17073.94,136591.52,11492.72
ORD02759,2025-06-16,CUST0422,Karan Singh,Webcam,Accessories,South,10,6898.43,68984.3,8257.83
ORD02760,2026-02-02,CUST0485,Mehak Verma,Mouse,Technology,Central,3,628.36,1885.08,121.19
ORD02761,2025-09-15,CUST0237,Isha Malhotra,Smartphone,Technology,West,9,30946.78,278521.02,24372.34
ORD02762,2025-06-25,CUST0461,Neha Gupta,Keyboard,Technology,East,6,860.43,5162.58,1033.15
ORD02763,2024-07-30,CUST0469,Priya Kumar,Washing Machine,Home Appliances,West,5,60166.03,300830.15,62861.77
ORD02764,2026-01-13,CUST0255,Priya Sharma,Sofa,Furniture,South,2,59191.92,118383.84,7884.37
ORD02765,2026-05-19,CUST0327,Harpreet Patel,Smartphone,Technology,Central,6,46971.42,281828.52,56477.62
ORD02766,2024-03-22,CUST0059,Rahul Verma,Mouse,Technology,East,8,1114.4,8915.2,1933.34
ORD02767,2025-09-24,CUST0484,Simran Sharma,Television,Home Appliances,Central,1,90438.18,90438.18,17868.57
ORD02768,2024-11-19,CUST0323,Rohit Kumar,Chair,Furniture,South,10,7788.83,77888.3,4626.47
ORD02769,2025-01-17,CUST0287,Priya Malhotra,Power Bank,Accessories,North,4,3257.84,13031.36,2796.82
ORD02770,2024-01-13,CUST0322,Anjali Sharma,Television,Home Appliances,East,8,79136.25,633090.0,153357.8
ORD02771,2024-09-03,CUST0100,Simran Kaur,Sofa,Furniture,Central,2,15898.88,31797.76,2364.87
ORD02772,2025-08-10,CUST0041,Neha Kumar,Smartphone,Technology,West,9,77096.82,693871.38,52130.59
ORD02773,2024-02-13,CUST0158,Rahul Malhotra,Desk,Furniture,Central,4,11340.8,45363.2,8832.28
ORD02774,2024-12-01,CUST0031,Isha Gupta,Television,Home Appliances,North,2,87724.75,175449.5,10271.39
ORD02775,2024-03-12,CUST0451,Harpreet Kapoor,Desk,Furniture,East,8,8455.73,67645.84,6177.2
ORD02776,2025-03-26,CUST0478,Navjot Patel,Speaker,Accessories,North,7,6618.05,46326.35,3612.17
ORD02777,2026-03-28,CUST0112,Navjot Verma,Microwave,Home Appliances,Central,4,16798.65,67194.6,8106.76
ORD02778,2025-10-10,CUST0031,Isha Gupta,Monitor,Technology,East,7,22702.92,158920.44,10817.64
ORD02779,2024-09-02,CUST0231,Arjun Gupta,Chair,Furniture,Central,7,10458.6,73210.2,15673.01
ORD02780,2024-10-24,CUST0250,Sahil Kapoor,Desk,Furniture,South,2,11281.06,22562.12,1585.04
ORD02781,2024-07-05,CUST0202,Navjot Verma,Smartphone,Technology,West,4,68682.34,274729.36,39645.47
ORD02782,2024-12-17,CUST0015,Arjun Sharma,Sofa,Furniture,South,7,59854.58,418982.06,55293.84
ORD02783,2026-04-16,CUST0152,Sahil Sharma,Chair,Furniture,West,5,6910.24,34551.2,3499.52
ORD02784,2024-11-27,CUST0040,Rahul Gupta,Laptop,Technology,South,8,77407.11,619256.88,149723.88
ORD02785,2024-05-07,CUST0172,Rahul Sharma,Microwave,Home Appliances,North,1,21736.47,21736.47,5326.8
ORD02786,2024-05-26,CUST0097,Isha Verma,Smartphone,Technology,West,4,44329.05,177316.2,9159.18
ORD02787,2024-09-26,CUST0215,Arjun Sharma,Sofa,Furniture,East,9,21044.44,189399.96,42515.08
ORD02788,2024-11-20,CUST0347,Navjot Kumar,Microwave,Home Appliances,South,10,8205.13,82051.3,7875.56
ORD02789,2025-02-15,CUST0475,Arjun Kumar,Mouse,Technology,East,1,1529.4,1529.4,204.45
ORD02790,2026-05-28,CUST0356,Karan Kapoor,Mouse,Technology,East,9,934.25,8408.25,1322.75
ORD02791,2025-12-24,CUST0481,Rohit Verma,Webcam,Accessories,South,6,8904.93,53429.58,3867.08
ORD02792,2024-09-29,CUST0426,Manpreet Kapoor,Microwave,Home Appliances,South,8,8579.91,68639.28,5124.41
ORD02793,2026-04-20,CUST0011,Aman Patel,Headphones,Accessories,East,7,9677.2,67740.4,14755.81
ORD02794,2026-02-17,CUST0398,Rahul Mehta,Smartphone,Technology,Central,4,31354.68,125418.72,21086.59
ORD02795,2025-10-29,CUST0462,Navjot Kapoor,Mouse,Technology,East,9,1733.54,15601.86,2246.33
ORD02796,2025-04-05,CUST0493,Harpreet Sharma,Table,Furniture,North,5,10361.23,51806.15,10475.01
ORD02797,2025-09-29,CUST0425,Mehak Patel,Television,Home Appliances,North,1,34766.59,34766.59,5945.38
ORD02798,2024-07-09,CUST0483,Harpreet Kapoor,Refrigerator,Home Appliances,Central,7,55885.58,391199.06,95399.73
ORD02799,2026-08-04,CUST0066,Priya Singh,Speaker,Accessories,East,3,6207.19,18621.57,4543.25
ORD02800,2025-10-30,CUST0035,Manpreet Verma,Table,Furniture,East,10,27360.97,273609.7,15587.56
ORD02801,2024-02-27,CUST0231,Arjun Gupta,Speaker,Accessories,West,5,1598.86,7994.3,505.7
ORD02802,2026-03-10,CUST0354,Navjot Sharma,Television,Home Appliances,South,3,63027.22,189081.66,19691.82
ORD02803,2025-10-11,CUST0431,Sahil Kaur,Laptop,Technology,South,10,77283.05,772830.5,86489.99
ORD02804,2026-02-01,CUST0074,Mehak Kapoor,Microwave,Home Appliances,West,9,6535.06,58815.54,8524.36
ORD02805,2025-05-22,CUST0131,Mehak Kapoor,Speaker,Accessories,East,6,3974.99,23849.94,1565.17
ORD02806,2025-12-11,CUST0407,Navjot Kumar,Table,Furniture,South,5,12240.32,61201.6,13248.7
ORD02807,2024-07-16,CUST0089,Mehak Kumar,Headphones,Accessories,East,10,2186.71,21867.1,1319.1
ORD02808,2024-01-13,CUST0196,Rahul Gupta,Headphones,Accessories,South,4,8562.96,34251.84,2056.9
ORD02809,2026-08-10,CUST0280,Harpreet Kaur,Power Bank,Accessories,South,3,3716.73,11150.19,682.59
ORD02810,2026-04-01,CUST0399,Mehak Kaur,Laptop,Technology,West,4,75673.41,302693.64,38800.71
ORD02811,2025-07-10,CUST0370,Isha Singh,Chair,Furniture,Central,4,9426.14,37704.56,4971.5
ORD02812,2024-03-02,CUST0016,Manpreet Singh,Monitor,Technology,North,10,20550.85,205508.5,23139.78
ORD02813,2024-01-27,CUST0254,Sahil Kumar,Table,Furniture,West,10,13338.46,133384.6,32431.05
ORD02814,2024-06-24,CUST0111,Manpreet Kumar,Headphones,Accessories,South,1,3084.57,3084.57,557.91
ORD02815,2026-01-31,CUST0048,Isha Patel,Smartphone,Technology,Central,7,47837.51,334862.57,54674.46
ORD02816,2026-04-03,CUST0242,Isha Malhotra,Keyboard,Technology,East,3,2881.58,8644.74,639.62
ORD02817,2024-06-20,CUST0162,Navjot Patel,Microwave,Home Appliances,Central,8,21054.6,168436.8,12159.77
ORD02818,2024-09-07,CUST0414,Karan Gupta,Keyboard,Technology,West,8,4303.79,34430.32,3490.1
ORD02819,2026-08-11,CUST0028,Isha Malhotra,Table,Furniture,South,5,23989.41,119947.05,26552.16
ORD02820,2024-12-16,CUST0095,Anjali Sharma,Refrigerator,Home Appliances,South,7,26499.01,185493.07,9845.85
ORD02821,2024-11-08,CUST0110,Isha Patel,Television,Home Appliances,West,1,27062.87,27062.87,4510.52
ORD02822,2024-07-06,CUST0409,Sahil Mehta,Speaker,Accessories,West,1,6573.67,6573.67,602.47
ORD02823,2024-03-21,CUST0329,Neha Kapoor,Washing Machine,Home Appliances,West,3,22907.42,68722.26,9900.47
ORD02824,2024-12-19,CUST0309,Aman Kumar,Television,Home Appliances,East,3,97493.46,292480.38,30438.34
ORD02825,2025-08-11,CUST0300,Manpreet Singh,Television,Home Appliances,North,3,47492.52,142477.56,10137.81
ORD02826,2026-02-14,CUST0164,Rahul Kumar,Smartphone,Technology,East,9,66379.62,597416.58,135116.78
ORD02827,2026-07-19,CUST0376,Rahul Kapoor,Webcam,Accessories,Central,7,5571.24,38998.68,8120.8
ORD02828,2026-07-18,CUST0346,Karan Singh,Speaker,Accessories,North,7,4387.57,30712.99,7672.89
ORD02829,2024-08-24,CUST0257,Karan Gupta,Washing Machine,Home Appliances,West,1,41721.7,41721.7,6351.48
ORD02830,2025-09-26,CUST0421,Navjot Singh,Mouse,Technology,Central,1,773.84,773.84,114.64
ORD02831,2026-01-24,CUST0067,Rohit Kapoor,Keyboard,Technology,Central,1,2063.26,2063.26,269.74
ORD02832,2026-03-15,CUST0478,Navjot Patel,Sofa,Furniture,East,3,42356.83,127070.49,27538.86
ORD02833,2026-08-31,CUST0118,Aman Mehta,Washing Machine,Home Appliances,North,5,44512.8,222564.0,31116.56
ORD02834,2024-10-07,CUST0259,Manpreet Verma,Chair,Furniture,West,9,4912.02,44208.18,5837.41
ORD02835,2026-01-14,CUST0096,Simran Gupta,Chair,Furniture,West,3,4186.24,12558.72,1128.53
ORD02836,2024-08-01,CUST0352,Priya Malhotra,Chair,Furniture,South,6,6670.64,40023.84,2013.12
ORD02837,2026-03-23,CUST0002,Aman Verma,Laptop,Technology,East,9,41090.42,369813.78,46367.5
ORD02838,2024-01-04,CUST0381,Neha Malhotra,Power Bank,Accessories,Central,2,1804.95,3609.9,622.48
ORD02839,2024-01-24,CUST0267,Karan Gupta,Laptop,Technology,Central,7,55127.35,385891.45,80907.64
ORD02840,2024-05-22,CUST0489,Arjun Kapoor,Keyboard,Technology,West,3,3184.41,9553.23,2045.16
ORD02841,2024-01-10,CUST0104,Manpreet Singh,Power Bank,Accessories,Central,10,3908.05,39080.5,2303.63
ORD02842,2026-06-06,CUST0408,Simran Verma,Washing Machine,Home Appliances,Central,2,46252.99,92505.98,22068.28
ORD02843,2026-08-01,CUST0218,Aman Sharma,Webcam,Accessories,Central,1,4802.32,4802.32,288.78
ORD02844,2026-01-10,CUST0418,Sahil Kapoor,Refrigerator,Home Appliances,South,2,37432.88,74865.76,17074.16
ORD02845,2024-11-21,CUST0488,Rahul Sharma,Headphones,Accessories,North,9,11225.26,101027.34,22880.28
ORD02846,2026-04-04,CUST0340,Simran Verma,Washing Machine,Home Appliances,East,3,35145.76,105437.28,21282.08
ORD02847,2024-07-27,CUST0077,Harpreet Kaur,Smartphone,Technology,East,1,54514.54,54514.54,3471.63
ORD02848,2025-01-19,CUST0391,Sahil Sharma,Desk,Furniture,Central,1,12670.33,12670.33,1764.92
ORD02849,2025-03-18,CUST0311,Sahil Kaur,Washing Machine,Home Appliances,West,5,48264.24,241321.2,53729.21
ORD02850,2025-10-21,CUST0076,Rohit Sharma,Laptop,Technology,North,3,43513.61,130540.83,13497.83
ORD02851,2025-10-30,CUST0415,Simran Patel,Chair,Furniture,South,3,10953.34,32860.02,7693.52
ORD02852,2025-02-04,CUST0263,Simran Verma,Webcam,Accessories,South,3,9729.24,29187.72,7069.1
ORD02853,2025-04-23,CUST0018,Neha Verma,Television,Home Appliances,South,6,57234.86,343409.16,79316.15
ORD02854,2024-08-15,CUST0405,Karan Kumar,Refrigerator,Home Appliances,East,3,48811.01,146433.03,35174.24
ORD02855,2026-03-01,CUST0233,Isha Gupta,Laptop,Technology,Central,3,57679.55,173038.65,30100.24
ORD02856,2026-08-18,CUST0487,Anjali Gupta,Desk,Furniture,North,2,6250.84,12501.68,2341.86
ORD02857,2026-06-06,CUST0322,Anjali Sharma,Desk,Furniture,West,1,11264.98,11264.98,1209.55
ORD02858,2024-09-27,CUST0059,Rahul Verma,Laptop,Technology,West,3,67878.9,203636.7,19103.7
ORD02859,2024-05-26,CUST0210,Rahul Verma,Laptop,Technology,West,9,45115.18,406036.62,39978.61
ORD02860,2026-07-14,CUST0045,Rohit Kumar,Laptop,Technology,South,3,83404.38,250213.14,22544.4
ORD02861,2026-07-15,CUST0291,Arjun Malhotra,Headphones,Accessories,East,3,4859.32,14577.96,814.51
ORD02862,2024-11-28,CUST0485,Mehak Verma,Television,Home Appliances,South,7,57309.47,401166.29,54977.93
ORD02863,2024-11-08,CUST0490,Simran Kaur,Washing Machine,Home Appliances,South,1,37855.45,37855.45,9241.61
ORD02864,2024-11-03,CUST0458,Rohit Patel,Sofa,Furniture,West,4,33853.29,135413.16,29848.59
ORD02865,2025-01-09,CUST0423,Navjot Patel,Laptop,Technology,West,6,77322.35,463934.1,45149.86
ORD02866,2024-12-24,CUST0369,Sahil Kapoor,Desk,Furniture,Central,3,14328.18,42984.54,4379.89
ORD02867,2024-06-16,CUST0493,Harpreet Sharma,Headphones,Accessories,East,7,6402.86,44820.02,7034.57
ORD02868,2024-01-04,CUST0388,Manpreet Sharma,Smartphone,Technology,Central,3,67823.51,203470.53,26216.82
ORD02869,2026-05-26,CUST0201,Sahil Patel,Power Bank,Accessories,South,7,4726.78,33087.46,7958.88
ORD02870,2025-03-28,CUST0142,Manpreet Kaur,Mouse,Technology,Central,7,2698.3,18888.1,4164.08
ORD02871,2025-08-15,CUST0439,Priya Gupta,Washing Machine,Home Appliances,North,2,42611.86,85223.72,15551.48
ORD02872,2024-04-21,CUST0328,Rohit Mehta,Desk,Furniture,Central,7,4315.94,30211.58,7401.64
ORD02873,2026-06-03,CUST0156,Priya Malhotra,Webcam,Accessories,East,3,9775.21,29325.63,2846.31
ORD02874,2026-02-10,CUST0416,Harpreet Gupta,Desk,Furniture,West,7,5126.6,35886.2,8100.99
ORD02875,2025-03-19,CUST0281,Navjot Verma,Chair,Furniture,East,6,3960.61,23763.66,4945.84
ORD02876,2024-01-18,CUST0310,Anjali Mehta,Refrigerator,Home Appliances,West,10,44984.2,449842.0,93176.2
ORD02877,2024-04-13,CUST0338,Anjali Kumar,Washing Machine,Home Appliances,Central,2,51426.54,102853.08,20908.28
ORD02878,2026-05-27,CUST0253,Neha Verma,Chair,Furniture,West,8,8905.55,71244.4,7111.3
ORD02879,2025-05-27,CUST0120,Mehak Kumar,Refrigerator,Home Appliances,Central,10,43615.42,436154.2,90628.92
ORD02880,2025-03-05,CUST0413,Neha Patel,Chair,Furniture,Central,5,8867.06,44335.3,7418.95
ORD02881,2024-04-10,CUST0012,Priya Patel,Power Bank,Accessories,North,1,1890.62,1890.62,225.86
ORD02882,2025-11-03,CUST0023,Neha Gupta,Chair,Furniture,East,6,4092.97,24557.82,2755.4
ORD02883,2024-02-22,CUST0043,Navjot Kaur,Table,Furniture,East,2,26579.75,53159.5,10187.84
ORD02884,2024-04-12,CUST0313,Isha Mehta,Headphones,Accessories,Central,4,10061.75,40247.0,6010.26
ORD02885,2024-07-25,CUST0198,Isha Kumar,Laptop,Technology,North,1,52158.15,52158.15,13034.35
ORD02886,2024-01-14,CUST0305,Sahil Kumar,Headphones,Accessories,South,5,1882.0,9410.0,531.54
ORD02887,2025-08-26,CUST0153,Simran Kumar,Headphones,Accessories,West,8,3647.72,29181.76,5821.99
ORD02888,2026-02-14,CUST0391,Sahil Sharma,Headphones,Accessories,West,2,9587.42,19174.84,4351.25
ORD02889,2024-02-22,CUST0453,Simran Verma,Desk,Furniture,Central,10,18358.6,183586.0,45080.25
ORD02890,2024-12-02,CUST0133,Manpreet Malhotra,Mouse,Technology,East,8,2120.04,16960.32,3634.51
ORD02891,2024-12-11,CUST0472,Manpreet Patel,Laptop,Technology,Central,8,44622.48,356979.84,42175.46
ORD02892,2025-11-23,CUST0085,Rohit Singh,Laptop,Technology,West,3,68352.89,205058.67,33142.06
ORD02893,2024-02-27,CUST0268,Navjot Gupta,Keyboard,Technology,South,8,1377.93,11023.44,1871.22
ORD02894,2025-06-08,CUST0240,Sahil Singh,Keyboard,Technology,North,1,1244.29,1244.29,199.71
ORD02895,2026-06-19,CUST0399,Mehak Kaur,Speaker,Accessories,Central,4,3252.01,13008.04,2411.29
ORD02896,2025-05-11,CUST0325,Anjali Singh,Webcam,Accessories,East,2,5589.54,11179.08,1756.17
ORD02897,2024-04-18,CUST0429,Arjun Gupta,Chair,Furniture,North,7,7816.31,54714.17,8859.96
ORD02898,2024-12-26,CUST0094,Mehak Gupta,Television,Home Appliances,West,9,72267.6,650408.4,80174.07
ORD02899,2024-10-27,CUST0444,Rohit Sharma,Laptop,Technology,South,5,50182.99,250914.95,46124.68
ORD02900,2026-04-24,CUST0409,Sahil Mehta,Table,Furniture,North,3,26908.47,80725.41,6656.12
ORD02901,2026-05-17,CUST0201,Sahil Patel,Keyboard,Technology,West,7,3330.35,23312.45,3736.92
ORD02902,2024-12-31,CUST0133,Manpreet Malhotra,Power Bank,Accessories,North,8,883.68,7069.44,1318.08
ORD02903,2026-08-20,CUST0224,Simran Kaur,Smartphone,Technology,South,6,50464.49,302786.94,57346.72
ORD02904,2026-04-23,CUST0046,Rahul Kapoor,Television,Home Appliances,South,7,77542.99,542800.93,124263.32
ORD02905,2025-01-07,CUST0199,Neha Verma,Laptop,Technology,North,1,68820.56,68820.56,6435.9
ORD02906,2025-12-12,CUST0482,Navjot Singh,Refrigerator,Home Appliances,North,4,39744.85,158979.4,30295.63
ORD02907,2024-08-13,CUST0318,Isha Kaur,Table,Furniture,North,5,12213.96,61069.8,9201.87
ORD02908,2024-03-17,CUST0006,Simran Mehta,Television,Home Appliances,North,10,77780.17,777801.7,164795.79
ORD02909,2025-01-21,CUST0162,Navjot Patel,Chair,Furniture,West,6,3915.68,23494.08,5458.11
ORD02910,2024-09-07,CUST0369,Sahil Kapoor,Microwave,Home Appliances,South,7,19267.43,134872.01,25974.06
ORD02911,2024-11-29,CUST0342,Neha Gupta,Refrigerator,Home Appliances,North,2,41690.07,83380.14,5727.76
ORD02912,2024-06-08,CUST0420,Neha Kapoor,Monitor,Technology,West,7,32626.27,228383.89,23275.82
ORD02913,2024-11-24,CUST0259,Manpreet Verma,Headphones,Accessories,North,4,4520.63,18082.52,2899.75
ORD02914,2024-05-17,CUST0071,Manpreet Malhotra,Keyboard,Technology,South,6,4611.95,27671.7,5850.79
ORD02915,2024-06-07,CUST0304,Neha Kaur,Microwave,Home Appliances,West,6,15627.1,93762.6,11481.8
ORD02916,2024-01-20,CUST0438,Rahul Kapoor,Mouse,Technology,South,4,1654.65,6618.6,1303.01
ORD02917,2025-03-08,CUST0152,Sahil Sharma,Microwave,Home Appliances,West,6,20409.19,122455.14,25022.53
ORD02918,2025-04-16,CUST0240,Sahil Singh,Chair,Furniture,South,8,6655.34,53242.72,3745.58
ORD02919,2025-05-07,CUST0032,Mehak Kumar,Headphones,Accessories,Central,5,4978.19,24890.95,5001.58
ORD02920,2025-05-13,CUST0329,Neha Kapoor,Sofa,Furniture,East,1,44906.08,44906.08,4189.85
ORD02921,2024-03-15,CUST0158,Rahul Malhotra,Chair,Furniture,East,8,12092.12,96736.96,10573.48
ORD02922,2025-07-30,CUST0258,Arjun Kaur,Microwave,Home Appliances,South,7,18762.66,131338.62,7875.34
ORD02923,2026-07-03,CUST0171,Rohit Patel,Microwave,Home Appliances,West,7,19019.77,133138.39,32785.73
ORD02924,2024-01-11,CUST0096,Simran Gupta,Television,Home Appliances,West,7,53139.06,371973.42,37247.31
ORD02925,2025-12-24,CUST0335,Manpreet Kumar,Speaker,Accessories,South,2,3441.53,6883.06,1527.58
ORD02926,2025-12-09,CUST0483,Harpreet Kapoor,Refrigerator,Home Appliances,South,7,70864.04,496048.28,72015.1
ORD02927,2026-05-05,CUST0184,Neha Verma,Table,Furniture,West,7,27327.91,191295.37,37189.18
ORD02928,2025-06-13,CUST0311,Sahil Kaur,Keyboard,Technology,Central,1,4562.87,4562.87,955.77
ORD02929,2026-03-07,CUST0202,Navjot Verma,Table,Furniture,South,6,6438.36,38630.16,7959.14
ORD02930,2025-09-10,CUST0133,Manpreet Malhotra,Monitor,Technology,South,9,29281.58,263534.22,62910.37
ORD02931,2025-04-05,CUST0243,Aman Singh,Sofa,Furniture,West,6,48399.17,290395.02,49145.36
ORD02932,2024-02-29,CUST0488,Rahul Sharma,Television,Home Appliances,West,6,41713.0,250278.0,33111.47
ORD02933,2025-03-22,CUST0257,Karan Gupta,Power Bank,Accessories,North,6,3784.86,22709.16,2292.22
ORD02934,2026-05-15,CUST0301,Harpreet Kaur,Smartphone,Technology,South,9,68182.15,613639.35,62550.96
ORD02935,2024-07-30,CUST0245,Manpreet Malhotra,Sofa,Furniture,South,3,48731.06,146193.18,20626.15
ORD02936,2024-04-18,CUST0031,Isha Gupta,Table,Furniture,North,3,28592.32,85776.96,12560.24
ORD02937,2024-05-03,CUST0428,Sahil Mehta,Webcam,Accessories,West,8,7035.62,56284.96,7608.9
ORD02938,2026-06-23,CUST0055,Isha Mehta,Speaker,Accessories,Central,5,2272.28,11361.4,926.21
ORD02939,2025-07-20,CUST0191,Aman Kapoor,Monitor,Technology,South,9,15241.53,137173.77,17946.4
ORD02940,2024-01-09,CUST0017,Navjot Malhotra,Refrigerator,Home Appliances,South,7,85799.79,600598.53,144786.76
ORD02941,2025-08-05,CUST0300,Manpreet Singh,Table,Furniture,Central,3,5739.7,17219.1,3433.07
ORD02942,2026-04-28,CUST0008,Aman Kaur,Monitor,Technology,North,7,12978.39,90848.73,9423.51
ORD02943,2026-06-27,CUST0032,Mehak Kumar,Headphones,Accessories,North,8,10551.87,84414.96,12063.79
ORD02944,2026-03-08,CUST0472,Manpreet Patel,Chair,Furniture,North,4,7200.81,28803.24,4007.38
ORD02945,2024-08-01,CUST0455,Navjot Kumar,Television,Home Appliances,South,5,95015.8,475079.0,79176.91
ORD02946,2024-08-17,CUST0212,Priya Gupta,Speaker,Accessories,North,5,4926.37,24631.85,3087.53
ORD02947,2024-09-04,CUST0442,Isha Mehta,Speaker,Accessories,Central,8,9103.22,72825.76,9951.37
ORD02948,2024-06-09,CUST0003,Priya Kumar,Chair,Furniture,East,6,11638.63,69831.78,7124.37
ORD02949,2024-08-18,CUST0316,Priya Singh,Television,Home Appliances,South,4,74404.87,297619.48,58819.14
ORD02950,2025-08-09,CUST0237,Isha Malhotra,Sofa,Furniture,North,2,23108.21,46216.42,3790.35
ORD02951,2026-03-01,CUST0421,Navjot Singh,Speaker,Accessories,Central,1,6198.83,6198.83,679.97
ORD02952,2025-04-08,CUST0419,Simran Malhotra,Headphones,Accessories,West,7,2379.83,16658.81,3226.9
ORD02953,2024-11-07,CUST0331,Karan Patel,Refrigerator,Home Appliances,East,3,51753.21,155259.63,24933.6
ORD02954,2025-04-08,CUST0106,Rohit Singh,Webcam,Accessories,North,10,6799.14,67991.4,8480.36
ORD02955,2025-01-07,CUST0259,Manpreet Verma,Webcam,Accessories,West,7,8436.55,59055.85,11789.72
ORD02956,2026-08-02,CUST0434,Mehak Mehta,Smartphone,Technology,North,1,13121.64,13121.64,2401.54
ORD02957,2026-03-06,CUST0290,Mehak Mehta,Chair,Furniture,East,2,4156.75,8313.5,1918.95
ORD02958,2024-02-05,CUST0452,Anjali Sharma,Chair,Furniture,Central,9,5633.41,50700.69,8339.48
ORD02959,2024-06-26,CUST0116,Priya Kumar,Table,Furniture,North,4,13712.4,54849.6,5454.97
ORD02960,2025-01-18,CUST0491,Karan Kapoor,Table,Furniture,East,1,13938.02,13938.02,1126.09
ORD02961,2024-10-17,CUST0177,Karan Kaur,Laptop,Technology,East,4,77091.51,308366.04,76432.26
ORD02962,2025-07-21,CUST0408,Simran Verma,Smartphone,Technology,Central,10,69872.13,698721.3,105408.21
ORD02963,2024-06-15,CUST0146,Karan Singh,Table,Furniture,East,4,23876.33,95505.32,8456.96
ORD02964,2024-01-08,CUST0436,Neha Sharma,Sofa,Furniture,Central,10,56361.14,563611.4,76285.34
ORD02965,2024-04-02,CUST0014,Anjali Mehta,Refrigerator,Home Appliances,South,5,28571.42,142857.1,28647.38
ORD02966,2026-07-18,CUST0451,Harpreet Kapoor,Keyboard,Technology,Central,10,4076.32,40763.2,5240.69
ORD02967,2025-02-15,CUST0308,Rahul Sharma,Chair,Furniture,South,4,3532.76,14131.04,3439.44
ORD02968,2024-03-08,CUST0039,Anjali Gupta,Power Bank,Accessories,North,6,2097.76,12586.56,1328.78
ORD02969,2025-04-03,CUST0197,Isha Kaur,Desk,Furniture,East,10,17459.26,174592.6,15823.31
ORD02970,2025-12-20,CUST0319,Manpreet Malhotra,Mouse,Technology,South,7,831.1,5817.7,810.22
ORD02971,2025-03-09,CUST0052,Manpreet Gupta,Webcam,Accessories,East,7,3473.01,24311.07,1838.45
ORD02972,2025-02-12,CUST0243,Aman Singh,Refrigerator,Home Appliances,East,9,66744.59,600701.31,105670.01
ORD02973,2025-04-04,CUST0197,Isha Kaur,Smartphone,Technology,South,10,59085.37,590853.7,79850.74
ORD02974,2024-11-18,CUST0014,Anjali Mehta,Mouse,Technology,South,9,1982.73,17844.57,4112.77
ORD02975,2025-12-08,CUST0139,Harpreet Kaur,Smartphone,Technology,South,2,21635.07,43270.14,2706.93
ORD02976,2026-01-07,CUST0441,Neha Verma,Washing Machine,Home Appliances,South,2,18516.52,37033.04,3858.14
ORD02977,2025-03-28,CUST0052,Manpreet Gupta,Monitor,Technology,West,1,14419.6,14419.6,2213.19
ORD02978,2025-01-18,CUST0470,Navjot Kapoor,Speaker,Accessories,East,10,5022.53,50225.3,12293.39
ORD02979,2025-12-26,CUST0441,Neha Verma,Table,Furniture,East,9,29268.7,263418.3,41897.01
ORD02980,2025-07-09,CUST0322,Anjali Sharma,Television,Home Appliances,West,1,65209.56,65209.56,7205.8
ORD02981,2024-07-22,CUST0253,Neha Verma,Keyboard,Technology,South,7,2869.38,20085.66,4336.55
ORD02982,2024-04-07,CUST0451,Harpreet Kapoor,Table,Furniture,East,9,19722.79,177505.11,24140.64
ORD02983,2025-03-19,CUST0447,Navjot Malhotra,Smartphone,Technology,East,9,33820.53,304384.77,55733.59
ORD02984,2026-01-26,CUST0030,Arjun Mehta,Washing Machine,Home Appliances,Central,9,56232.53,506092.77,44749.27
ORD02985,2026-03-18,CUST0088,Sahil Patel,Microwave,Home Appliances,South,8,19501.43,156011.44,12012.12
ORD02986,2025-01-06,CUST0010,Rohit Mehta,Microwave,Home Appliances,East,10,15162.85,151628.5,31202.68
ORD02987,2025-02-05,CUST0474,Simran Kumar,Desk,Furniture,South,2,19479.39,38958.78,8070.2
ORD02988,2024-04-18,CUST0285,Navjot Verma,Table,Furniture,Central,6,9589.17,57535.02,2975.97
ORD02989,2025-07-19,CUST0094,Mehak Gupta,Microwave,Home Appliances,West,5,9192.05,45960.25,6408.9
ORD02990,2024-06-22,CUST0097,Isha Verma,Refrigerator,Home Appliances,South,2,65228.34,130456.68,28728.69
ORD02991,2024-01-12,CUST0126,Simran Patel,Television,Home Appliances,North,10,39435.25,394352.5,33520.21
ORD02992,2025-02-23,CUST0311,Sahil Kaur,Power Bank,Accessories,West,8,1515.01,12120.08,702.38
ORD02993,2025-01-04,CUST0001,Harpreet Kaur,Washing Machine,Home Appliances,West,1,61057.62,61057.62,14811.03
ORD02994,2024-01-20,CUST0100,Simran Kaur,Chair,Furniture,South,5,8203.78,41018.9,7358.92
ORD02995,2024-09-08,CUST0315,Anjali Malhotra,Laptop,Technology,East,2,84239.43,168478.86,27796.34
ORD02996,2024-04-05,CUST0391,Sahil Sharma,Table,Furniture,North,5,8361.72,41808.6,9083.79
ORD02997,2024-01-22,CUST0487,Anjali Gupta,Sofa,Furniture,Central,1,53348.01,53348.01,7147.27
ORD02998,2025-02-13,CUST0074,Mehak Kapoor,Power Bank,Accessories,North,6,3568.12,21408.72,2783.02
ORD02999,2025-02-04,CUST0473,Mehak Verma,Headphones,Accessories,East,7,6214.02,43498.14,9746.27
ORD03000,2024-06-26,CUST0112,Navjot Verma,Television,Home Appliances,South,6,16251.66,97509.96,9327.2
ORD03001,2026-05-27,CUST0139,Harpreet Kaur,Headphones,Accessories,South,7,5891.62,41241.34,7497.96
ORD03002,2024-04-27,CUST0345,Rahul Kumar,Smartphone,Technology,North,4,78812.72,315250.88,65351.55
ORD03003,2026-08-19,CUST0330,Mehak Patel,Washing Machine,Home Appliances,South,7,55052.67,385368.69,42365.14
ORD03004,2026-02-05,CUST0367,Harpreet Malhotra,Keyboard,Technology,South,5,2265.66,11328.3,829.92
ORD03005,2025-05-03,CUST0236,Neha Patel,Sofa,Furniture,West,7,36144.08,253008.56,39133.28
ORD03006,2025-09-10,CUST0458,Rohit Patel,Keyboard,Technology,East,4,4406.34,17625.36,3666.21
ORD03007,2026-05-28,CUST0093,Isha Sharma,Monitor,Technology,East,2,31759.99,63519.98,9189.84
ORD03008,2025-08-01,CUST0052,Manpreet Gupta,Headphones,Accessories,South,8,11978.06,95824.48,16668.14
ORD03009,2024-08-12,CUST0089,Mehak Kumar,Refrigerator,Home Appliances,West,3,22882.35,68647.05,7373.12
ORD03010,2024-10-02,CUST0158,Rahul Malhotra,Washing Machine,Home Appliances,East,8,22044.01,176352.08,14750.73
ORD03011,2025-04-04,CUST0220,Harpreet Verma,Refrigerator,Home Appliances,Central,7,55068.82,385481.74,63419.42
ORD03012,2025-01-13,CUST0390,Priya Kumar,Smartphone,Technology,South,5,35125.48,175627.4,35923.21
ORD03013,2025-04-23,CUST0194,Rohit Kumar,Sofa,Furniture,South,1,40173.54,40173.54,4265.42
ORD03014,2024-01-04,CUST0102,Sahil Kaur,Webcam,Accessories,Central,1,2037.36,2037.36,500.89
ORD03015,2026-08-24,CUST0174,Sahil Singh,Desk,Furniture,East,6,17142.25,102853.5,15051.76
ORD03016,2025-08-27,CUST0090,Rahul Gupta,Keyboard,Technology,Central,4,3849.67,15398.68,1759.41
ORD03017,2024-09-25,CUST0009,Priya Kumar,Mouse,Technology,West,8,2452.53,19620.24,3075.0
ORD03018,2024-10-27,CUST0026,Navjot Kapoor,Microwave,Home Appliances,South,7,22082.17,154575.19,30514.35
ORD03019,2025-01-19,CUST0234,Priya Kumar,Washing Machine,Home Appliances,North,1,29038.49,29038.49,3752.81
ORD03020,2026-05-19,CUST0278,Simran Gupta,Webcam,Accessories,West,5,8967.0,44835.0,10277.06
ORD03021,2024-10-31,CUST0068,Simran Sharma,Speaker,Accessories,North,2,6955.78,13911.56,1718.75
ORD03022,2026-08-04,CUST0266,Simran Mehta,Television,Home Appliances,South,3,94762.51,284287.53,39960.11
ORD03023,2025-12-15,CUST0296,Mehak Gupta,Laptop,Technology,West,5,86624.26,433121.3,50633.74
ORD03024,2026-02-09,CUST0333,Navjot Kapoor,Headphones,Accessories,West,4,4190.62,16762.48,2056.22
ORD03025,2026-07-25,CUST0018,Neha Verma,Television,Home Appliances,West,4,34370.96,137483.84,19088.45
ORD03026,2025-11-12,CUST0304,Neha Kaur,Table,Furniture,South,8,5676.24,45409.92,8124.85
ORD03027,2024-05-18,CUST0012,Priya Patel,Power Bank,Accessories,South,2,3743.54,7487.08,1194.93
ORD03028,2025-10-19,CUST0377,Rahul Sharma,Sofa,Furniture,East,8,33464.07,267712.56,62174.88
ORD03029,2025-10-24,CUST0398,Rahul Mehta,Mouse,Technology,Central,9,540.36,4863.24,682.92
ORD03030,2026-04-07,CUST0221,Rahul Kapoor,Refrigerator,Home Appliances,North,6,55166.7,331000.2,61317.97
ORD03031,2026-04-12,CUST0199,Neha Verma,Speaker,Accessories,South,4,9230.66,36922.64,4096.05
ORD03032,2025-10-14,CUST0357,Aman Gupta,Power Bank,Accessories,East,6,901.1,5406.6,1134.11
ORD03033,2025-12-12,CUST0435,Harpreet Malhotra,Monitor,Technology,West,3,23417.05,70251.15,15152.27
ORD03034,2025-02-15,CUST0031,Isha Gupta,Microwave,Home Appliances,West,2,20534.89,41069.78,6530.63
ORD03035,2025-02-15,CUST0016,Manpreet Singh,Power Bank,Accessories,South,1,1664.92,1664.92,337.16
ORD03036,2026-02-24,CUST0296,Mehak Gupta,Keyboard,Technology,Central,10,1604.96,16049.6,2668.58
ORD03037,2025-07-29,CUST0430,Sahil Kumar,Mouse,Technology,South,3,2541.0,7623.0,1129.02
ORD03038,2025-04-13,CUST0215,Arjun Sharma,Refrigerator,Home Appliances,North,4,74083.05,296332.2,42295.53
ORD03039,2024-10-25,CUST0274,Aman Patel,Webcam,Accessories,South,3,6691.34,20074.02,2630.6
ORD03040,2024-08-31,CUST0016,Manpreet Singh,Table,Furniture,East,2,29311.9,58623.8,10840.38
ORD03041,2025-03-04,CUST0155,Anjali Kapoor,Laptop,Technology,West,10,56936.62,569366.2,97987.44
ORD03042,2025-03-25,CUST0014,Anjali Mehta,Speaker,Accessories,South,6,2357.38,14144.28,3025.54
ORD03043,2024-10-05,CUST0002,Aman Verma,Washing Machine,Home Appliances,South,9,69804.18,628237.62,51817.8
ORD03044,2025-12-11,CUST0288,Harpreet Malhotra,Refrigerator,Home Appliances,North,3,76820.61,230461.83,47604.66
ORD03045,2025-01-20,CUST0239,Isha Kumar,Keyboard,Technology,East,1,2780.2,2780.2,353.84
ORD03046,2026-02-12,CUST0340,Simran Verma,Chair,Furniture,North,9,6468.62,58217.58,9662.93
ORD03047,2025-11-04,CUST0053,Karan Verma,Webcam,Accessories,South,10,9001.12,90011.2,21080.77
ORD03048,2024-04-27,CUST0462,Navjot Kapoor,Monitor,Technology,West,8,8039.76,64318.08,13181.48
ORD03049,2024-02-19,CUST0028,Isha Malhotra,Sofa,Furniture,South,1,43386.48,43386.48,6041.71
ORD03050,2025-02-15,CUST0016,Manpreet Singh,Mouse,Technology,South,2,2101.55,4203.1,592.02
ORD03051,2026-05-12,CUST0271,Karan Mehta,Sofa,Furniture,Central,5,39762.05,198810.25,43059.26
ORD03052,2025-08-16,CUST0168,Aman Gupta,Laptop,Technology,East,9,67458.6,607127.4,91997.09
ORD03053,2025-07-06,CUST0488,Rahul Sharma,Sofa,Furniture,North,2,43410.56,86821.12,5647.92
ORD03054,2024-06-24,CUST0217,Sahil Verma,Mouse,Technology,West,7,2711.4,18979.8,4208.12
ORD03055,2026-05-10,CUST0208,Isha Kaur,Speaker,Accessories,North,1,1710.01,1710.01,266.89
ORD03056,2025-03-07,CUST0123,Priya Kaur,Keyboard,Technology,South,3,1038.64,3115.92,775.41
ORD03057,2025-01-25,CUST0345,Rahul Kumar,Washing Machine,Home Appliances,South,6,32004.82,192028.92,40443.93
ORD03058,2024-03-24,CUST0329,Neha Kapoor,Washing Machine,Home Appliances,South,8,69912.63,559301.04,128638.15
ORD03059,2025-09-02,CUST0006,Simran Mehta,Refrigerator,Home Appliances,North,6,40877.96,245267.76,22807.43
ORD03060,2024-01-10,CUST0300,Manpreet Singh,Smartphone,Technology,South,8,76977.71,615821.68,75651.46
ORD03061,2025-01-20,CUST0283,Harpreet Malhotra,Microwave,Home Appliances,West,1,13696.31,13696.31,1369.43
ORD03062,2026-02-22,CUST0001,Harpreet Kaur,Desk,Furniture,East,6,9087.94,54527.64,4176.35
ORD03063,2026-02-10,CUST0022,Karan Kaur,Washing Machine,Home Appliances,North,7,29559.91,206919.37,20933.71
ORD03064,2024-09-05,CUST0359,Sahil Malhotra,Webcam,Accessories,West,5,8120.52,40602.6,7549.4
ORD03065,2025-05-25,CUST0424,Harpreet Verma,Refrigerator,Home Appliances,South,10,28319.95,283199.5,39748.15
ORD03066,2024-07-21,CUST0266,Simran Mehta,Washing Machine,Home Appliances,South,7,66831.65,467821.55,61856.66
ORD03067,2025-10-01,CUST0119,Rohit Kumar,Headphones,Accessories,Central,8,5192.75,41542.0,7098.02
ORD03068,2026-04-16,CUST0209,Navjot Patel,Television,Home Appliances,West,10,25994.56,259945.6,29135.32
ORD03069,2025-06-21,CUST0496,Arjun Kaur,Table,Furniture,West,5,23712.37,118561.85,10338.48
ORD03070,2025-03-02,CUST0095,Anjali Sharma,Sofa,Furniture,West,3,40365.4,121096.2,6323.15
ORD03071,2025-08-27,CUST0038,Karan Verma,Power Bank,Accessories,Central,6,1543.07,9258.42,1160.92
ORD03072,2026-06-04,CUST0337,Manpreet Patel,Table,Furniture,West,9,10383.41,93450.69,18406.12
ORD03073,2026-03-10,CUST0285,Navjot Verma,Power Bank,Accessories,West,3,2693.95,8081.85,1005.66
ORD03074,2025-06-19,CUST0007,Karan Sharma,Television,Home Appliances,East,9,36000.02,324000.18,27388.81
ORD03075,2024-07-13,CUST0459,Neha Malhotra,Chair,Furniture,Central,10,6255.82,62558.2,9732.56
ORD03076,2024-03-09,CUST0044,Mehak Singh,Table,Furniture,East,1,15061.27,15061.27,766.37
ORD03077,2026-01-11,CUST0153,Simran Kumar,Keyboard,Technology,North,3,4705.77,14117.31,3077.79
ORD03078,2025-07-31,CUST0490,Simran Kaur,Refrigerator,Home Appliances,North,5,79703.49,398517.45,78196.23
ORD03079,2025-05-22,CUST0112,Navjot Verma,Television,Home Appliances,East,9,16418.03,147762.27,31370.74
ORD03080,2025-10-21,CUST0078,Harpreet Patel,Speaker,Accessories,East,10,1947.82,19478.2,3078.13
ORD03081,2024-01-12,CUST0427,Anjali Malhotra,Webcam,Accessories,East,3,2858.04,8574.12,937.75
ORD03082,2024-08-25,CUST0318,Isha Kaur,Chair,Furniture,North,4,8741.67,34966.68,4103.92
ORD03083,2024-09-24,CUST0292,Rohit Sharma,Power Bank,Accessories,Central,2,2598.05,5196.1,906.6
ORD03084,2026-04-27,CUST0464,Arjun Kumar,Speaker,Accessories,Central,10,13857.54,138575.4,32985.52
ORD03085,2024-03-28,CUST0472,Manpreet Patel,Monitor,Technology,West,3,18862.05,56586.15,12781.08
ORD03086,2025-02-22,CUST0338,Anjali Kumar,Refrigerator,Home Appliances,West,1,63956.33,63956.33,8935.59
ORD03087,2025-10-29,CUST0052,Manpreet Gupta,Webcam,Accessories,East,3,9814.45,29443.35,5933.99
ORD03088,2024-05-03,CUST0435,Harpreet Malhotra,Monitor,Technology,South,5,14693.54,73467.7,10884.28
ORD03089,2024-11-19,CUST0163,Harpreet Kapoor,Chair,Furniture,West,8,10536.43,84291.44,15349.07
ORD03090,2024-06-22,CUST0050,Sahil Sharma,Laptop,Technology,North,8,69772.04,558176.32,49839.48
ORD03091,2026-02-19,CUST0255,Priya Sharma,Television,Home Appliances,South,2,34189.24,68378.48,13779.21
ORD03092,2025-08-20,CUST0495,Manpreet Mehta,Smartphone,Technology,Central,10,58650.69,586506.9,116622.3
ORD03093,2025-04-15,CUST0370,Isha Singh,Mouse,Technology,North,8,995.69,7965.52,706.34
ORD03094,2025-04-04,CUST0098,Priya Sharma,Refrigerator,Home Appliances,East,5,76725.56,383627.8,40285.65
ORD03095,2025-07-01,CUST0282,Rohit Verma,Monitor,Technology,West,1,21321.32,21321.32,2959.11
ORD03096,2026-06-25,CUST0444,Rohit Sharma,Table,Furniture,North,2,12880.33,25760.66,6043.48
ORD03097,2025-04-27,CUST0355,Sahil Mehta,Power Bank,Accessories,North,10,2149.68,21496.8,1381.35
ORD03098,2024-06-19,CUST0471,Arjun Mehta,Television,Home Appliances,Central,4,56082.31,224329.24,54333.15
ORD03099,2024-09-18,CUST0304,Neha Kaur,Television,Home Appliances,North,7,37778.69,264450.83,23408.43
ORD03100,2024-12-20,CUST0310,Anjali Mehta,Mouse,Technology,Central,9,2486.96,22382.64,1125.65
ORD03101,2026-01-05,CUST0380,Anjali Gupta,Laptop,Technology,Central,8,59257.66,474061.28,48408.49
ORD03102,2024-02-18,CUST0201,Sahil Patel,Refrigerator,Home Appliances,West,2,62159.41,124318.82,29135.99
ORD03103,2026-07-02,CUST0421,Navjot Singh,Headphones,Accessories,North,1,1556.36,1556.36,260.79
ORD03104,2024-01-19,CUST0368,Navjot Singh,Washing Machine,Home Appliances,South,2,64425.0,128850.0,20347.38
ORD03105,2024-08-02,CUST0310,Anjali Mehta,Table,Furniture,Central,9,7035.87,63322.83,3471.78
ORD03106,2025-01-15,CUST0196,Rahul Gupta,Speaker,Accessories,Central,1,11856.93,11856.93,1158.53
ORD03107,2025-06-30,CUST0284,Neha Malhotra,Webcam,Accessories,Central,1,6840.91,6840.91,1245.14
ORD03108,2024-04-02,CUST0007,Karan Sharma,Sofa,Furniture,West,10,29476.32,294763.2,55876.17
ORD03109,2025-03-03,CUST0145,Anjali Singh,Speaker,Accessories,South,4,13203.85,52815.4,6259.11
ORD03110,2026-05-20,CUST0103,Manpreet Patel,Smartphone,Technology,North,8,52343.1,418744.8,46060.34
ORD03111,2025-09-11,CUST0258,Arjun Kaur,Keyboard,Technology,Central,9,2847.0,25623.0,4970.01
ORD03112,2025-09-21,CUST0248,Manpreet Kaur,Mouse,Technology,North,2,920.47,1840.94,312.77
ORD03113,2026-07-21,CUST0277,Neha Malhotra,Refrigerator,Home Appliances,South,4,25520.25,102081.0,19002.37
ORD03114,2025-07-20,CUST0416,Harpreet Gupta,Power Bank,Accessories,East,6,1221.09,7326.54,1153.36
ORD03115,2025-11-04,CUST0288,Harpreet Malhotra,Monitor,Technology,North,7,12401.25,86808.75,8524.08
ORD03116,2025-11-19,CUST0058,Karan Kapoor,Headphones,Accessories,South,8,4247.95,33983.6,7127.86
ORD03117,2025-05-02,CUST0076,Rohit Sharma,Monitor,Technology,West,8,14099.04,112792.32,20936.97
ORD03118,2025-12-15,CUST0488,Rahul Sharma,Washing Machine,Home Appliances,North,5,54980.74,274903.7,40149.56
ORD03119,2026-02-02,CUST0443,Navjot Verma,Table,Furniture,North,2,6998.21,13996.42,1509.59
ORD03120,2025-05-12,CUST0422,Karan Singh,Refrigerator,Home Appliances,West,7,60360.54,422523.78,95186.09
ORD03121,2025-08-13,CUST0209,Navjot Patel,Sofa,Furniture,West,6,23091.09,138546.54,26410.38
ORD03122,2025-01-28,CUST0473,Mehak Verma,Monitor,Technology,North,1,14266.41,14266.41,1106.7
ORD03123,2026-07-17,CUST0379,Neha Kumar,Television,Home Appliances,West,8,26027.89,208223.12,44266.34
ORD03124,2026-04-12,CUST0004,Rahul Kaur,Sofa,Furniture,North,1,38262.15,38262.15,4443.34
ORD03125,2024-01-09,CUST0202,Navjot Verma,Chair,Furniture,East,4,7150.95,28603.8,3912.84
ORD03126,2024-01-09,CUST0023,Neha Gupta,Chair,Furniture,Central,7,10410.73,72875.11,7520.45
ORD03127,2024-05-01,CUST0280,Harpreet Kaur,Laptop,Technology,South,10,91574.87,915748.7,53809.71
ORD03128,2024-09-25,CUST0031,Isha Gupta,Chair,Furniture,East,3,3861.11,11583.33,633.16
ORD03129,2025-09-03,CUST0081,Simran Verma,Sofa,Furniture,East,10,49063.93,490639.3,70405.85
ORD03130,2024-02-12,CUST0119,Rohit Kumar,Mouse,Technology,North,3,2123.17,6369.51,1553.11
ORD03131,2026-04-14,CUST0320,Priya Singh,Headphones,Accessories,West,8,2463.53,19708.24,2360.33
ORD03132,2025-08-27,CUST0479,Rahul Verma,Washing Machine,Home Appliances,South,5,31405.06,157025.3,38674.78
ORD03133,2024-10-19,CUST0023,Neha Gupta,Washing Machine,Home Appliances,East,10,56852.66,568526.6,60436.18
ORD03134,2025-07-15,CUST0116,Priya Kumar,Laptop,Technology,Central,9,73446.28,661016.52,49017.76
ORD03135,2026-05-15,CUST0200,Rahul Kapoor,Washing Machine,Home Appliances,East,5,45528.41,227642.05,51734.62
ORD03136,2025-09-03,CUST0391,Sahil Sharma,Microwave,Home Appliances,East,3,24626.67,73880.01,16504.14
ORD03137,2025-02-21,CUST0077,Harpreet Kaur,Keyboard,Technology,West,1,3389.43,3389.43,382.94
ORD03138,2024-11-13,CUST0007,Karan Sharma,Sofa,Furniture,Central,7,19614.7,137302.9,29941.82
ORD03139,2024-06-06,CUST0217,Sahil Verma,Keyboard,Technology,West,8,844.04,6752.32,1504.0
ORD03140,2024-03-05,CUST0462,Navjot Kapoor,Headphones,Accessories,East,6,2441.9,14651.4,3076.14
ORD03141,2024-03-10,CUST0259,Manpreet Verma,Television,Home Appliances,West,4,21035.53,84142.12,15665.5
ORD03142,2024-02-25,CUST0118,Aman Mehta,Keyboard,Technology,East,2,2887.61,5775.22,653.79
ORD03143,2024-03-17,CUST0270,Rohit Kaur,Headphones,Accessories,South,3,5107.62,15322.86,1549.63
ORD03144,2025-01-19,CUST0126,Simran Patel,Washing Machine,Home Appliances,East,5,41001.56,205007.8,12571.67
ORD03145,2026-07-28,CUST0375,Simran Malhotra,Refrigerator,Home Appliances,West,6,26795.17,160771.02,30366.32
ORD03146,2026-01-22,CUST0299,Rohit Kapoor,Monitor,Technology,North,2,27512.41,55024.82,9053.45
ORD03147,2025-02-18,CUST0389,Manpreet Sharma,Power Bank,Accessories,Central,5,4850.58,24252.9,5324.06
ORD03148,2024-07-18,CUST0110,Isha Patel,Webcam,Accessories,East,2,4800.92,9601.84,1543.46
ORD03149,2025-07-14,CUST0366,Karan Gupta,Webcam,Accessories,North,9,6831.21,61480.89,8730.36
ORD03150,2025-12-11,CUST0192,Mehak Mehta,Headphones,Accessories,West,4,9491.96,37967.84,9445.03
ORD03151,2026-04-05,CUST0434,Mehak Mehta,Headphones,Accessories,North,4,6962.67,27850.68,6158.0
ORD03152,2024-09-04,CUST0289,Harpreet Singh,Table,Furniture,South,6,5638.34,33830.04,4617.71
ORD03153,2026-05-31,CUST0098,Priya Sharma,Sofa,Furniture,West,3,24571.56,73714.68,6786.66
ORD03154,2024-11-25,CUST0149,Anjali Patel,Television,Home Appliances,South,9,30813.68,277323.12,64980.1
ORD03155,2026-05-30,CUST0391,Sahil Sharma,Sofa,Furniture,Central,8,57064.71,456517.68,57161.68
ORD03156,2025-09-28,CUST0335,Manpreet Kumar,Desk,Furniture,South,8,7472.1,59776.8,13969.19
ORD03157,2024-01-23,CUST0115,Anjali Kaur,Refrigerator,Home Appliances,Central,4,23271.39,93085.56,17425.81
ORD03158,2026-02-18,CUST0049,Priya Gupta,Television,Home Appliances,South,10,20546.99,205469.9,18036.1
ORD03159,2024-03-13,CUST0265,Arjun Sharma,Washing Machine,Home Appliances,Central,5,25191.61,125958.05,18758.78
ORD03160,2024-11-24,CUST0303,Harpreet Mehta,Chair,Furniture,North,8,12396.04,99168.32,11531.28
ORD03161,2026-08-06,CUST0169,Aman Sharma,Washing Machine,Home Appliances,West,7,24595.56,172168.92,10591.11
ORD03162,2024-01-04,CUST0166,Aman Mehta,Headphones,Accessories,West,4,3219.13,12876.52,963.98
ORD03163,2026-02-15,CUST0404,Mehak Malhotra,Refrigerator,Home Appliances,West,3,34941.09,104823.27,9105.06
ORD03164,2024-07-27,CUST0321,Manpreet Patel,Table,Furniture,North,8,17319.08,138552.64,19864.63
ORD03165,2024-01-29,CUST0213,Priya Verma,Keyboard,Technology,West,5,2487.6,12438.0,2438.13
ORD03166,2024-12-09,CUST0002,Aman Verma,Desk,Furniture,Central,7,5099.56,35696.92,7479.01
ORD03167,2026-04-23,CUST0161,Arjun Malhotra,Desk,Furniture,North,5,6840.71,34203.55,2290.37
ORD03168,2024-10-03,CUST0328,Rohit Mehta,Webcam,Accessories,North,3,7687.36,23062.08,5294.16
ORD03169,2025-03-14,CUST0346,Karan Singh,Power Bank,Accessories,West,6,4082.31,24493.86,3705.14
ORD03170,2025-03-16,CUST0216,Simran Malhotra,Desk,Furniture,South,1,15952.67,15952.67,3483.61
ORD03171,2025-11-09,CUST0008,Aman Kaur,Smartphone,Technology,East,4,59461.19,237844.76,50178.12
ORD03172,2025-04-03,CUST0325,Anjali Singh,Webcam,Accessories,East,2,9539.85,19079.7,2032.84
ORD03173,2025-12-16,CUST0162,Navjot Patel,Speaker,Accessories,Central,4,2910.58,11642.32,2866.2
ORD03174,2024-09-20,CUST0348,Simran Malhotra,Webcam,Accessories,Central,10,8657.97,86579.7,18001.54
ORD03175,2026-04-13,CUST0468,Manpreet Singh,Headphones,Accessories,East,10,7482.05,74820.5,17040.28
ORD03176,2025-03-22,CUST0008,Aman Kaur,Refrigerator,Home Appliances,East,7,30004.57,210031.99,43059.82
ORD03177,2025-01-25,CUST0111,Manpreet Kumar,Table,Furniture,North,10,23632.54,236325.4,23975.68
ORD03178,2026-06-20,CUST0067,Rohit Kapoor,Smartphone,Technology,Central,10,60302.07,603020.7,115042.93
ORD03179,2024-12-13,CUST0413,Neha Patel,Laptop,Technology,South,5,59772.66,298863.3,48558.41
ORD03180,2025-03-23,CUST0129,Priya Patel,Laptop,Technology,South,3,81988.19,245964.57,45998.13
ORD03181,2026-06-29,CUST0071,Manpreet Malhotra,Desk,Furniture,South,5,23719.98,118599.9,10024.66
ORD03182,2025-06-09,CUST0175,Simran Mehta,Power Bank,Accessories,Central,8,3935.4,31483.2,1978.49
ORD03183,2025-10-26,CUST0270,Rohit Kaur,Table,Furniture,West,9,10125.74,91131.66,16275.39
ORD03184,2025-12-15,CUST0030,Arjun Mehta,Washing Machine,Home Appliances,North,9,21504.41,193539.69,11592.09
ORD03185,2025-04-23,CUST0375,Simran Malhotra,Desk,Furniture,Central,6,16086.23,96517.38,12562.97
ORD03186,2025-12-04,CUST0307,Priya Kumar,Microwave,Home Appliances,West,6,6465.53,38793.18,5937.79
ORD03187,2024-01-04,CUST0320,Priya Singh,Microwave,Home Appliances,Central,9,9663.16,86968.44,8547.99
ORD03188,2025-07-10,CUST0440,Manpreet Verma,Speaker,Accessories,North,2,4217.96,8435.92,507.33
ORD03189,2024-04-11,CUST0294,Priya Malhotra,Sofa,Furniture,West,7,18765.33,131357.31,10046.43
ORD03190,2024-10-11,CUST0166,Aman Mehta,Washing Machine,Home Appliances,East,9,56087.65,504788.85,66263.84
ORD03191,2024-12-26,CUST0256,Harpreet Kumar,Webcam,Accessories,North,6,4286.12,25716.72,5855.53
ORD03192,2024-02-23,CUST0495,Manpreet Mehta,Desk,Furniture,West,5,13875.47,69377.35,3548.25
ORD03193,2026-05-26,CUST0269,Karan Mehta,Webcam,Accessories,South,7,5928.67,41500.69,8784.51
ORD03194,2024-11-28,CUST0150,Simran Sharma,Monitor,Technology,North,7,9924.86,69474.02,8377.18
ORD03195,2025-06-08,CUST0079,Manpreet Verma,Desk,Furniture,Central,5,22093.07,110465.35,7041.31
ORD03196,2025-02-20,CUST0314,Priya Malhotra,Webcam,Accessories,Central,4,1541.98,6167.92,557.08
ORD03197,2026-06-07,CUST0219,Neha Singh,Mouse,Technology,North,6,2438.83,14632.98,3133.16
ORD03198,2024-02-16,CUST0374,Harpreet Sharma,Keyboard,Technology,Central,4,883.5,3534.0,465.22
ORD03199,2024-03-03,CUST0153,Simran Kumar,Refrigerator,Home Appliances,South,9,84141.49,757273.41,135247.18
ORD03200,2025-09-15,CUST0024,Mehak Verma,Television,Home Appliances,East,9,60947.37,548526.33,51927.76
ORD03201,2026-02-27,CUST0383,Arjun Kaur,Smartphone,Technology,West,10,28838.04,288380.4,15117.82
ORD03202,2026-07-30,CUST0327,Harpreet Patel,Mouse,Technology,Central,8,1689.08,13512.64,3021.44
ORD03203,2025-07-22,CUST0450,Navjot Kapoor,Speaker,Accessories,East,6,12849.45,77096.7,19120.48
ORD03204,2024-11-01,CUST0057,Priya Kapoor,Desk,Furniture,East,5,12174.05,60870.25,9454.69
ORD03205,2025-05-18,CUST0469,Priya Kumar,Keyboard,Technology,East,7,1659.5,11616.5,2327.46
ORD03206,2025-11-24,CUST0261,Karan Patel,Mouse,Technology,North,4,1304.67,5218.68,859.03
ORD03207,2026-01-04,CUST0455,Navjot Kumar,Television,Home Appliances,Central,7,26930.24,188511.68,9466.67
ORD03208,2024-04-02,CUST0129,Priya Patel,Refrigerator,Home Appliances,East,1,65547.15,65547.15,13783.66
ORD03209,2024-01-18,CUST0467,Navjot Patel,Desk,Furniture,West,10,14932.27,149322.7,32598.09
ORD03210,2025-03-26,CUST0098,Priya Sharma,Refrigerator,Home Appliances,West,2,22860.83,45721.66,7439.11
ORD03211,2026-08-29,CUST0242,Isha Malhotra,Microwave,Home Appliances,North,10,14745.24,147452.4,18145.48
ORD03212,2026-07-19,CUST0337,Manpreet Patel,Television,Home Appliances,Central,7,58646.25,410523.75,81104.23
ORD03213,2024-05-12,CUST0370,Isha Singh,Table,Furniture,Central,9,5092.34,45831.06,9208.51
ORD03214,2025-10-24,CUST0164,Rahul Kumar,Webcam,Accessories,South,7,2401.18,16808.26,1375.5
ORD03215,2025-01-20,CUST0087,Sahil Verma,Headphones,Accessories,Central,6,9105.12,54630.72,10626.46
ORD03216,2025-06-12,CUST0388,Manpreet Sharma,Refrigerator,Home Appliances,South,8,52147.26,417178.08,45266.79
ORD03217,2026-05-13,CUST0051,Priya Sharma,Speaker,Accessories,Central,7,10947.22,76630.54,10005.73
ORD03218,2026-03-28,CUST0110,Isha Patel,Monitor,Technology,North,9,10491.36,94422.24,22157.56
ORD03219,2026-04-21,CUST0240,Sahil Singh,Desk,Furniture,East,7,20357.73,142504.11,30590.75
ORD03220,2026-08-13,CUST0289,Harpreet Singh,Microwave,Home Appliances,West,10,17834.29,178342.9,38735.21
ORD03221,2025-04-30,CUST0476,Neha Singh,Table,Furniture,North,3,8337.94,25013.82,2351.62
ORD03222,2026-04-27,CUST0231,Arjun Gupta,Smartphone,Technology,Central,4,71873.24,287492.96,41486.75
ORD03223,2026-01-01,CUST0029,Simran Patel,Keyboard,Technology,Central,5,2128.71,10643.55,2390.37
ORD03224,2025-04-22,CUST0322,Anjali Sharma,Headphones,Accessories,West,9,8382.09,75438.81,8005.08
ORD03225,2024-11-17,CUST0298,Anjali Kumar,Washing Machine,Home Appliances,East,8,21671.27,173370.16,23256.54
ORD03226,2026-02-05,CUST0104,Manpreet Singh,Mouse,Technology,South,1,1851.97,1851.97,404.84
ORD03227,2024-02-29,CUST0237,Isha Malhotra,Monitor,Technology,Central,6,23746.01,142476.06,21203.64
ORD03228,2025-10-04,CUST0298,Anjali Kumar,Washing Machine,Home Appliances,West,10,44516.24,445162.4,90110.27
ORD03229,2025-02-24,CUST0086,Rohit Kaur,Speaker,Accessories,South,9,8324.63,74921.67,11413.96
ORD03230,2024-06-03,CUST0269,Karan Mehta,Smartphone,Technology,South,8,77163.94,617311.52,80076.87
ORD03231,2026-05-20,CUST0304,Neha Kaur,Headphones,Accessories,East,10,2984.47,29844.7,1658.51
ORD03232,2026-08-08,CUST0378,Arjun Malhotra,Mouse,Technology,Central,9,2696.23,24266.07,1697.5
ORD03233,2024-01-28,CUST0332,Anjali Singh,Headphones,Accessories,West,3,6618.18,19854.54,4230.92
ORD03234,2024-05-01,CUST0004,Rahul Kaur,Power Bank,Accessories,North,10,3804.13,38041.3,2180.89
ORD03235,2024-05-27,CUST0233,Isha Gupta,Table,Furniture,West,3,17026.19,51078.57,8575.88
ORD03236,2026-05-19,CUST0284,Neha Malhotra,Table,Furniture,West,9,11872.52,106852.68,19506.03
ORD03237,2024-02-15,CUST0339,Arjun Kapoor,Microwave,Home Appliances,West,4,23505.08,94020.32,18124.26
ORD03238,2026-03-12,CUST0252,Sahil Kapoor,Microwave,Home Appliances,South,7,15709.62,109967.34,24462.28
ORD03239,2025-05-13,CUST0499,Mehak Mehta,Desk,Furniture,West,8,11440.58,91524.64,4819.13
ORD03240,2024-12-03,CUST0121,Aman Kaur,Smartphone,Technology,East,4,68790.5,275162.0,19269.6
ORD03241,2025-10-21,CUST0324,Isha Kaur,Monitor,Technology,North,1,19879.41,19879.41,2415.25
ORD03242,2024-11-14,CUST0269,Karan Mehta,Speaker,Accessories,East,5,8473.81,42369.05,4350.52
ORD03243,2026-06-28,CUST0261,Karan Patel,Chair,Furniture,West,5,14634.16,73170.8,4593.54
ORD03244,2026-03-23,CUST0487,Anjali Gupta,Laptop,Technology,East,4,85152.56,340610.24,83638.68
ORD03245,2025-10-04,CUST0436,Neha Sharma,Smartphone,Technology,West,8,38041.74,304333.92,22145.21
ORD03246,2025-04-06,CUST0420,Neha Kapoor,Laptop,Technology,Central,8,74966.76,599734.08,135340.96
ORD03247,2025-10-04,CUST0229,Rahul Malhotra,Smartphone,Technology,East,5,26248.45,131242.25,27673.65
ORD03248,2024-10-27,CUST0183,Mehak Patel,Webcam,Accessories,North,8,3738.94,29911.52,4932.44
ORD03249,2026-04-13,CUST0469,Priya Kumar,Sofa,Furniture,North,7,47653.32,333573.24,80309.68
ORD03250,2024-08-11,CUST0034,Aman Kumar,Speaker,Accessories,West,10,14158.03,141580.3,16120.28
ORD03251,2025-12-24,CUST0260,Neha Patel,Chair,Furniture,South,8,6615.87,52926.96,6521.15
ORD03252,2025-07-26,CUST0308,Rahul Sharma,Sofa,Furniture,South,9,25508.46,229576.14,29546.58
ORD03253,2025-01-12,CUST0364,Arjun Malhotra,Smartphone,Technology,East,2,49545.44,99090.88,11522.82
ORD03254,2026-05-25,CUST0329,Neha Kapoor,Table,Furniture,East,5,10665.98,53329.9,3631.45
ORD03255,2025-02-02,CUST0036,Simran Kumar,Washing Machine,Home Appliances,North,10,45952.3,459523.0,62758.02
ORD03256,2025-12-27,CUST0485,Mehak Verma,Speaker,Accessories,East,7,5548.53,38839.71,8518.01
ORD03257,2024-10-17,CUST0200,Rahul Kapoor,Chair,Furniture,North,10,6489.9,64899.0,7875.32
ORD03258,2024-03-06,CUST0472,Manpreet Patel,Webcam,Accessories,West,10,7796.15,77961.5,5689.7
ORD03259,2025-11-11,CUST0002,Aman Verma,Television,Home Appliances,North,3,95605.89,286817.67,18753.43
ORD03260,2026-02-20,CUST0208,Isha Kaur,Monitor,Technology,East,2,32063.49,64126.98,6129.6
ORD03261,2024-09-18,CUST0429,Arjun Gupta,Microwave,Home Appliances,Central,1,13345.48,13345.48,2549.61
ORD03262,2026-01-06,CUST0105,Rahul Kapoor,Power Bank,Accessories,South,3,2008.77,6026.31,1014.22
ORD03263,2026-02-28,CUST0275,Isha Patel,Webcam,Accessories,North,4,7147.72,28590.88,6982.43
ORD03264,2026-02-06,CUST0416,Harpreet Gupta,Sofa,Furniture,North,6,58278.44,349670.64,85266.8
ORD03265,2025-04-08,CUST0295,Manpreet Mehta,Speaker,Accessories,West,4,3073.76,12295.04,1636.76
ORD03266,2024-11-16,CUST0064,Karan Mehta,Power Bank,Accessories,West,2,2538.22,5076.44,255.34
ORD03267,2026-05-19,CUST0469,Priya Kumar,Desk,Furniture,South,1,7651.82,7651.82,588.31
ORD03268,2026-07-10,CUST0069,Sahil Kaur,Desk,Furniture,South,9,16888.09,151992.81,8803.97
ORD03269,2025-09-24,CUST0372,Aman Malhotra,Power Bank,Accessories,North,7,3125.65,21879.55,3230.39
ORD03270,2024-11-07,CUST0049,Priya Gupta,Power Bank,Accessories,East,6,3379.93,20279.58,1621.23
ORD03271,2024-08-04,CUST0417,Aman Malhotra,Headphones,Accessories,South,1,4017.83,4017.83,696.52
ORD03272,2025-03-20,CUST0398,Rahul Mehta,Television,Home Appliances,East,7,53923.3,377463.1,87417.86
ORD03273,2026-02-08,CUST0072,Mehak Kaur,Headphones,Accessories,South,7,2210.48,15473.36,1535.99
ORD03274,2025-10-20,CUST0195,Rohit Verma,Chair,Furniture,West,6,9378.95,56273.7,11086.64
ORD03275,2025-05-12,CUST0458,Rohit Patel,Washing Machine,Home Appliances,West,3,48297.69,144893.07,25772.38
ORD03276,2026-08-07,CUST0193,Simran Kaur,Television,Home Appliances,Central,1,40383.6,40383.6,2231.81
ORD03277,2026-01-16,CUST0166,Aman Mehta,Smartphone,Technology,South,6,62006.58,372039.48,44144.35
ORD03278,2025-02-12,CUST0426,Manpreet Kapoor,Washing Machine,Home Appliances,West,5,66118.7,330593.5,74383.86
ORD03279,2024-09-03,CUST0073,Karan Malhotra,Table,Furniture,South,5,19316.57,96582.85,13885.18
ORD03280,2025-05-08,CUST0034,Aman Kumar,Washing Machine,Home Appliances,East,2,32351.65,64703.3,8072.27
ORD03281,2026-03-11,CUST0298,Anjali Kumar,Table,Furniture,Central,2,13939.95,27879.9,2847.73
ORD03282,2024-01-09,CUST0235,Harpreet Kaur,Webcam,Accessories,East,3,3316.08,9948.24,2238.05
ORD03283,2025-03-11,CUST0008,Aman Kaur,Washing Machine,Home Appliances,North,8,30680.73,245445.84,44211.25
ORD03284,2024-03-02,CUST0264,Rahul Mehta,Chair,Furniture,North,6,11078.75,66472.5,9998.11
ORD03285,2024-11-28,CUST0371,Mehak Patel,Speaker,Accessories,North,4,2657.95,10631.8,1769.76
ORD03286,2024-06-23,CUST0481,Rohit Verma,Monitor,Technology,North,8,14178.68,113429.44,17805.26
ORD03287,2024-04-09,CUST0484,Simran Sharma,Keyboard,Technology,North,2,4153.41,8306.82,1327.09
ORD03288,2025-04-10,CUST0315,Anjali Malhotra,Webcam,Accessories,North,3,5097.58,15292.74,1776.0
ORD03289,2024-09-07,CUST0209,Navjot Patel,Smartphone,Technology,North,10,70460.74,704607.4,127751.76
ORD03290,2024-02-04,CUST0191,Aman Kapoor,Refrigerator,Home Appliances,North,4,69471.01,277884.04,14574.32
ORD03291,2024-12-09,CUST0095,Anjali Sharma,Chair,Furniture,East,9,4405.25,39647.25,5405.8
ORD03292,2026-01-28,CUST0466,Neha Kaur,Monitor,Technology,North,3,32718.84,98156.52,8209.8
ORD03293,2024-04-15,CUST0050,Sahil Sharma,Refrigerator,Home Appliances,East,7,21911.59,153381.13,22405.9
ORD03294,2024-04-07,CUST0039,Anjali Gupta,Washing Machine,Home Appliances,West,10,56403.84,564038.4,44183.1
ORD03295,2024-05-18,CUST0218,Aman Sharma,Table,Furniture,South,9,26220.11,235980.99,18437.17
ORD03296,2025-08-24,CUST0143,Priya Kumar,Laptop,Technology,South,4,99472.83,397891.32,89052.93
ORD03297,2024-04-07,CUST0095,Anjali Sharma,Chair,Furniture,Central,3,6841.7,20525.1,3715.1
ORD03298,2024-11-10,CUST0388,Manpreet Sharma,Laptop,Technology,South,4,46832.31,187329.24,18958.69
ORD03299,2025-06-13,CUST0115,Anjali Kaur,Smartphone,Technology,West,3,25947.74,77843.22,9553.19
ORD03300,2026-05-02,CUST0490,Simran Kaur,Smartphone,Technology,West,10,21082.67,210826.7,21258.2
ORD03301,2025-02-13,CUST0348,Simran Malhotra,Washing Machine,Home Appliances,East,5,24564.5,122822.5,10702.03
ORD03302,2025-08-20,CUST0396,Anjali Verma,Microwave,Home Appliances,Central,1,14135.74,14135.74,1196.63
ORD03303,2025-08-20,CUST0221,Rahul Kapoor,Speaker,Accessories,East,1,5112.91,5112.91,1001.81
ORD03304,2026-06-06,CUST0127,Priya Verma,Power Bank,Accessories,South,8,3473.96,27791.68,4864.11
ORD03305,2026-05-04,CUST0142,Manpreet Kaur,Refrigerator,Home Appliances,North,4,63528.13,254112.52,30809.18
ORD03306,2024-12-06,CUST0172,Rahul Sharma,Sofa,Furniture,Central,7,59182.64,414278.48,51447.28
ORD03307,2025-01-13,CUST0434,Mehak Mehta,Monitor,Technology,South,7,21173.98,148217.86,35881.8
ORD03308,2024-09-29,CUST0447,Navjot Malhotra,Mouse,Technology,West,7,2790.31,19532.17,2149.11
ORD03309,2024-06-12,CUST0401,Arjun Kaur,Refrigerator,Home Appliances,East,10,37444.95,374449.5,70993.32
ORD03310,2024-11-21,CUST0450,Navjot Kapoor,Webcam,Accessories,South,7,9352.33,65466.31,8959.75
ORD03311,2024-12-13,CUST0174,Sahil Singh,Sofa,Furniture,South,10,20727.68,207276.8,33224.16
ORD03312,2025-08-29,CUST0079,Manpreet Verma,Refrigerator,Home Appliances,South,7,81420.08,569940.56,84790.53
ORD03313,2026-06-03,CUST0153,Simran Kumar,Monitor,Technology,West,3,20820.17,62460.51,11129.88
ORD03314,2024-10-20,CUST0487,Anjali Gupta,Table,Furniture,West,4,13099.54,52398.16,12472.71
ORD03315,2026-03-14,CUST0281,Navjot Verma,Microwave,Home Appliances,North,10,10680.67,106806.7,5898.6
ORD03316,2025-09-22,CUST0202,Navjot Verma,Desk,Furniture,Central,10,15875.64,158756.4,28224.2
ORD03317,2025-05-27,CUST0386,Aman Gupta,Keyboard,Technology,North,4,1203.96,4815.84,889.79
ORD03318,2024-01-24,CUST0052,Manpreet Gupta,Speaker,Accessories,West,2,10877.62,21755.24,1214.93
ORD03319,2024-06-19,CUST0413,Neha Patel,Sofa,Furniture,North,1,20885.94,20885.94,3013.97
ORD03320,2025-07-21,CUST0483,Harpreet Kapoor,Monitor,Technology,North,7,22480.25,157361.75,33502.89
ORD03321,2024-05-14,CUST0285,Navjot Verma,Sofa,Furniture,North,10,47936.2,479362.0,43910.18
ORD03322,2025-03-28,CUST0147,Arjun Kapoor,Speaker,Accessories,West,5,9494.07,47470.35,9807.35
ORD03323,2025-10-10,CUST0095,Anjali Sharma,Washing Machine,Home Appliances,South,10,61593.09,615930.9,152935.03
ORD03324,2024-07-14,CUST0199,Neha Verma,Washing Machine,Home Appliances,Central,4,57033.94,228135.76,53254.24
ORD03325,2025-08-25,CUST0056,Isha Gupta,Speaker,Accessories,East,10,11598.69,115986.9,25762.42
ORD03326,2025-11-11,CUST0006,Simran Mehta,Sofa,Furniture,North,5,51929.67,259648.35,39239.47
ORD03327,2025-08-03,CUST0342,Neha Gupta,Smartphone,Technology,West,7,54942.18,384595.26,74504.2
ORD03328,2026-06-29,CUST0046,Rahul Kapoor,Power Bank,Accessories,Central,1,4956.21,4956.21,655.9
ORD03329,2025-02-02,CUST0115,Anjali Kaur,Desk,Furniture,North,2,8634.15,17268.3,976.91
ORD03330,2024-10-05,CUST0087,Sahil Verma,Television,Home Appliances,Central,4,24655.03,98620.12,16128.07
ORD03331,2024-08-08,CUST0018,Neha Verma,Smartphone,Technology,West,5,25849.5,129247.5,31589.71
ORD03332,2024-10-07,CUST0470,Navjot Kapoor,Power Bank,Accessories,Central,4,3558.52,14234.08,3436.1
ORD03333,2025-12-08,CUST0407,Navjot Kumar,Monitor,Technology,East,10,9230.94,92309.4,14686.34
ORD03334,2024-02-08,CUST0046,Rahul Kapoor,Laptop,Technology,North,8,91898.51,735188.08,125054.82
ORD03335,2025-12-28,CUST0129,Priya Patel,Laptop,Technology,Central,5,64027.4,320137.0,53036.58
ORD03336,2026-08-02,CUST0340,Simran Verma,Laptop,Technology,South,5,42853.64,214268.2,38832.13
ORD03337,2026-08-06,CUST0458,Rohit Patel,Smartphone,Technology,North,7,47074.58,329522.06,72706.79
ORD03338,2024-10-25,CUST0207,Arjun Kaur,Laptop,Technology,South,10,92570.26,925702.6,53608.46
ORD03339,2024-09-24,CUST0063,Navjot Mehta,Desk,Furniture,South,6,14540.83,87244.98,9638.19
ORD03340,2025-05-04,CUST0031,Isha Gupta,Desk,Furniture,Central,7,8147.12,57029.84,3551.63
ORD03341,2026-07-31,CUST0344,Simran Singh,Keyboard,Technology,Central,10,4316.8,43168.0,3019.08
ORD03342,2025-12-19,CUST0196,Rahul Gupta,Laptop,Technology,North,8,59435.53,475484.24,33177.58
ORD03343,2024-04-10,CUST0405,Karan Kumar,Headphones,Accessories,Central,3,3236.06,9708.18,2005.11
ORD03344,2025-11-16,CUST0350,Rohit Kapoor,Television,Home Appliances,North,5,99690.5,498452.5,115263.37
ORD03345,2025-04-15,CUST0083,Anjali Sharma,Monitor,Technology,East,3,10484.42,31453.26,6859.22
ORD03346,2025-09-14,CUST0163,Harpreet Kapoor,Sofa,Furniture,South,2,57024.9,114049.8,23325.63
ORD03347,2024-10-28,CUST0497,Priya Kaur,Power Bank,Accessories,West,6,4366.36,26198.16,3881.83
ORD03348,2025-10-14,CUST0097,Isha Verma,Smartphone,Technology,West,2,48787.54,97575.08,5610.75
ORD03349,2024-06-22,CUST0155,Anjali Kapoor,Keyboard,Technology,South,10,1312.88,13128.8,3278.93
ORD03350,2024-08-31,CUST0329,Neha Kapoor,Chair,Furniture,North,1,6528.56,6528.56,425.84
ORD03351,2025-03-19,CUST0472,Manpreet Patel,Refrigerator,Home Appliances,South,7,43204.74,302433.18,51220.81
ORD03352,2024-11-26,CUST0199,Neha Verma,Keyboard,Technology,South,6,3101.04,18606.24,2184.88
ORD03353,2025-01-07,CUST0388,Manpreet Sharma,Webcam,Accessories,East,1,9094.08,9094.08,707.39
ORD03354,2024-10-09,CUST0250,Sahil Kapoor,Keyboard,Technology,Central,10,3251.75,32517.5,6209.46
ORD03355,2026-08-30,CUST0270,Rohit Kaur,Microwave,Home Appliances,Central,5,13418.11,67090.55,10153.26
ORD03356,2025-12-18,CUST0114,Anjali Patel,Laptop,Technology,East,10,62154.65,621546.5,154194.36
ORD03357,2025-01-07,CUST0222,Rohit Malhotra,Webcam,Accessories,Central,7,9482.18,66375.26,6082.72
ORD03358,2025-02-03,CUST0152,Sahil Sharma,Table,Furniture,West,2,16206.37,32412.74,4574.64
ORD03359,2024-01-09,CUST0069,Sahil Kaur,Microwave,Home Appliances,West,5,12972.21,64861.05,8208.58
ORD03360,2024-08-15,CUST0012,Priya Patel,Laptop,Technology,North,5,57643.62,288218.1,20822.7
ORD03361,2025-12-18,CUST0420,Neha Kapoor,Power Bank,Accessories,Central,5,4416.81,22084.05,1283.19
ORD03362,2025-09-05,CUST0228,Mehak Patel,Laptop,Technology,North,7,40205.82,281440.74,37103.91
ORD03363,2025-04-28,CUST0345,Rahul Kumar,Television,Home Appliances,West,9,56298.23,506684.07,39594.18
ORD03364,2024-05-26,CUST0087,Sahil Verma,Chair,Furniture,Central,3,3582.29,10746.87,838.27
ORD03365,2024-10-11,CUST0076,Rohit Sharma,Table,Furniture,West,5,18901.66,94508.3,4974.37
ORD03366,2024-10-31,CUST0168,Aman Gupta,Table,Furniture,North,10,13947.9,139479.0,23461.91
ORD03367,2025-09-11,CUST0001,Harpreet Kaur,Television,Home Appliances,North,9,18316.17,164845.53,17077.22
ORD03368,2024-01-31,CUST0117,Simran Gupta,Television,Home Appliances,East,4,74885.14,299540.56,35766.9
ORD03369,2025-06-27,CUST0100,Simran Kaur,Microwave,Home Appliances,Central,3,23625.27,70875.81,14404.0
ORD03370,2025-07-23,CUST0068,Simran Sharma,Keyboard,Technology,North,6,2014.93,12089.58,2917.22
ORD03371,2024-03-15,CUST0307,Priya Kumar,Speaker,Accessories,North,9,1894.34,17049.06,911.08
ORD03372,2024-03-20,CUST0459,Neha Malhotra,Television,Home Appliances,Central,6,67875.07,407250.42,40121.07
ORD03373,2025-07-23,CUST0171,Rohit Patel,Chair,Furniture,West,5,14087.85,70439.25,7578.01
ORD03374,2024-06-28,CUST0410,Manpreet Kaur,Webcam,Accessories,North,3,7728.49,23185.47,3712.47
ORD03375,2026-07-23,CUST0329,Neha Kapoor,Chair,Furniture,Central,6,7011.84,42071.04,6291.49
ORD03376,2025-11-14,CUST0329,Neha Kapoor,Smartphone,Technology,South,10,42526.14,425261.4,87017.75
ORD03377,2025-02-16,CUST0050,Sahil Sharma,Sofa,Furniture,Central,4,26276.15,105104.6,22534.83
ORD03378,2024-12-18,CUST0295,Manpreet Mehta,Monitor,Technology,West,9,29986.67,269880.03,30937.04
ORD03379,2024-10-11,CUST0402,Mehak Sharma,Washing Machine,Home Appliances,South,1,54289.38,54289.38,8629.09
ORD03380,2024-02-20,CUST0295,Manpreet Mehta,Keyboard,Technology,East,7,3331.52,23320.64,3807.97
ORD03381,2025-02-01,CUST0184,Neha Verma,Sofa,Furniture,East,2,15664.77,31329.54,6127.35
ORD03382,2026-07-04,CUST0216,Simran Malhotra,Speaker,Accessories,North,5,4652.63,23263.15,2890.47
ORD03383,2024-08-16,CUST0043,Navjot Kaur,Webcam,Accessories,West,7,2723.16,19062.12,1308.55
ORD03384,2025-01-01,CUST0340,Simran Verma,Monitor,Technology,South,9,23869.14,214822.26,13258.24
ORD03385,2025-09-22,CUST0326,Manpreet Kapoor,Mouse,Technology,Central,8,1200.88,9607.04,1869.31
ORD03386,2025-05-25,CUST0083,Anjali Sharma,Webcam,Accessories,South,8,3789.5,30316.0,6207.94
ORD03387,2024-05-24,CUST0166,Aman Mehta,Mouse,Technology,East,3,1204.96,3614.88,354.54
ORD03388,2025-04-10,CUST0090,Rahul Gupta,Desk,Furniture,South,1,14757.96,14757.96,1546.36
ORD03389,2024-12-01,CUST0158,Rahul Malhotra,Monitor,Technology,Central,7,17234.22,120639.54,20517.23
ORD03390,2025-01-28,CUST0174,Sahil Singh,Microwave,Home Appliances,South,10,11353.98,113539.8,26753.76
ORD03391,2025-04-08,CUST0428,Sahil Mehta,Power Bank,Accessories,North,5,862.77,4313.85,357.65
ORD03392,2025-11-22,CUST0123,Priya Kaur,Table,Furniture,Central,10,21428.97,214289.7,44779.19
ORD03393,2025-07-04,CUST0150,Simran Sharma,Refrigerator,Home Appliances,South,2,85164.22,170328.44,19490.97
ORD03394,2024-05-23,CUST0269,Karan Mehta,Speaker,Accessories,Central,1,2122.22,2122.22,493.05
ORD03395,2025-03-29,CUST0223,Rohit Sharma,Speaker,Accessories,South,10,13715.08,137150.8,23318.22
ORD03396,2024-05-14,CUST0051,Priya Sharma,Webcam,Accessories,North,10,9585.87,95858.7,7454.64
ORD03397,2025-01-02,CUST0155,Anjali Kapoor,Keyboard,Technology,South,3,2748.85,8246.55,1905.24
ORD03398,2026-05-04,CUST0303,Harpreet Mehta,Sofa,Furniture,North,4,32210.24,128840.96,18677.79
ORD03399,2024-05-04,CUST0203,Mehak Patel,Table,Furniture,South,1,25485.17,25485.17,6224.38
ORD03400,2024-06-03,CUST0301,Harpreet Kaur,Chair,Furniture,North,6,5926.91,35561.46,1832.05
ORD03401,2024-09-06,CUST0215,Arjun Sharma,Mouse,Technology,South,10,621.87,6218.7,608.64
ORD03402,2024-01-03,CUST0192,Mehak Mehta,Sofa,Furniture,North,2,42188.79,84377.58,14406.68
ORD03403,2025-01-20,CUST0331,Karan Patel,Smartphone,Technology,South,6,59611.32,357667.92,48663.36
ORD03404,2024-03-06,CUST0095,Anjali Sharma,Microwave,Home Appliances,Central,5,19595.3,97976.5,18615.81
ORD03405,2025-04-05,CUST0379,Neha Kumar,Washing Machine,Home Appliances,Central,5,68431.03,342155.15,17275.92
ORD03406,2024-08-10,CUST0319,Manpreet Malhotra,Table,Furniture,South,6,5011.76,30070.56,5875.52
ORD03407,2026-03-11,CUST0381,Neha Malhotra,Chair,Furniture,Central,8,14510.85,116086.8,16611.4
ORD03408,2024-10-21,CUST0394,Anjali Kaur,Monitor,Technology,South,5,16950.44,84752.2,11714.32
ORD03409,2025-09-21,CUST0228,Mehak Patel,Laptop,Technology,North,6,76896.32,461377.92,41137.54
ORD03410,2025-12-29,CUST0472,Manpreet Patel,Keyboard,Technology,West,7,4890.95,34236.65,8348.24
ORD03411,2026-02-16,CUST0175,Simran Mehta,Monitor,Technology,West,8,12773.47,102187.76,18355.02
ORD03412,2026-04-21,CUST0035,Manpreet Verma,Chair,Furniture,East,3,12188.8,36566.4,5878.23
ORD03413,2024-05-15,CUST0245,Manpreet Malhotra,Keyboard,Technology,South,10,3581.16,35811.6,2219.42
ORD03414,2025-03-28,CUST0036,Simran Kumar,Keyboard,Technology,North,9,2809.53,25285.77,4701.9
ORD03415,2024-07-22,CUST0198,Isha Kumar,Power Bank,Accessories,West,4,1658.89,6635.56,511.58
ORD03416,2025-10-13,CUST0064,Karan Mehta,Refrigerator,Home Appliances,Central,3,25012.86,75038.58,9433.11
ORD03417,2024-10-19,CUST0369,Sahil Kapoor,Washing Machine,Home Appliances,South,8,39532.42,316259.36,21112.72
ORD03418,2024-09-07,CUST0311,Sahil Kaur,Refrigerator,Home Appliances,West,1,21510.14,21510.14,5114.94
ORD03419,2025-12-14,CUST0426,Manpreet Kapoor,Refrigerator,Home Appliances,South,9,59885.83,538972.47,87809.32
ORD03420,2025-09-05,CUST0448,Anjali Patel,Chair,Furniture,Central,5,4693.33,23466.65,3225.98
ORD03421,2026-02-12,CUST0436,Neha Sharma,Power Bank,Accessories,Central,3,3372.94,10118.82,2470.81
ORD03422,2025-11-30,CUST0366,Karan Gupta,Television,Home Appliances,West,9,56725.54,510529.86,46121.82
ORD03423,2026-07-30,CUST0212,Priya Gupta,Television,Home Appliances,Central,6,90002.7,540016.2,123719.52
ORD03424,2024-02-01,CUST0072,Mehak Kaur,Laptop,Technology,West,5,45901.71,229508.55,42105.59
ORD03425,2025-03-17,CUST0412,Manpreet Sharma,Refrigerator,Home Appliances,West,7,69023.05,483161.35,52455.58
ORD03426,2024-10-13,CUST0444,Rohit Sharma,Desk,Furniture,East,3,5335.89,16007.67,2362.26
ORD03427,2026-05-04,CUST0483,Harpreet Kapoor,Refrigerator,Home Appliances,East,4,87356.53,349426.12,51645.81
ORD03428,2025-02-24,CUST0345,Rahul Kumar,Webcam,Accessories,East,7,9407.99,65855.93,11374.57
ORD03429,2026-04-13,CUST0271,Karan Mehta,Webcam,Accessories,Central,3,6503.78,19511.34,1618.22
ORD03430,2024-11-18,CUST0148,Priya Kaur,Television,Home Appliances,North,7,16842.82,117899.74,20643.64
ORD03431,2025-06-30,CUST0491,Karan Kapoor,Speaker,Accessories,East,7,14604.38,102230.66,11797.23
ORD03432,2026-02-23,CUST0440,Manpreet Verma,Smartphone,Technology,South,1,67289.64,67289.64,15024.0
ORD03433,2024-08-24,CUST0385,Navjot Patel,Power Bank,Accessories,East,3,3786.04,11358.12,1924.69
ORD03434,2026-06-17,CUST0360,Rohit Patel,Mouse,Technology,East,4,1602.12,6408.48,650.33
ORD03435,2026-06-08,CUST0444,Rohit Sharma,Chair,Furniture,East,2,3702.88,7405.76,816.35
ORD03436,2025-05-20,CUST0462,Navjot Kapoor,Smartphone,Technology,West,4,20314.1,81256.4,8819.69
ORD03437,2025-04-19,CUST0282,Rohit Verma,Monitor,Technology,South,8,32589.11,260712.88,50736.79
ORD03438,2024-07-27,CUST0192,Mehak Mehta,Mouse,Technology,South,1,1228.27,1228.27,174.16
ORD03439,2026-08-27,CUST0333,Navjot Kapoor,Chair,Furniture,South,9,5803.86,52234.74,9722.29
ORD03440,2026-08-06,CUST0397,Manpreet Gupta,Table,Furniture,Central,3,16117.68,48353.04,9123.4
ORD03441,2026-02-23,CUST0358,Arjun Malhotra,Washing Machine,Home Appliances,West,7,21329.63,149307.41,22044.87
ORD03442,2026-05-19,CUST0007,Karan Sharma,Speaker,Accessories,Central,4,6994.45,27977.8,5152.96
ORD03443,2026-04-25,CUST0219,Neha Singh,Chair,Furniture,South,3,3466.71,10400.13,2357.25
ORD03444,2026-04-16,CUST0014,Anjali Mehta,Mouse,Technology,East,5,1230.44,6152.2,463.26
ORD03445,2025-04-07,CUST0396,Anjali Verma,Table,Furniture,Central,4,29821.28,119285.12,16052.43
ORD03446,2025-05-25,CUST0196,Rahul Gupta,Mouse,Technology,North,9,915.96,8243.64,1410.08
ORD03447,2024-09-16,CUST0358,Arjun Malhotra,Sofa,Furniture,Central,6,15392.72,92356.32,16441.55
ORD03448,2025-07-29,CUST0470,Navjot Kapoor,Microwave,Home Appliances,East,10,22657.45,226574.5,17359.27
ORD03449,2024-07-11,CUST0470,Navjot Kapoor,Webcam,Accessories,South,1,6330.2,6330.2,460.49
ORD03450,2026-04-24,CUST0134,Priya Kaur,Television,Home Appliances,North,4,92188.23,368752.92,46035.15
ORD03451,2026-03-16,CUST0040,Rahul Gupta,Monitor,Technology,Central,2,15877.88,31755.76,4605.81
ORD03452,2026-01-21,CUST0367,Harpreet Malhotra,Mouse,Technology,Central,4,2694.44,10777.76,2590.24
ORD03453,2024-03-03,CUST0296,Mehak Gupta,Monitor,Technology,East,2,14892.58,29785.16,1854.13
ORD03454,2025-12-04,CUST0124,Isha Sharma,Monitor,Technology,South,9,18953.01,170577.09,20125.72
ORD03455,2025-10-23,CUST0427,Anjali Malhotra,Refrigerator,Home Appliances,South,2,56570.85,113141.7,11867.22
ORD03456,2024-02-13,CUST0245,Manpreet Malhotra,Microwave,Home Appliances,Central,9,12074.66,108671.94,6518.98
ORD03457,2025-01-25,CUST0328,Rohit Mehta,Laptop,Technology,East,9,95330.46,857974.14,202721.6
ORD03458,2024-02-06,CUST0230,Rahul Sharma,Keyboard,Technology,North,8,4331.34,34650.72,5536.6
ORD03459,2025-09-12,CUST0493,Harpreet Sharma,Smartphone,Technology,Central,2,72200.41,144400.82,18910.69
ORD03460,2025-01-09,CUST0356,Karan Kapoor,Sofa,Furniture,Central,7,46577.7,326043.9,22393.27
ORD03461,2024-04-25,CUST0476,Neha Singh,Power Bank,Accessories,North,9,4920.0,44280.0,10873.1
ORD03462,2025-06-17,CUST0292,Rohit Sharma,Power Bank,Accessories,South,10,2641.87,26418.7,5208.94
ORD03463,2026-01-06,CUST0340,Simran Verma,Table,Furniture,East,8,15345.58,122764.64,27494.0
ORD03464,2024-07-13,CUST0443,Navjot Verma,Monitor,Technology,East,9,34180.46,307624.14,28140.19
ORD03465,2024-06-02,CUST0183,Mehak Patel,Mouse,Technology,Central,6,1369.44,8216.64,1133.46
ORD03466,2025-08-30,CUST0190,Isha Kaur,Desk,Furniture,Central,4,23988.96,95955.84,15899.93
ORD03467,2026-07-16,CUST0084,Navjot Verma,Refrigerator,Home Appliances,West,3,47152.74,141458.22,9739.8
ORD03468,2026-08-09,CUST0172,Rahul Sharma,Laptop,Technology,West,9,80879.17,727912.53,154955.68
ORD03469,2026-03-18,CUST0220,Harpreet Verma,Speaker,Accessories,Central,4,1558.06,6232.24,319.66
ORD03470,2026-02-11,CUST0175,Simran Mehta,Table,Furniture,West,8,27523.75,220190.0,18882.15
ORD03471,2025-12-28,CUST0221,Rahul Kapoor,Desk,Furniture,North,6,10649.77,63898.62,13559.37
ORD03472,2025-03-12,CUST0085,Rohit Singh,Refrigerator,Home Appliances,North,6,81235.15,487410.9,116334.05
ORD03473,2026-08-21,CUST0496,Arjun Kaur,Chair,Furniture,North,8,12449.29,99594.32,21277.02
ORD03474,2026-02-22,CUST0275,Isha Patel,Speaker,Accessories,South,1,13461.01,13461.01,2393.12
ORD03475,2026-02-03,CUST0285,Navjot Verma,Sofa,Furniture,North,8,50701.12,405608.96,57262.29
ORD03476,2026-08-01,CUST0062,Rohit Verma,Refrigerator,Home Appliances,West,8,42332.76,338662.08,61126.69
ORD03477,2024-05-29,CUST0102,Sahil Kaur,Mouse,Technology,North,8,653.7,5229.6,1210.55
ORD03478,2025-05-15,CUST0025,Manpreet Sharma,Desk,Furniture,South,5,6957.06,34785.3,6436.22
ORD03479,2025-12-09,CUST0455,Navjot Kumar,Monitor,Technology,West,8,27949.2,223593.6,49135.42
ORD03480,2025-11-25,CUST0241,Manpreet Singh,Mouse,Technology,Central,7,2585.55,18098.85,4288.25
ORD03481,2026-03-01,CUST0299,Rohit Kapoor,Headphones,Accessories,West,10,5138.18,51381.8,7034.19
ORD03482,2025-11-28,CUST0207,Arjun Kaur,Power Bank,Accessories,West,10,2043.18,20431.8,3511.82
ORD03483,2025-09-21,CUST0269,Karan Mehta,Table,Furniture,East,5,12189.3,60946.5,3243.3
ORD03484,2025-01-08,CUST0078,Harpreet Patel,Desk,Furniture,South,7,23844.5,166911.5,31117.34
ORD03485,2024-03-31,CUST0400,Manpreet Singh,Speaker,Accessories,Central,3,14422.04,43266.12,3263.86
ORD03486,2025-01-05,CUST0039,Anjali Gupta,Refrigerator,Home Appliances,East,1,88885.2,88885.2,12597.78
ORD03487,2026-03-18,CUST0245,Manpreet Malhotra,Sofa,Furniture,Central,2,17253.1,34506.2,4034.29
ORD03488,2025-02-10,CUST0059,Rahul Verma,Monitor,Technology,South,2,9002.83,18005.66,1058.22
ORD03489,2025-07-27,CUST0215,Arjun Sharma,Laptop,Technology,Central,3,70235.16,210705.48,27447.58
ORD03490,2026-06-03,CUST0368,Navjot Singh,Desk,Furniture,Central,6,21738.61,130431.66,22117.91
ORD03491,2024-07-30,CUST0471,Arjun Mehta,Table,Furniture,East,9,12966.11,116694.99,17513.44
ORD03492,2025-04-28,CUST0252,Sahil Kapoor,Mouse,Technology,Central,5,967.23,4836.15,793.57
ORD03493,2025-10-10,CUST0047,Karan Verma,Microwave,Home Appliances,West,9,10606.85,95461.65,22416.82
ORD03494,2024-04-03,CUST0437,Anjali Gupta,Refrigerator,Home Appliances,West,1,76861.91,76861.91,17318.47
ORD03495,2024-05-25,CUST0355,Sahil Mehta,Sofa,Furniture,East,3,34047.72,102143.16,21014.53
ORD03496,2026-01-07,CUST0202,Navjot Verma,Washing Machine,Home Appliances,West,10,62632.19,626321.9,144259.69
ORD03497,2026-01-22,CUST0343,Isha Patel,Desk,Furniture,South,1,4054.89,4054.89,761.68
ORD03498,2024-11-23,CUST0011,Aman Patel,Headphones,Accessories,North,7,1949.97,13649.79,2838.91
ORD03499,2024-05-26,CUST0302,Arjun Patel,Mouse,Technology,West,5,2414.23,12071.15,1106.86
ORD03500,2026-06-19,CUST0450,Navjot Kapoor,Keyboard,Technology,South,4,4808.31,19233.24,3768.3
ORD03501,2025-12-30,CUST0121,Aman Kaur,Microwave,Home Appliances,South,4,22055.3,88221.2,11140.39
ORD03502,2025-08-26,CUST0416,Harpreet Gupta,Laptop,Technology,North,1,94424.47,94424.47,18363.33
ORD03503,2024-01-04,CUST0270,Rohit Kaur,Chair,Furniture,East,9,9189.58,82706.22,6020.32
ORD03504,2024-10-12,CUST0438,Rahul Kapoor,Smartphone,Technology,North,4,46870.91,187483.64,21970.17
ORD03505,2024-09-25,CUST0172,Rahul Sharma,Chair,Furniture,South,4,10081.29,40325.16,2414.42
ORD03506,2025-02-07,CUST0325,Anjali Singh,Power Bank,Accessories,South,4,2583.73,10334.92,2108.97
ORD03507,2024-05-20,CUST0274,Aman Patel,Mouse,Technology,West,2,2472.17,4944.34,385.99
ORD03508,2025-04-14,CUST0267,Karan Gupta,Monitor,Technology,East,10,31032.34,310323.4,34327.96
ORD03509,2026-04-28,CUST0394,Anjali Kaur,Headphones,Accessories,North,4,10589.96,42359.84,2741.95
ORD03510,2025-09-19,CUST0019,Rahul Kumar,Refrigerator,Home Appliances,West,4,67204.02,268816.08,13890.64
ORD03511,2024-04-06,CUST0255,Priya Sharma,Sofa,Furniture,Central,5,42843.02,214215.1,52642.59
ORD03512,2025-04-30,CUST0300,Manpreet Singh,Monitor,Technology,West,7,11778.13,82446.91,14121.57
ORD03513,2025-05-12,CUST0376,Rahul Kapoor,Television,Home Appliances,West,2,79384.79,158769.58,20815.84
ORD03514,2024-05-08,CUST0246,Manpreet Kumar,Mouse,Technology,Central,7,1738.1,12166.7,2724.69
ORD03515,2026-07-16,CUST0278,Simran Gupta,Sofa,Furniture,East,7,56707.66,396953.62,63095.54
ORD03516,2025-02-15,CUST0013,Karan Kumar,Keyboard,Technology,South,3,4492.21,13476.63,1913.39
ORD03517,2026-04-30,CUST0304,Neha Kaur,Table,Furniture,Central,7,15627.86,109395.02,15180.82
ORD03518,2026-04-16,CUST0006,Simran Mehta,Sofa,Furniture,East,2,43961.16,87922.32,21094.36
ORD03519,2026-04-07,CUST0087,Sahil Verma,Chair,Furniture,East,10,8029.39,80293.9,13388.72
ORD03520,2025-04-21,CUST0290,Mehak Mehta,Smartphone,Technology,South,10,32642.12,326421.2,47436.91
ORD03521,2024-07-11,CUST0223,Rohit Sharma,Microwave,Home Appliances,Central,1,13223.46,13223.46,2113.23
ORD03522,2026-08-21,CUST0190,Isha Kaur,Monitor,Technology,East,2,8791.81,17583.62,4109.14
ORD03523,2025-07-18,CUST0064,Karan Mehta,Headphones,Accessories,Central,7,10811.36,75679.52,8773.7
ORD03524,2024-12-25,CUST0097,Isha Verma,Smartphone,Technology,North,6,51316.19,307897.14,68809.01
ORD03525,2024-02-10,CUST0274,Aman Patel,Headphones,Accessories,North,5,8131.16,40655.8,6306.38
ORD03526,2024-10-03,CUST0447,Navjot Malhotra,Television,Home Appliances,Central,10,15370.84,153708.4,13330.69
ORD03527,2025-04-19,CUST0361,Manpreet Mehta,Sofa,Furniture,North,8,40253.02,322024.16,38615.9
ORD03528,2024-05-06,CUST0321,Manpreet Patel,Chair,Furniture,North,10,12061.24,120612.4,10762.89
ORD03529,2025-02-04,CUST0375,Simran Malhotra,Desk,Furniture,North,2,17306.02,34612.04,6186.87
ORD03530,2025-10-20,CUST0253,Neha Verma,Refrigerator,Home Appliances,Central,1,60013.45,60013.45,7819.75
ORD03531,2024-08-03,CUST0177,Karan Kaur,Table,Furniture,North,4,9051.27,36205.08,4765.13
ORD03532,2025-05-25,CUST0325,Anjali Singh,Keyboard,Technology,South,1,1506.22,1506.22,79.42
ORD03533,2025-03-09,CUST0011,Aman Patel,Desk,Furniture,South,7,20495.42,143467.94,25858.9
ORD03534,2025-12-15,CUST0133,Manpreet Malhotra,Webcam,Accessories,East,5,3533.35,17666.75,4395.99
ORD03535,2025-02-21,CUST0254,Sahil Kumar,Monitor,Technology,West,10,16237.04,162370.4,20052.05
ORD03536,2025-01-05,CUST0131,Mehak Kapoor,Keyboard,Technology,East,8,3079.55,24636.4,5119.37
ORD03537,2025-11-02,CUST0130,Rahul Mehta,Refrigerator,Home Appliances,West,2,37807.01,75614.02,8025.48
ORD03538,2026-02-04,CUST0459,Neha Malhotra,Webcam,Accessories,East,9,9383.57,84452.13,7577.5
ORD03539,2026-08-07,CUST0260,Neha Patel,Desk,Furniture,East,4,15792.85,63171.4,11514.26
ORD03540,2025-02-05,CUST0336,Sahil Verma,Speaker,Accessories,East,8,13038.13,104305.04,9717.77
ORD03541,2025-06-21,CUST0266,Simran Mehta,Refrigerator,Home Appliances,West,8,30798.02,246384.16,35615.43
ORD03542,2025-09-16,CUST0003,Priya Kumar,Refrigerator,Home Appliances,Central,7,31134.77,217943.39,44523.81
ORD03543,2025-12-08,CUST0112,Navjot Verma,Washing Machine,Home Appliances,East,7,30680.46,214763.22,53554.08
ORD03544,2024-03-02,CUST0444,Rohit Sharma,Monitor,Technology,East,5,8642.04,43210.2,4918.42
ORD03545,2024-06-18,CUST0370,Isha Singh,Mouse,Technology,North,5,937.17,4685.85,610.0
ORD03546,2025-08-03,CUST0027,Rohit Kaur,Speaker,Accessories,North,10,5284.92,52849.2,10659.55
ORD03547,2026-05-14,CUST0357,Aman Gupta,Power Bank,Accessories,Central,8,1754.56,14036.48,3248.0
ORD03548,2026-08-05,CUST0162,Navjot Patel,Washing Machine,Home Appliances,North,1,52681.62,52681.62,5180.6
ORD03549,2024-02-09,CUST0033,Navjot Kaur,Speaker,Accessories,South,6,6023.61,36141.66,2601.76
ORD03550,2025-07-29,CUST0353,Karan Mehta,Monitor,Technology,North,1,34796.34,34796.34,6318.55
ORD03551,2025-04-20,CUST0160,Arjun Kapoor,Desk,Furniture,Central,2,8766.49,17532.98,1365.01
ORD03552,2026-02-15,CUST0136,Neha Malhotra,Table,Furniture,East,10,23764.92,237649.2,52685.52
ORD03553,2025-08-12,CUST0097,Isha Verma,Laptop,Technology,North,4,46700.52,186802.08,33879.19
ORD03554,2024-06-01,CUST0141,Navjot Gupta,Sofa,Furniture,Central,8,31108.64,248869.12,53114.4
ORD03555,2024-02-22,CUST0223,Rohit Sharma,Speaker,Accessories,Central,6,12382.68,74296.08,5364.32
ORD03556,2024-12-24,CUST0187,Karan Singh,Speaker,Accessories,East,9,8635.15,77716.35,14997.89
ORD03557,2026-03-28,CUST0150,Simran Sharma,Television,Home Appliances,Central,7,37061.25,259428.75,63653.39
ORD03558,2025-11-12,CUST0422,Karan Singh,Mouse,Technology,East,2,1080.38,2160.76,141.92
ORD03559,2025-12-16,CUST0177,Karan Kaur,Washing Machine,Home Appliances,North,4,57301.54,229206.16,43028.31
ORD03560,2025-03-01,CUST0473,Mehak Verma,Speaker,Accessories,West,9,7897.74,71079.66,15569.3
ORD03561,2024-05-23,CUST0103,Manpreet Patel,Sofa,Furniture,North,2,26258.09,52516.18,13104.76
ORD03562,2026-02-19,CUST0342,Neha Gupta,Microwave,Home Appliances,South,7,13116.48,91815.36,17796.42
ORD03563,2024-01-30,CUST0390,Priya Kumar,Webcam,Accessories,Central,3,9005.25,27015.75,5420.75
ORD03564,2024-01-15,CUST0132,Priya Kapoor,Mouse,Technology,Central,8,2939.27,23514.16,3020.42
ORD03565,2025-03-17,CUST0319,Manpreet Malhotra,Keyboard,Technology,South,2,3198.28,6396.56,1091.9
ORD03566,2026-08-21,CUST0011,Aman Patel,Desk,Furniture,North,7,23946.23,167623.61,33348.1
ORD03567,2025-07-06,CUST0160,Arjun Kapoor,Television,Home Appliances,South,10,75543.54,755435.4,161890.72
ORD03568,2026-02-17,CUST0470,Navjot Kapoor,Sofa,Furniture,South,2,34832.09,69664.18,16686.56
ORD03569,2024-04-02,CUST0144,Priya Patel,Chair,Furniture,East,6,6011.49,36068.94,7936.67
ORD03570,2025-02-14,CUST0333,Navjot Kapoor,Chair,Furniture,East,10,3888.25,38882.5,8289.05
ORD03571,2024-09-18,CUST0188,Harpreet Verma,Smartphone,Technology,South,4,48708.39,194833.56,13913.73
ORD03572,2025-09-16,CUST0242,Isha Malhotra,Washing Machine,Home Appliances,North,8,40961.3,327690.4,28496.31
ORD03573,2024-07-17,CUST0057,Priya Kapoor,Washing Machine,Home Appliances,North,5,48704.44,243522.2,42797.12
ORD03574,2026-07-26,CUST0267,Karan Gupta,Desk,Furniture,North,10,9223.36,92233.6,11483.31
ORD03575,2024-05-01,CUST0454,Priya Malhotra,Smartphone,Technology,North,10,56513.07,565130.7,82939.6
ORD03576,2025-11-20,CUST0165,Arjun Kumar,Keyboard,Technology,West,10,1417.72,14177.2,1034.06
ORD03577,2026-07-20,CUST0310,Anjali Mehta,Sofa,Furniture,West,6,55646.25,333877.5,70708.43
ORD03578,2024-03-26,CUST0110,Isha Patel,Chair,Furniture,North,3,12944.09,38832.27,7264.03
ORD03579,2025-08-30,CUST0375,Simran Malhotra,Speaker,Accessories,Central,3,12571.31,37713.93,3067.88
ORD03580,2025-04-16,CUST0127,Priya Verma,Headphones,Accessories,West,8,9655.31,77242.48,7227.29
ORD03581,2025-06-10,CUST0399,Mehak Kaur,Headphones,Accessories,West,6,9501.64,57009.84,4411.52
ORD03582,2026-01-28,CUST0250,Sahil Kapoor,Keyboard,Technology,Central,6,3502.57,21015.42,4625.25
ORD03583,2024-11-21,CUST0431,Sahil Kaur,Monitor,Technology,North,1,31311.5,31311.5,3158.05
ORD03584,2025-06-17,CUST0006,Simran Mehta,Chair,Furniture,South,7,3702.12,25914.84,5143.58
ORD03585,2026-06-20,CUST0287,Priya Malhotra,Headphones,Accessories,North,5,10757.6,53788.0,9552.22
ORD03586,2025-10-26,CUST0088,Sahil Patel,Microwave,Home Appliances,North,7,14599.19,102194.33,6075.06
ORD03587,2025-12-02,CUST0140,Aman Malhotra,Mouse,Technology,West,4,2452.18,9808.72,1026.27
ORD03588,2024-05-29,CUST0348,Simran Malhotra,Washing Machine,Home Appliances,South,9,50522.55,454702.95,87392.4
ORD03589,2025-11-11,CUST0404,Mehak Malhotra,Headphones,Accessories,South,4,1491.19,5964.76,1288.51
ORD03590,2024-09-07,CUST0229,Rahul Malhotra,Chair,Furniture,East,6,2630.09,15780.54,1105.04
ORD03591,2024-04-10,CUST0193,Simran Kaur,Laptop,Technology,South,3,72729.52,218188.56,17406.96
ORD03592,2025-07-17,CUST0275,Isha Patel,Desk,Furniture,South,3,20717.98,62153.94,3499.59
ORD03593,2026-05-11,CUST0351,Karan Sharma,Keyboard,Technology,North,7,2996.48,20975.36,1981.18
ORD03594,2025-04-22,CUST0122,Navjot Sharma,Keyboard,Technology,Central,7,4959.5,34716.5,5903.42
ORD03595,2024-01-24,CUST0304,Neha Kaur,Microwave,Home Appliances,East,3,14139.8,42419.4,2512.7
ORD03596,2025-04-30,CUST0067,Rohit Kapoor,Monitor,Technology,North,2,26866.23,53732.46,11074.73
ORD03597,2026-03-24,CUST0234,Priya Kumar,Keyboard,Technology,North,9,1814.07,16326.63,2008.78
ORD03598,2025-01-15,CUST0407,Navjot Kumar,Television,Home Appliances,North,8,30325.79,242606.32,12441.81
ORD03599,2025-10-20,CUST0392,Mehak Singh,Mouse,Technology,East,10,2383.69,23836.9,2454.4
ORD03600,2025-02-08,CUST0186,Priya Verma,Washing Machine,Home Appliances,East,8,39856.42,318851.36,24983.16
ORD03601,2024-03-21,CUST0174,Sahil Singh,Headphones,Accessories,South,8,7600.44,60803.52,8242.36
ORD03602,2026-02-07,CUST0225,Isha Singh,Headphones,Accessories,South,9,8569.08,77121.72,11575.6
ORD03603,2026-01-29,CUST0434,Mehak Mehta,Speaker,Accessories,West,7,9392.83,65749.81,4688.64
ORD03604,2025-05-21,CUST0392,Mehak Singh,Power Bank,Accessories,South,1,3084.39,3084.39,383.86
ORD03605,2024-10-20,CUST0235,Harpreet Kaur,Smartphone,Technology,North,9,48112.94,433016.46,63032.25
ORD03606,2024-03-11,CUST0085,Rohit Singh,Table,Furniture,East,5,22184.76,110923.8,20348.24
ORD03607,2024-08-11,CUST0153,Simran Kumar,Power Bank,Accessories,North,7,1538.82,10771.74,979.78
ORD03608,2025-12-01,CUST0152,Sahil Sharma,Laptop,Technology,East,7,88332.16,618325.12,127268.04
ORD03609,2025-09-07,CUST0090,Rahul Gupta,Monitor,Technology,West,9,13010.36,117093.24,11165.17
ORD03610,2024-01-28,CUST0273,Aman Malhotra,Speaker,Accessories,East,7,13476.86,94338.02,9658.93
ORD03611,2025-06-06,CUST0199,Neha Verma,Microwave,Home Appliances,West,10,16234.31,162343.1,20698.72
ORD03612,2024-08-24,CUST0475,Arjun Kumar,Smartphone,Technology,North,9,36418.31,327764.79,67480.85
ORD03613,2024-08-21,CUST0015,Arjun Sharma,Refrigerator,Home Appliances,West,10,54049.49,540494.9,126533.54
ORD03614,2026-02-03,CUST0374,Harpreet Sharma,Chair,Furniture,South,10,11951.6,119516.0,29294.08
ORD03615,2025-09-04,CUST0400,Manpreet Singh,Smartphone,Technology,South,1,43778.8,43778.8,5545.04
ORD03616,2026-08-17,CUST0144,Priya Patel,Laptop,Technology,South,1,94470.57,94470.57,11848.88
ORD03617,2024-06-09,CUST0297,Anjali Kapoor,Laptop,Technology,East,3,72592.97,217778.91,16476.39
ORD03618,2025-04-02,CUST0246,Manpreet Kumar,Mouse,Technology,Central,2,981.45,1962.9,308.75
ORD03619,2025-04-03,CUST0396,Anjali Verma,Headphones,Accessories,Central,8,10327.81,82622.48,9661.31
ORD03620,2025-10-01,CUST0314,Priya Malhotra,Microwave,Home Appliances,Central,10,22993.41,229934.1,39746.43
ORD03621,2024-05-07,CUST0030,Arjun Mehta,Refrigerator,Home Appliances,North,3,85090.09,255270.27,18198.5
ORD03622,2024-04-07,CUST0143,Priya Kumar,Webcam,Accessories,Central,6,9896.68,59380.08,9106.34
ORD03623,2026-03-31,CUST0318,Isha Kaur,Laptop,Technology,East,8,65960.11,527680.88,48679.54
ORD03624,2024-06-21,CUST0209,Navjot Patel,Chair,Furniture,Central,4,14910.99,59643.96,12872.25
ORD03625,2026-02-10,CUST0237,Isha Malhotra,Washing Machine,Home Appliances,West,3,41328.83,123986.49,24669.5
ORD03626,2025-07-28,CUST0053,Karan Verma,Webcam,Accessories,Central,4,6674.82,26699.28,3940.83
ORD03627,2025-12-07,CUST0037,Sahil Kaur,Mouse,Technology,Central,4,2597.95,10391.8,1611.88
ORD03628,2024-04-26,CUST0332,Anjali Singh,Keyboard,Technology,South,3,3027.69,9083.07,1721.6
ORD03629,2026-03-25,CUST0330,Mehak Patel,Keyboard,Technology,South,8,1122.81,8982.48,1074.41
ORD03630,2024-05-03,CUST0059,Rahul Verma,Speaker,Accessories,South,4,12333.42,49333.68,6626.42
ORD03631,2024-02-16,CUST0040,Rahul Gupta,Webcam,Accessories,East,1,3775.97,3775.97,758.45
ORD03632,2026-02-06,CUST0353,Karan Mehta,Smartphone,Technology,East,3,43335.51,130006.53,22136.9
ORD03633,2026-04-20,CUST0191,Aman Kapoor,Refrigerator,Home Appliances,South,7,43922.25,307455.75,70948.82
ORD03634,2024-08-11,CUST0349,Karan Gupta,Smartphone,Technology,Central,5,43728.04,218640.2,54624.65
ORD03635,2026-04-08,CUST0324,Isha Kaur,Table,Furniture,East,6,27769.4,166616.4,11857.8
ORD03636,2026-05-13,CUST0036,Simran Kumar,Desk,Furniture,East,2,15710.68,31421.36,5526.08
ORD03637,2024-07-05,CUST0427,Anjali Malhotra,Power Bank,Accessories,South,2,4571.73,9143.46,1954.69
ORD03638,2025-09-04,CUST0208,Isha Kaur,Laptop,Technology,East,7,81772.81,572409.67,55325.8
ORD03639,2024-08-27,CUST0184,Neha Verma,Television,Home Appliances,North,9,85109.24,765983.16,76857.08
ORD03640,2026-07-05,CUST0161,Arjun Malhotra,Speaker,Accessories,West,10,11975.74,119757.4,11792.79
ORD03641,2025-08-24,CUST0307,Priya Kumar,Webcam,Accessories,West,10,8088.95,80889.5,4790.95
ORD03642,2024-05-18,CUST0357,Aman Gupta,Washing Machine,Home Appliances,East,10,63860.32,638603.2,100692.31
ORD03643,2024-06-29,CUST0469,Priya Kumar,Mouse,Technology,North,10,2963.18,29631.8,5069.12
ORD03644,2025-06-04,CUST0236,Neha Patel,Speaker,Accessories,North,2,5936.4,11872.8,1587.48
ORD03645,2025-03-15,CUST0035,Manpreet Verma,Table,Furniture,West,8,29074.78,232598.24,20566.78
ORD03646,2024-01-12,CUST0015,Arjun Sharma,Speaker,Accessories,South,4,3133.82,12535.28,2398.28
ORD03647,2025-09-23,CUST0157,Isha Sharma,Table,Furniture,Central,5,21158.48,105792.4,7279.74
ORD03648,2024-08-28,CUST0451,Harpreet Kapoor,Chair,Furniture,West,4,7353.33,29413.32,2557.94
ORD03649,2026-03-20,CUST0161,Arjun Malhotra,Television,Home Appliances,East,9,23002.29,207020.61,14486.39
ORD03650,2024-10-04,CUST0149,Anjali Patel,Refrigerator,Home Appliances,South,9,40757.16,366814.44,82358.29
ORD03651,2026-02-11,CUST0343,Isha Patel,Smartphone,Technology,East,4,58518.91,234075.64,49554.27
ORD03652,2026-01-23,CUST0004,Rahul Kaur,Microwave,Home Appliances,Central,2,13815.7,27631.4,2033.76
ORD03653,2026-04-01,CUST0219,Neha Singh,Monitor,Technology,Central,5,19246.27,96231.35,4966.78
ORD03654,2025-09-26,CUST0146,Karan Singh,Monitor,Technology,North,4,21364.81,85459.24,14886.95
ORD03655,2024-05-17,CUST0460,Navjot Patel,Sofa,Furniture,East,5,16751.91,83759.55,18105.77
ORD03656,2026-07-20,CUST0430,Sahil Kumar,Television,Home Appliances,South,10,73172.06,731720.6,44752.4
ORD03657,2024-11-23,CUST0198,Isha Kumar,Laptop,Technology,Central,4,41629.68,166518.72,18926.72
ORD03658,2025-01-26,CUST0137,Karan Kapoor,Table,Furniture,West,3,5880.82,17642.46,1735.53
ORD03659,2024-08-25,CUST0222,Rohit Malhotra,Speaker,Accessories,Central,10,11967.46,119674.6,14288.53
ORD03660,2025-07-08,CUST0197,Isha Kaur,Mouse,Technology,South,2,1125.12,2250.24,393.84
ORD03661,2025-10-31,CUST0312,Anjali Malhotra,Mouse,Technology,South,5,2482.62,12413.1,935.49
ORD03662,2024-07-11,CUST0151,Harpreet Patel,Keyboard,Technology,East,3,2583.49,7750.47,1181.77
ORD03663,2024-08-23,CUST0210,Rahul Verma,Table,Furniture,South,9,25148.84,226339.56,35707.24
ORD03664,2026-07-13,CUST0132,Priya Kapoor,Sofa,Furniture,Central,9,31691.72,285225.48,36009.66
ORD03665,2024-06-28,CUST0131,Mehak Kapoor,Mouse,Technology,East,6,1586.64,9519.84,2021.89
ORD03666,2024-12-17,CUST0128,Harpreet Kapoor,Sofa,Furniture,North,3,57469.95,172409.85,27740.23
ORD03667,2024-12-21,CUST0231,Arjun Gupta,Refrigerator,Home Appliances,South,1,43801.81,43801.81,7250.23
ORD03668,2026-06-05,CUST0499,Mehak Mehta,Washing Machine,Home Appliances,North,8,63715.17,509721.36,111478.92
ORD03669,2024-04-08,CUST0128,Harpreet Kapoor,Power Bank,Accessories,West,4,1990.19,7960.76,911.85
ORD03670,2025-06-19,CUST0208,Isha Kaur,Television,Home Appliances,South,2,36982.21,73964.42,15570.51
ORD03671,2025-07-17,CUST0003,Priya Kumar,Mouse,Technology,Central,6,2495.42,14972.52,1569.03
ORD03672,2025-09-17,CUST0487,Anjali Gupta,Speaker,Accessories,West,5,14116.58,70582.9,13969.37
ORD03673,2025-08-16,CUST0342,Neha Gupta,Power Bank,Accessories,East,10,2604.74,26047.4,4109.73
ORD03674,2026-05-25,CUST0234,Priya Kumar,Keyboard,Technology,North,8,3743.34,29946.72,5691.55
ORD03675,2026-07-18,CUST0447,Navjot Malhotra,Headphones,Accessories,North,5,1935.04,9675.2,1685.86
ORD03676,2026-08-31,CUST0042,Harpreet Verma,Smartphone,Technology,West,5,65889.46,329447.3,68928.13
ORD03677,2026-01-15,CUST0053,Karan Verma,Microwave,Home Appliances,East,6,15128.25,90769.5,12141.9
ORD03678,2024-01-21,CUST0001,Harpreet Kaur,Television,Home Appliances,North,9,61139.66,550256.94,73996.08
ORD03679,2025-12-11,CUST0197,Isha Kaur,Webcam,Accessories,South,3,3716.46,11149.38,1013.28
ORD03680,2026-08-06,CUST0497,Priya Kaur,Microwave,Home Appliances,East,6,16934.19,101605.14,5459.17
ORD03681,2025-08-13,CUST0166,Aman Mehta,Monitor,Technology,South,7,29101.58,203711.06,45096.42
ORD03682,2026-03-25,CUST0249,Karan Sharma,Washing Machine,Home Appliances,Central,5,20369.18,101845.9,23449.84
ORD03683,2026-07-10,CUST0223,Rohit Sharma,Keyboard,Technology,East,9,4292.04,38628.36,6472.78
ORD03684,2024-12-04,CUST0411,Manpreet Mehta,Headphones,Accessories,North,1,4307.29,4307.29,942.85
ORD03685,2024-06-25,CUST0442,Isha Mehta,Desk,Furniture,West,8,22297.16,178377.28,24181.99
ORD03686,2024-10-21,CUST0448,Anjali Patel,Television,Home Appliances,Central,4,68480.73,273922.92,42036.31
ORD03687,2024-12-25,CUST0126,Simran Patel,Headphones,Accessories,South,4,8382.91,33531.64,3843.24
ORD03688,2025-08-14,CUST0010,Rohit Mehta,Laptop,Technology,West,3,86186.83,258560.49,35643.85
ORD03689,2024-01-02,CUST0308,Rahul Sharma,Television,Home Appliances,East,10,97181.23,971812.3,174638.97
ORD03690,2025-06-20,CUST0330,Mehak Patel,Refrigerator,Home Appliances,West,8,83458.59,667668.72,94764.42
ORD03691,2024-05-30,CUST0389,Manpreet Sharma,Headphones,Accessories,North,7,10806.87,75648.09,8738.08
ORD03692,2024-08-04,CUST0485,Mehak Verma,Sofa,Furniture,Central,5,24703.44,123517.2,22974.27
ORD03693,2025-07-04,CUST0133,Manpreet Malhotra,Power Bank,Accessories,North,4,3938.28,15753.12,1520.58
ORD03694,2024-03-31,CUST0346,Karan Singh,Table,Furniture,West,8,10558.76,84470.08,15705.14
ORD03695,2024-11-04,CUST0366,Karan Gupta,Keyboard,Technology,East,2,4507.74,9015.48,2048.15
ORD03696,2025-02-27,CUST0444,Rohit Sharma,Microwave,Home Appliances,South,7,14769.47,103386.29,8747.71
ORD03697,2025-06-05,CUST0199,Neha Verma,Sofa,Furniture,Central,6,35002.33,210013.98,39760.7
ORD03698,2026-05-29,CUST0462,Navjot Kapoor,Power Bank,Accessories,East,8,1912.86,15302.88,3722.24
ORD03699,2025-12-30,CUST0314,Priya Malhotra,Washing Machine,Home Appliances,East,5,51803.29,259016.45,56429.88
ORD03700,2026-06-18,CUST0071,Manpreet Malhotra,Refrigerator,Home Appliances,North,8,51228.76,409830.08,85016.09
ORD03701,2024-10-15,CUST0493,Harpreet Sharma,Sofa,Furniture,North,7,32518.2,227627.4,36765.13
ORD03702,2024-12-29,CUST0136,Neha Malhotra,Chair,Furniture,North,8,14457.87,115662.96,15527.76
ORD03703,2026-02-11,CUST0158,Rahul Malhotra,Webcam,Accessories,West,2,3197.63,6395.26,417.01
ORD03704,2024-02-03,CUST0393,Priya Singh,Table,Furniture,North,10,6484.87,64848.7,3997.13
ORD03705,2026-01-13,CUST0293,Arjun Verma,Television,Home Appliances,Central,6,82686.24,496117.44,64339.29
ORD03706,2026-03-30,CUST0077,Harpreet Kaur,Desk,Furniture,East,6,19169.38,115016.28,11367.43
ORD03707,2026-06-04,CUST0336,Sahil Verma,Webcam,Accessories,South,3,3591.02,10773.06,2507.51
ORD03708,2024-02-07,CUST0483,Harpreet Kapoor,Power Bank,Accessories,East,1,4932.18,4932.18,1096.62
ORD03709,2024-09-08,CUST0239,Isha Kumar,Mouse,Technology,East,2,2342.16,4684.32,290.36
ORD03710,2025-09-04,CUST0300,Manpreet Singh,Microwave,Home Appliances,Central,10,7478.14,74781.4,14050.45
ORD03711,2025-11-30,CUST0291,Arjun Malhotra,Webcam,Accessories,East,2,9945.76,19891.52,3173.17
ORD03712,2024-03-19,CUST0258,Arjun Kaur,Sofa,Furniture,East,5,50439.99,252199.95,32876.43
ORD03713,2026-02-21,CUST0374,Harpreet Sharma,Microwave,Home Appliances,West,2,14524.87,29049.74,4419.78
ORD03714,2025-02-25,CUST0262,Neha Sharma,Headphones,Accessories,West,8,4087.31,32698.48,6429.03
ORD03715,2025-12-30,CUST0344,Simran Singh,Speaker,Accessories,South,1,11060.29,11060.29,2190.76
ORD03716,2025-06-23,CUST0189,Anjali Gupta,Webcam,Accessories,Central,10,9812.58,98125.8,12264.3
ORD03717,2024-07-03,CUST0035,Manpreet Verma,Refrigerator,Home Appliances,Central,4,69096.85,276387.4,14018.86
ORD03718,2024-11-19,CUST0361,Manpreet Mehta,Sofa,Furniture,East,5,34026.59,170132.95,37611.82
ORD03719,2024-06-08,CUST0430,Sahil Kumar,Speaker,Accessories,North,7,9912.41,69386.87,5894.21
ORD03720,2025-01-20,CUST0130,Rahul Mehta,Monitor,Technology,North,2,9815.28,19630.56,3069.96
ORD03721,2025-08-27,CUST0158,Rahul Malhotra,Webcam,Accessories,North,4,5334.07,21336.28,1976.65
ORD03722,2024-11-05,CUST0130,Rahul Mehta,Webcam,Accessories,South,8,2925.11,23400.88,2570.5
ORD03723,2026-08-10,CUST0002,Aman Verma,Desk,Furniture,South,5,16719.86,83599.3,5903.98
ORD03724,2025-07-04,CUST0470,Navjot Kapoor,Sofa,Furniture,West,6,44031.29,264187.74,65630.16
ORD03725,2024-07-27,CUST0212,Priya Gupta,Microwave,Home Appliances,East,2,15102.25,30204.5,2741.28
ORD03726,2024-09-30,CUST0040,Rahul Gupta,Chair,Furniture,West,9,3837.61,34538.49,4309.63
ORD03727,2026-03-05,CUST0396,Anjali Verma,Television,Home Appliances,Central,10,44687.25,446872.5,105968.22
ORD03728,2026-06-16,CUST0187,Karan Singh,Chair,Furniture,Central,10,8356.47,83564.7,9657.88
ORD03729,2025-07-21,CUST0414,Karan Gupta,Mouse,Technology,West,2,1806.29,3612.58,842.94
ORD03730,2024-07-01,CUST0170,Mehak Kapoor,Television,Home Appliances,South,6,47027.13,282162.78,56878.28
ORD03731,2025-08-08,CUST0276,Harpreet Kumar,Chair,Furniture,North,5,9638.76,48193.8,7542.27
ORD03732,2024-09-21,CUST0281,Navjot Verma,Laptop,Technology,West,9,99565.15,896086.35,56458.93
ORD03733,2024-06-09,CUST0097,Isha Verma,Refrigerator,Home Appliances,North,3,69250.42,207751.26,23341.13
ORD03734,2026-05-17,CUST0353,Karan Mehta,Microwave,Home Appliances,North,4,20146.69,80586.76,19793.32
ORD03735,2026-07-15,CUST0431,Sahil Kaur,Smartphone,Technology,South,6,14432.0,86592.0,7009.41
ORD03736,2024-09-12,CUST0152,Sahil Sharma,Laptop,Technology,North,7,57743.38,404203.66,27333.96
ORD03737,2024-11-24,CUST0171,Rohit Patel,Washing Machine,Home Appliances,South,1,28180.41,28180.41,6776.09
ORD03738,2025-03-27,CUST0020,Manpreet Gupta,Chair,Furniture,Central,5,12510.08,62550.4,3255.91
ORD03739,2025-07-16,CUST0046,Rahul Kapoor,Laptop,Technology,East,7,76998.33,538988.31,65817.22
ORD03740,2026-03-30,CUST0340,Simran Verma,Washing Machine,Home Appliances,East,7,41744.16,292209.12,28483.43
ORD03741,2024-04-10,CUST0167,Navjot Patel,Television,Home Appliances,South,3,81562.26,244686.78,41481.06
ORD03742,2024-03-25,CUST0209,Navjot Patel,Washing Machine,Home Appliances,Central,7,25940.45,181583.15,20220.59
ORD03743,2026-02-05,CUST0470,Navjot Kapoor,Laptop,Technology,West,2,65161.06,130322.12,30435.9
ORD03744,2024-06-12,CUST0329,Neha Kapoor,Headphones,Accessories,East,9,1189.96,10709.64,1898.71
ORD03745,2026-08-05,CUST0069,Sahil Kaur,Keyboard,Technology,South,7,3049.3,21345.1,4585.9
ORD03746,2026-03-11,CUST0078,Harpreet Patel,Keyboard,Technology,West,7,2294.53,16061.71,1350.79
ORD03747,2025-05-23,CUST0428,Sahil Mehta,Speaker,Accessories,Central,4,1911.44,7645.76,1347.84
ORD03748,2025-11-08,CUST0410,Manpreet Kaur,Laptop,Technology,East,10,40667.35,406673.5,39072.75
ORD03749,2024-07-25,CUST0253,Neha Verma,Table,Furniture,South,8,18781.71,150253.68,8989.87
ORD03750,2024-09-30,CUST0075,Rohit Verma,Laptop,Technology,Central,8,97609.79,780878.32,181611.84
ORD03751,2026-08-19,CUST0174,Sahil Singh,Speaker,Accessories,North,4,4930.2,19720.8,3180.97
ORD03752,2026-04-10,CUST0075,Rohit Verma,Television,Home Appliances,North,3,40095.53,120286.59,27689.19
ORD03753,2026-04-05,CUST0170,Mehak Kapoor,Smartphone,Technology,West,9,73946.93,665522.37,86442.53
ORD03754,2025-03-04,CUST0023,Neha Gupta,Television,Home Appliances,East,3,29747.71,89243.13,9141.13
ORD03755,2025-09-13,CUST0434,Mehak Mehta,Microwave,Home Appliances,East,7,11006.31,77044.17,14524.21
ORD03756,2025-08-21,CUST0022,Karan Kaur,Monitor,Technology,Central,9,31506.87,283561.83,69305.48
ORD03757,2024-04-06,CUST0170,Mehak Kapoor,Power Bank,Accessories,West,5,4844.33,24221.65,2200.48
ORD03758,2025-05-18,CUST0169,Aman Sharma,Microwave,Home Appliances,Central,4,21299.92,85199.68,13032.54
ORD03759,2024-08-31,CUST0261,Karan Patel,Power Bank,Accessories,North,10,2259.9,22599.0,3947.78
ORD03760,2024-05-21,CUST0106,Rohit Singh,Headphones,Accessories,Central,3,5583.6,16750.8,3802.6
ORD03761,2024-01-10,CUST0012,Priya Patel,Laptop,Technology,East,4,87961.86,351847.44,56718.69
ORD03762,2025-09-22,CUST0247,Arjun Singh,Microwave,Home Appliances,North,2,23148.47,46296.94,9293.33
ORD03763,2025-06-17,CUST0110,Isha Patel,Smartphone,Technology,Central,5,33048.97,165244.85,36579.85
ORD03764,2024-03-16,CUST0409,Sahil Mehta,Refrigerator,Home Appliances,Central,10,59208.36,592083.6,63927.06
ORD03765,2025-01-05,CUST0365,Anjali Sharma,Monitor,Technology,South,10,20409.24,204092.4,40046.07
ORD03766,2024-04-05,CUST0158,Rahul Malhotra,Speaker,Accessories,West,10,9070.72,90707.2,11037.38
ORD03767,2024-05-09,CUST0243,Aman Singh,Chair,Furniture,West,6,12660.96,75965.76,14869.73
ORD03768,2025-02-17,CUST0253,Neha Verma,Mouse,Technology,Central,9,1139.62,10256.58,2070.06
ORD03769,2024-06-19,CUST0384,Anjali Sharma,Webcam,Accessories,East,3,4729.98,14189.94,2392.43
ORD03770,2026-07-11,CUST0397,Manpreet Gupta,Table,Furniture,North,3,18138.43,54415.29,10522.87
ORD03771,2024-02-12,CUST0390,Priya Kumar,Mouse,Technology,West,4,1045.83,4183.32,521.67
ORD03772,2026-05-01,CUST0460,Navjot Patel,Microwave,Home Appliances,West,5,16168.38,80841.9,15060.98
ORD03773,2024-10-12,CUST0249,Karan Sharma,Power Bank,Accessories,East,10,2910.0,29100.0,6978.7
ORD03774,2026-04-30,CUST0411,Manpreet Mehta,Sofa,Furniture,Central,5,58810.47,294052.35,48491.12
ORD03775,2024-03-24,CUST0244,Navjot Gupta,Refrigerator,Home Appliances,West,6,25554.46,153326.76,27174.97
ORD03776,2025-12-17,CUST0166,Aman Mehta,Washing Machine,Home Appliances,Central,3,49184.41,147553.23,34638.59
ORD03777,2024-03-06,CUST0251,Priya Kumar,Microwave,Home Appliances,East,2,24341.99,48683.98,11849.37
ORD03778,2026-05-09,CUST0498,Rohit Malhotra,Speaker,Accessories,North,6,7285.32,43711.92,8835.17
ORD03779,2025-02-20,CUST0405,Karan Kumar,Power Bank,Accessories,East,4,1880.12,7520.48,779.45
ORD03780,2024-04-24,CUST0404,Mehak Malhotra,Television,Home Appliances,Central,7,80237.77,561664.39,62982.86
ORD03781,2024-02-21,CUST0207,Arjun Kaur,Power Bank,Accessories,Central,1,1797.85,1797.85,418.37
ORD03782,2024-04-22,CUST0490,Simran Kaur,Desk,Furniture,West,3,19464.36,58393.08,3632.35
ORD03783,2025-10-29,CUST0402,Mehak Sharma,Chair,Furniture,South,6,3116.2,18697.2,3087.31
ORD03784,2026-03-21,CUST0089,Mehak Kumar,Refrigerator,Home Appliances,South,5,28837.69,144188.45,29106.59
ORD03785,2025-10-05,CUST0157,Isha Sharma,Sofa,Furniture,Central,9,32170.67,289536.03,17303.82
ORD03786,2026-04-03,CUST0393,Priya Singh,Microwave,Home Appliances,Central,1,18443.23,18443.23,4444.51
ORD03787,2024-11-03,CUST0498,Rohit Malhotra,Monitor,Technology,Central,4,8218.88,32875.52,2936.01
ORD03788,2025-01-18,CUST0003,Priya Kumar,Monitor,Technology,Central,8,31502.61,252020.88,50290.82
ORD03789,2024-10-06,CUST0205,Arjun Kaur,Power Bank,Accessories,West,6,1238.17,7429.02,856.26
ORD03790,2024-02-11,CUST0451,Harpreet Kapoor,Monitor,Technology,Central,3,14616.31,43848.93,10019.45
ORD03791,2024-05-21,CUST0456,Arjun Mehta,Power Bank,Accessories,West,7,4394.33,30760.31,5432.22
ORD03792,2026-05-23,CUST0070,Rahul Singh,Monitor,Technology,East,7,28233.44,197634.08,46451.08
ORD03793,2026-04-20,CUST0320,Priya Singh,Laptop,Technology,East,3,75958.05,227874.15,43779.06
ORD03794,2024-06-23,CUST0210,Rahul Verma,Speaker,Accessories,North,6,12340.76,74044.56,14629.18
ORD03795,2026-05-31,CUST0451,Harpreet Kapoor,Washing Machine,Home Appliances,North,4,55578.05,222312.2,35884.87
ORD03796,2024-04-01,CUST0345,Rahul Kumar,Power Bank,Accessories,South,6,2228.77,13372.62,2137.0
ORD03797,2025-05-04,CUST0198,Isha Kumar,Sofa,Furniture,Central,10,26691.97,266919.7,33139.71
ORD03798,2026-05-02,CUST0137,Karan Kapoor,Microwave,Home Appliances,North,9,6048.03,54432.27,9357.02
ORD03799,2026-08-18,CUST0426,Manpreet Kapoor,Webcam,Accessories,North,10,2198.58,21985.8,4163.97
ORD03800,2025-08-09,CUST0311,Sahil Kaur,Keyboard,Technology,East,6,2829.75,16978.5,1081.6
ORD03801,2025-11-19,CUST0154,Rahul Malhotra,Monitor,Technology,North,3,24308.41,72925.23,8591.37
ORD03802,2025-10-21,CUST0220,Harpreet Verma,Refrigerator,Home Appliances,East,4,56400.94,225603.76,34623.38
ORD03803,2026-03-09,CUST0340,Simran Verma,Webcam,Accessories,East,7,5239.79,36678.53,4405.13
ORD03804,2025-09-19,CUST0299,Rohit Kapoor,Keyboard,Technology,East,6,878.72,5272.32,583.11
ORD03805,2025-11-04,CUST0333,Navjot Kapoor,Desk,Furniture,West,7,8675.76,60730.32,9559.48
ORD03806,2026-01-13,CUST0053,Karan Verma,Microwave,Home Appliances,North,3,21213.36,63640.08,15283.16
ORD03807,2024-04-25,CUST0425,Mehak Patel,Television,Home Appliances,East,4,56384.54,225538.16,24739.65
ORD03808,2024-04-22,CUST0108,Sahil Mehta,Microwave,Home Appliances,North,1,14865.8,14865.8,2717.44
ORD03809,2025-09-21,CUST0487,Anjali Gupta,Washing Machine,Home Appliances,East,4,42041.87,168167.48,34188.44
ORD03810,2024-12-26,CUST0124,Isha Sharma,Monitor,Technology,East,8,26744.33,213954.64,16409.97
ORD03811,2025-10-25,CUST0240,Sahil Singh,Microwave,Home Appliances,West,4,10836.69,43346.76,5137.53
ORD03812,2025-09-26,CUST0159,Aman Malhotra,Keyboard,Technology,East,6,3042.66,18255.96,2620.07
ORD03813,2024-01-19,CUST0078,Harpreet Patel,Table,Furniture,Central,6,18410.17,110461.02,13244.68
ORD03814,2025-01-05,CUST0403,Isha Verma,Microwave,Home Appliances,Central,5,20189.91,100949.55,21862.93
ORD03815,2024-09-25,CUST0051,Priya Sharma,Power Bank,Accessories,North,9,986.11,8874.99,1816.56
ORD03816,2025-11-01,CUST0398,Rahul Mehta,Sofa,Furniture,East,4,22543.99,90175.96,17884.84
ORD03817,2026-04-06,CUST0228,Mehak Patel,Monitor,Technology,Central,2,8492.56,16985.12,1704.02
ORD03818,2025-05-15,CUST0500,Manpreet Mehta,Headphones,Accessories,South,8,3799.34,30394.72,5589.23
ORD03819,2024-02-12,CUST0499,Mehak Mehta,Television,Home Appliances,Central,6,62257.54,373545.24,61403.79
ORD03820,2025-02-16,CUST0365,Anjali Sharma,Sofa,Furniture,North,6,57247.35,343484.1,66215.81
ORD03821,2024-03-20,CUST0063,Navjot Mehta,Headphones,Accessories,West,7,3100.6,21704.2,1522.65
ORD03822,2026-08-20,CUST0179,Priya Mehta,Laptop,Technology,West,8,85478.71,683829.68,136725.54
ORD03823,2024-07-01,CUST0236,Neha Patel,Television,Home Appliances,Central,7,56554.9,395884.3,75275.75
ORD03824,2026-03-28,CUST0161,Arjun Malhotra,Television,Home Appliances,East,3,48818.82,146456.46,10540.24
ORD03825,2024-07-21,CUST0297,Anjali Kapoor,Sofa,Furniture,West,4,35032.63,140130.52,16898.08
ORD03826,2025-08-31,CUST0250,Sahil Kapoor,Desk,Furniture,West,6,22463.02,134778.12,25694.94
ORD03827,2024-08-07,CUST0024,Mehak Verma,Headphones,Accessories,East,3,5999.0,17997.0,2821.85
ORD03828,2026-02-10,CUST0399,Mehak Kaur,Smartphone,Technology,South,6,26133.88,156803.28,33564.46
ORD03829,2026-07-21,CUST0314,Priya Malhotra,Laptop,Technology,East,1,56326.3,56326.3,9616.04
ORD03830,2026-05-21,CUST0085,Rohit Singh,Webcam,Accessories,South,4,9792.44,39169.76,5344.43
ORD03831,2024-10-01,CUST0161,Arjun Malhotra,Power Bank,Accessories,Central,2,2654.84,5309.68,1275.06
ORD03832,2026-07-25,CUST0494,Rahul Singh,Smartphone,Technology,West,1,59251.56,59251.56,10833.47
ORD03833,2025-07-28,CUST0345,Rahul Kumar,Desk,Furniture,South,7,20257.77,141804.39,31012.08
ORD03834,2025-11-16,CUST0200,Rahul Kapoor,Mouse,Technology,West,6,935.27,5611.62,484.25
ORD03835,2025-06-02,CUST0122,Navjot Sharma,Webcam,Accessories,Central,2,7514.11,15028.22,1176.68
ORD03836,2024-07-19,CUST0200,Rahul Kapoor,Headphones,Accessories,South,3,1973.07,5919.21,1091.76
ORD03837,2024-03-25,CUST0039,Anjali Gupta,Refrigerator,Home Appliances,North,3,42558.99,127676.97,26942.5
ORD03838,2025-02-07,CUST0300,Manpreet Singh,Speaker,Accessories,East,10,12879.18,128791.8,28724.35
ORD03839,2024-07-04,CUST0232,Isha Sharma,Washing Machine,Home Appliances,East,6,37632.2,225793.2,42903.71
ORD03840,2024-04-09,CUST0352,Priya Malhotra,Washing Machine,Home Appliances,Central,2,32893.33,65786.66,4728.42
ORD03841,2024-01-19,CUST0341,Priya Verma,Television,Home Appliances,East,8,33175.48,265403.84,23227.1
ORD03842,2025-08-30,CUST0074,Mehak Kapoor,Smartphone,Technology,South,9,48683.18,438148.62,30693.83
ORD03843,2024-10-13,CUST0228,Mehak Patel,Webcam,Accessories,West,9,8132.75,73194.75,15057.54
ORD03844,2026-08-26,CUST0481,Rohit Verma,Monitor,Technology,North,3,18314.05,54942.15,4569.13
ORD03845,2026-07-09,CUST0134,Priya Kaur,Table,Furniture,North,5,11073.35,55366.75,13562.39
ORD03846,2024-01-12,CUST0057,Priya Kapoor,Sofa,Furniture,South,4,22604.28,90417.12,21002.42
ORD03847,2024-02-17,CUST0001,Harpreet Kaur,Power Bank,Accessories,Central,8,4664.56,37316.48,8642.03
ORD03848,2025-04-21,CUST0006,Simran Mehta,Power Bank,Accessories,West,9,2629.06,23661.54,2305.76
ORD03849,2024-03-08,CUST0074,Mehak Kapoor,Television,Home Appliances,West,8,56070.54,448564.32,84244.23
ORD03850,2026-05-15,CUST0095,Anjali Sharma,Keyboard,Technology,Central,5,1418.58,7092.9,1128.62
ORD03851,2024-08-15,CUST0203,Mehak Patel,Monitor,Technology,North,7,10780.41,75462.87,16057.33
ORD03852,2024-09-19,CUST0116,Priya Kumar,Sofa,Furniture,Central,6,53022.78,318136.68,66544.35
ORD03853,2024-02-07,CUST0220,Harpreet Verma,Webcam,Accessories,East,10,2428.1,24281.0,1618.64
ORD03854,2025-08-05,CUST0368,Navjot Singh,Chair,Furniture,North,5,7029.75,35148.75,7353.71
ORD03855,2025-11-08,CUST0495,Manpreet Mehta,Headphones,Accessories,North,3,3524.15,10572.45,1239.71
ORD03856,2025-01-17,CUST0362,Isha Kumar,Headphones,Accessories,Central,2,2357.21,4714.42,931.0
ORD03857,2025-02-04,CUST0294,Priya Malhotra,Smartphone,Technology,West,9,37797.42,340176.78,26683.57
ORD03858,2026-08-02,CUST0489,Arjun Kapoor,Keyboard,Technology,South,2,1964.54,3929.08,951.41
ORD03859,2025-02-15,CUST0035,Manpreet Verma,Sofa,Furniture,North,6,47788.15,286728.9,68964.07
ORD03860,2025-06-06,CUST0072,Mehak Kaur,Chair,Furniture,West,1,7504.77,7504.77,1201.37
ORD03861,2026-03-02,CUST0188,Harpreet Verma,Television,Home Appliances,East,10,27032.99,270329.9,26054.67
ORD03862,2024-01-05,CUST0280,Harpreet Kaur,Desk,Furniture,West,10,8034.61,80346.1,14281.97
ORD03863,2025-05-06,CUST0186,Priya Verma,Speaker,Accessories,East,6,13452.76,80716.56,17778.36
ORD03864,2026-06-16,CUST0174,Sahil Singh,Microwave,Home Appliances,South,6,16904.29,101425.74,7548.46
ORD03865,2025-07-10,CUST0377,Rahul Sharma,Monitor,Technology,South,2,9271.29,18542.58,1485.42
ORD03866,2025-08-19,CUST0097,Isha Verma,Mouse,Technology,West,9,1326.05,11934.45,2867.88
ORD03867,2025-05-19,CUST0290,Mehak Mehta,Smartphone,Technology,West,10,33721.23,337212.3,47465.72
ORD03868,2025-04-07,CUST0042,Harpreet Verma,Headphones,Accessories,North,6,3114.7,18688.2,2469.85
ORD03869,2024-04-05,CUST0458,Rohit Patel,Television,Home Appliances,West,7,26013.41,182093.87,9279.97
ORD03870,2024-09-22,CUST0130,Rahul Mehta,Desk,Furniture,North,8,8385.51,67084.08,8522.16
ORD03871,2024-01-10,CUST0388,Manpreet Sharma,Power Bank,Accessories,West,7,2721.52,19050.64,4220.51
ORD03872,2025-04-10,CUST0144,Priya Patel,Desk,Furniture,South,10,10816.55,108165.5,22693.95
ORD03873,2024-06-30,CUST0432,Arjun Kapoor,Keyboard,Technology,East,1,3993.28,3993.28,381.48
ORD03874,2024-09-27,CUST0298,Anjali Kumar,Power Bank,Accessories,East,8,2199.99,17599.92,4034.38
ORD03875,2025-08-23,CUST0060,Rahul Kumar,Monitor,Technology,East,9,22656.82,203911.38,45218.79
ORD03876,2024-12-18,CUST0359,Sahil Malhotra,Speaker,Accessories,West,9,12889.91,116009.19,7951.96
ORD03877,2026-03-09,CUST0011,Aman Patel,Washing Machine,Home Appliances,Central,1,26434.29,26434.29,3727.31
ORD03878,2024-04-17,CUST0457,Neha Kapoor,Washing Machine,Home Appliances,North,7,59742.81,418199.67,90494.65
ORD03879,2025-11-20,CUST0027,Rohit Kaur,Power Bank,Accessories,East,8,2447.26,19578.08,2396.58
ORD03880,2024-06-04,CUST0215,Arjun Sharma,Microwave,Home Appliances,South,10,8847.3,88473.0,18406.79
ORD03881,2025-11-27,CUST0199,Neha Verma,Desk,Furniture,North,5,14645.11,73225.55,17475.62
ORD03882,2025-01-24,CUST0389,Manpreet Sharma,Chair,Furniture,Central,5,9915.12,49575.6,11963.96
ORD03883,2025-08-27,CUST0440,Manpreet Verma,Microwave,Home Appliances,Central,7,6216.75,43517.25,5474.09
ORD03884,2026-03-11,CUST0094,Mehak Gupta,Headphones,Accessories,Central,3,3403.32,10209.96,2412.59
ORD03885,2026-06-30,CUST0244,Navjot Gupta,Mouse,Technology,West,8,2418.82,19350.56,4385.42
ORD03886,2026-07-03,CUST0225,Isha Singh,Microwave,Home Appliances,West,4,6776.72,27106.88,4442.83
ORD03887,2026-02-02,CUST0074,Mehak Kapoor,Speaker,Accessories,West,10,8209.53,82095.3,7121.56
ORD03888,2024-05-06,CUST0036,Simran Kumar,Laptop,Technology,South,4,96781.15,387124.6,95879.61
ORD03889,2026-07-11,CUST0284,Neha Malhotra,Speaker,Accessories,South,1,4030.32,4030.32,529.48
ORD03890,2024-05-26,CUST0148,Priya Kaur,Table,Furniture,South,4,10795.71,43182.84,2607.26
ORD03891,2026-04-13,CUST0316,Priya Singh,Desk,Furniture,North,1,9878.38,9878.38,2049.76
ORD03892,2024-12-18,CUST0428,Sahil Mehta,Webcam,Accessories,South,1,7515.6,7515.6,975.26
ORD03893,2024-05-23,CUST0098,Priya Sharma,Microwave,Home Appliances,Central,7,16216.03,113512.21,13011.19
ORD03894,2026-05-04,CUST0157,Isha Sharma,Smartphone,Technology,North,4,45409.38,181637.52,26606.05
ORD03895,2025-06-28,CUST0017,Navjot Malhotra,Webcam,Accessories,West,9,3657.37,32916.33,3859.98
ORD03896,2026-02-22,CUST0400,Manpreet Singh,Refrigerator,Home Appliances,Central,10,27464.37,274643.7,48433.48
ORD03897,2026-07-15,CUST0402,Mehak Sharma,Monitor,Technology,South,6,12501.4,75008.4,18198.32
ORD03898,2024-11-05,CUST0272,Priya Verma,Monitor,Technology,South,8,14684.69,117477.52,15511.66
ORD03899,2025-10-14,CUST0187,Karan Singh,Television,Home Appliances,West,7,55772.06,390404.42,62515.35
ORD03900,2025-08-27,CUST0279,Mehak Gupta,Headphones,Accessories,South,1,8466.09,8466.09,810.52
ORD03901,2026-07-09,CUST0087,Sahil Verma,Smartphone,Technology,North,8,72139.96,577119.68,32801.48
ORD03902,2026-03-05,CUST0319,Manpreet Malhotra,Microwave,Home Appliances,Central,4,24324.7,97298.8,23379.35
ORD03903,2026-06-25,CUST0339,Arjun Kapoor,Sofa,Furniture,Central,8,40463.71,323709.68,26510.5
ORD03904,2025-08-04,CUST0255,Priya Sharma,Chair,Furniture,East,3,5270.78,15812.34,3338.19
ORD03905,2025-11-13,CUST0409,Sahil Mehta,Speaker,Accessories,Central,2,9279.74,18559.48,2687.0
ORD03906,2026-02-17,CUST0201,Sahil Patel,Washing Machine,Home Appliances,South,1,23972.47,23972.47,2322.72
ORD03907,2024-02-12,CUST0278,Simran Gupta,Keyboard,Technology,South,6,818.85,4913.1,322.87
ORD03908,2024-01-22,CUST0270,Rohit Kaur,Webcam,Accessories,South,2,4377.04,8754.08,700.44
ORD03909,2025-01-10,CUST0349,Karan Gupta,Chair,Furniture,East,8,3069.5,24556.0,3000.02
ORD03910,2026-06-04,CUST0035,Manpreet Verma,Webcam,Accessories,North,10,6003.53,60035.3,4652.6
ORD03911,2026-01-27,CUST0029,Simran Patel,Microwave,Home Appliances,North,8,13886.0,111088.0,12653.77
ORD03912,2024-10-09,CUST0400,Manpreet Singh,Monitor,Technology,South,10,12620.17,126201.7,17600.51
ORD03913,2025-07-01,CUST0423,Navjot Patel,Smartphone,Technology,East,7,70740.48,495183.36,30246.01
ORD03914,2025-05-20,CUST0150,Simran Sharma,Table,Furniture,South,6,5334.92,32009.52,4850.65
ORD03915,2026-03-25,CUST0462,Navjot Kapoor,Table,Furniture,North,1,14947.41,14947.41,2021.62
ORD03916,2024-05-17,CUST0443,Navjot Verma,Washing Machine,Home Appliances,West,10,41162.58,411625.8,33220.6
ORD03917,2025-12-21,CUST0249,Karan Sharma,Monitor,Technology,North,9,28021.22,252190.98,29871.55
ORD03918,2025-08-02,CUST0318,Isha Kaur,Headphones,Accessories,West,1,2052.19,2052.19,399.1
ORD03919,2025-08-08,CUST0255,Priya Sharma,Speaker,Accessories,South,3,1874.07,5622.21,675.11
ORD03920,2024-08-20,CUST0024,Mehak Verma,Mouse,Technology,South,6,886.84,5321.04,400.49
ORD03921,2024-07-21,CUST0497,Priya Kaur,Headphones,Accessories,West,10,10144.75,101447.5,18208.71
ORD03922,2026-08-18,CUST0300,Manpreet Singh,Refrigerator,Home Appliances,East,2,61537.29,123074.58,14613.16
ORD03923,2025-10-23,CUST0469,Priya Kumar,Television,Home Appliances,West,4,21572.65,86290.6,18156.79
ORD03924,2026-08-16,CUST0043,Navjot Kaur,Refrigerator,Home Appliances,West,8,88151.69,705213.52,82403.76
ORD03925,2025-04-23,CUST0155,Anjali Kapoor,Monitor,Technology,South,5,32697.99,163489.95,26527.5
ORD03926,2025-06-13,CUST0299,Rohit Kapoor,Speaker,Accessories,Central,6,6703.96,40223.76,6848.42
ORD03927,2026-03-21,CUST0122,Navjot Sharma,Smartphone,Technology,West,10,31026.54,310265.4,74616.95
ORD03928,2025-04-17,CUST0373,Mehak Mehta,Speaker,Accessories,West,7,11756.29,82294.03,15772.15
ORD03929,2026-06-23,CUST0088,Sahil Patel,Washing Machine,Home Appliances,East,5,27946.01,139730.05,12507.32
ORD03930,2026-06-06,CUST0441,Neha Verma,Microwave,Home Appliances,West,3,15858.95,47576.85,8122.33
ORD03931,2026-05-21,CUST0186,Priya Verma,Headphones,Accessories,East,7,4713.14,32991.98,6616.1
ORD03932,2026-04-05,CUST0115,Anjali Kaur,Smartphone,Technology,South,10,52936.83,529368.3,31431.27
ORD03933,2025-03-04,CUST0139,Harpreet Kaur,Monitor,Technology,North,8,11384.75,91078.0,15140.49
ORD03934,2025-03-05,CUST0321,Manpreet Patel,Laptop,Technology,East,1,74057.45,74057.45,12610.61
ORD03935,2025-02-19,CUST0248,Manpreet Kaur,Sofa,Furniture,West,5,33683.98,168419.9,38028.58
ORD03936,2024-02-03,CUST0356,Karan Kapoor,Table,Furniture,South,10,14149.18,141491.8,11426.59
ORD03937,2024-10-01,CUST0212,Priya Gupta,Chair,Furniture,North,2,9740.63,19481.26,3770.92
ORD03938,2025-12-28,CUST0468,Manpreet Singh,Monitor,Technology,North,4,12004.33,48017.32,3445.08
ORD03939,2024-03-08,CUST0386,Aman Gupta,Speaker,Accessories,East,7,12564.5,87951.5,9863.57
ORD03940,2025-10-11,CUST0252,Sahil Kapoor,Microwave,Home Appliances,North,1,16859.98,16859.98,3806.32
ORD03941,2024-12-03,CUST0268,Navjot Gupta,Refrigerator,Home Appliances,Central,4,84288.44,337153.76,31519.0
ORD03942,2025-07-05,CUST0271,Karan Mehta,Microwave,Home Appliances,South,3,21221.42,63664.26,5193.92
ORD03943,2026-03-27,CUST0428,Sahil Mehta,Microwave,Home Appliances,North,8,19003.45,152027.6,31546.23
ORD03944,2026-07-23,CUST0181,Mehak Kaur,Chair,Furniture,South,3,12265.37,36796.11,5013.66
ORD03945,2024-01-11,CUST0380,Anjali Gupta,Microwave,Home Appliances,North,4,19843.29,79373.16,10361.12
ORD03946,2025-12-21,CUST0369,Sahil Kapoor,Table,Furniture,North,1,20127.85,20127.85,3319.68
ORD03947,2025-04-07,CUST0222,Rohit Malhotra,Microwave,Home Appliances,Central,5,13725.01,68625.05,7563.94
ORD03948,2024-10-17,CUST0251,Priya Kumar,Desk,Furniture,South,1,10680.08,10680.08,2059.97
ORD03949,2026-01-11,CUST0329,Neha Kapoor,Chair,Furniture,North,8,7207.18,57657.44,9786.67
ORD03950,2024-08-18,CUST0377,Rahul Sharma,Power Bank,Accessories,Central,5,4791.53,23957.65,5731.1
ORD03951,2024-10-10,CUST0101,Navjot Kapoor,Refrigerator,Home Appliances,East,7,67873.69,475115.83,79580.2
ORD03952,2025-04-25,CUST0438,Rahul Kapoor,Table,Furniture,Central,6,24779.61,148677.66,12623.25
ORD03953,2026-04-25,CUST0356,Karan Kapoor,Desk,Furniture,Central,4,13590.15,54360.6,11711.83
ORD03954,2024-12-14,CUST0051,Priya Sharma,Table,Furniture,South,8,5492.35,43938.8,4239.6
ORD03955,2024-04-13,CUST0323,Rohit Kumar,Chair,Furniture,South,4,4350.25,17401.0,2342.52
ORD03956,2025-07-05,CUST0079,Manpreet Verma,Microwave,Home Appliances,East,1,23734.69,23734.69,4194.11
ORD03957,2024-11-27,CUST0098,Priya Sharma,Speaker,Accessories,North,4,2242.02,8968.08,1070.5
ORD03958,2026-04-18,CUST0205,Arjun Kaur,Smartphone,Technology,North,3,27397.67,82193.01,9479.38
ORD03959,2025-05-25,CUST0250,Sahil Kapoor,Monitor,Technology,North,6,33574.67,201448.02,31600.0
ORD03960,2026-04-17,CUST0412,Manpreet Sharma,Television,Home Appliances,East,3,38237.54,114712.62,26277.47
ORD03961,2024-06-09,CUST0485,Mehak Verma,Microwave,Home Appliances,East,2,11805.42,23610.84,3984.24
ORD03962,2026-04-12,CUST0417,Aman Malhotra,Television,Home Appliances,North,4,26185.65,104742.6,15935.37
ORD03963,2026-01-20,CUST0482,Navjot Singh,Headphones,Accessories,East,4,7450.21,29800.84,6391.06
ORD03964,2024-11-13,CUST0463,Arjun Verma,Monitor,Technology,Central,4,27318.41,109273.64,21400.72
ORD03965,2025-12-09,CUST0493,Harpreet Sharma,Television,Home Appliances,West,8,67399.98,539199.84,38830.5
ORD03966,2025-02-05,CUST0440,Manpreet Verma,Washing Machine,Home Appliances,West,2,43801.24,87602.48,20045.84
ORD03967,2025-02-23,CUST0409,Sahil Mehta,Table,Furniture,South,3,28969.81,86909.43,21391.22
ORD03968,2024-03-17,CUST0009,Priya Kumar,Headphones,Accessories,Central,3,9194.79,27584.37,6043.05
ORD03969,2026-03-08,CUST0337,Manpreet Patel,Microwave,Home Appliances,North,3,10511.48,31534.44,1635.11
ORD03970,2024-11-17,CUST0235,Harpreet Kaur,Headphones,Accessories,Central,5,4439.27,22196.35,1792.77
ORD03971,2025-04-16,CUST0288,Harpreet Malhotra,Webcam,Accessories,North,7,7174.98,50224.86,8494.49
ORD03972,2026-08-13,CUST0157,Isha Sharma,Table,Furniture,Central,7,22318.26,156227.82,8560.62
ORD03973,2025-03-03,CUST0022,Karan Kaur,Laptop,Technology,North,5,42647.88,213239.4,43299.99
ORD03974,2025-06-21,CUST0435,Harpreet Malhotra,Smartphone,Technology,Central,8,51992.7,415941.6,89931.4
ORD03975,2026-07-06,CUST0286,Rohit Singh,Mouse,Technology,West,1,1984.74,1984.74,210.8
ORD03976,2025-02-21,CUST0337,Manpreet Patel,Keyboard,Technology,Central,9,4740.74,42666.66,6596.29
ORD03977,2026-08-11,CUST0243,Aman Singh,Television,Home Appliances,Central,6,59832.59,358995.54,84909.37
ORD03978,2025-02-13,CUST0024,Mehak Verma,Television,Home Appliances,Central,7,71171.26,498198.82,58196.73
ORD03979,2025-05-05,CUST0275,Isha Patel,Sofa,Furniture,South,9,36538.48,328846.32,18696.55
ORD03980,2025-11-15,CUST0366,Karan Gupta,Speaker,Accessories,East,9,12625.65,113630.85,8232.78
ORD03981,2024-01-19,CUST0230,Rahul Sharma,Table,Furniture,West,6,16452.53,98715.18,13227.34
ORD03982,2025-02-13,CUST0265,Arjun Sharma,Chair,Furniture,Central,4,14472.56,57890.24,3470.14
ORD03983,2025-09-14,CUST0228,Mehak Patel,Television,Home Appliances,Central,6,69531.17,417187.02,102372.9
ORD03984,2024-09-26,CUST0105,Rahul Kapoor,Power Bank,Accessories,Central,5,4545.13,22725.65,2897.65
ORD03985,2024-03-11,CUST0019,Rahul Kumar,Power Bank,Accessories,Central,7,3012.79,21089.53,2950.17
ORD03986,2024-02-16,CUST0173,Rohit Kaur,Headphones,Accessories,East,5,1924.01,9620.05,1162.72
ORD03987,2026-02-07,CUST0343,Isha Patel,Microwave,Home Appliances,North,5,9937.34,49686.7,4958.17
ORD03988,2024-02-03,CUST0258,Arjun Kaur,Keyboard,Technology,South,3,1679.94,5039.82,268.38
ORD03989,2025-04-25,CUST0179,Priya Mehta,Microwave,Home Appliances,West,4,12294.25,49177.0,4821.57
ORD03990,2025-12-05,CUST0247,Arjun Singh,Chair,Furniture,Central,2,10801.09,21602.18,2715.52
ORD03991,2024-10-16,CUST0247,Arjun Singh,Mouse,Technology,Central,7,2456.91,17198.37,1230.48
ORD03992,2024-02-28,CUST0247,Arjun Singh,Chair,Furniture,South,3,13077.48,39232.44,4022.28
ORD03993,2024-12-16,CUST0489,Arjun Kapoor,Washing Machine,Home Appliances,East,1,35524.79,35524.79,6452.61
ORD03994,2025-08-23,CUST0303,Harpreet Mehta,Mouse,Technology,Central,1,2983.82,2983.82,546.52
ORD03995,2025-06-06,CUST0432,Arjun Kapoor,Sofa,Furniture,West,8,33065.77,264526.16,25759.64
ORD03996,2026-03-28,CUST0070,Rahul Singh,Microwave,Home Appliances,East,4,7850.54,31402.16,1652.94
ORD03997,2024-08-16,CUST0128,Harpreet Kapoor,Chair,Furniture,East,10,2357.46,23574.6,1553.41
ORD03998,2026-01-01,CUST0081,Simran Verma,Refrigerator,Home Appliances,East,8,89014.11,712112.88,134111.07
ORD03999,2025-01-31,CUST0055,Isha Mehta,Power Bank,Accessories,South,5,2119.19,10595.95,1405.68
ORD04000,2025-01-21,CUST0263,Simran Verma,Speaker,Accessories,South,9,6349.55,57145.95,9779.22
ORD04001,2024-02-27,CUST0075,Rohit Verma,Refrigerator,Home Appliances,North,6,51663.91,309983.46,54670.94
ORD04002,2024-10-20,CUST0085,Rohit Singh,Table,Furniture,North,4,5933.87,23735.48,5443.21
ORD04003,2024-03-21,CUST0191,Aman Kapoor,Power Bank,Accessories,East,2,2696.75,5393.5,468.64
ORD04004,2024-06-18,CUST0266,Simran Mehta,Monitor,Technology,Central,9,10761.8,96856.2,21324.65
ORD04005,2025-12-27,CUST0452,Anjali Sharma,Monitor,Technology,Central,7,9875.14,69125.98,9419.89
ORD04006,2025-07-20,CUST0411,Manpreet Mehta,Smartphone,Technology,East,3,25225.69,75677.07,11166.86
ORD04007,2025-01-25,CUST0395,Mehak Kumar,Microwave,Home Appliances,South,1,18062.83,18062.83,3011.81
ORD04008,2026-04-29,CUST0214,Rohit Kapoor,Monitor,Technology,Central,7,11794.45,82561.15,14225.27
ORD04009,2026-03-29,CUST0415,Simran Patel,Washing Machine,Home Appliances,East,1,33752.41,33752.41,2664.74
ORD04010,2024-03-13,CUST0356,Karan Kapoor,Desk,Furniture,South,7,15270.51,106893.57,9436.41
ORD04011,2024-08-19,CUST0445,Rohit Kumar,Speaker,Accessories,North,5,7737.32,38686.6,4773.86
ORD04012,2025-01-24,CUST0429,Arjun Gupta,Mouse,Technology,Central,3,578.92,1736.76,218.92
ORD04013,2025-11-16,CUST0416,Harpreet Gupta,Monitor,Technology,Central,10,29275.63,292756.3,59267.54
ORD04014,2026-03-12,CUST0210,Rahul Verma,Keyboard,Technology,North,5,1158.13,5790.65,815.56
ORD04015,2024-11-18,CUST0448,Anjali Patel,Laptop,Technology,West,10,88874.96,888749.6,66690.81
ORD04016,2025-11-16,CUST0490,Simran Kaur,Desk,Furniture,South,7,19251.9,134763.3,21837.02
ORD04017,2024-07-21,CUST0149,Anjali Patel,Laptop,Technology,North,2,53226.67,106453.34,11303.29
ORD04018,2024-11-15,CUST0265,Arjun Sharma,Laptop,Technology,North,9,96632.09,869688.81,153671.94
ORD04019,2025-10-13,CUST0486,Anjali Kapoor,Television,Home Appliances,North,4,74279.64,297118.56,24160.04
ORD04020,2025-02-28,CUST0228,Mehak Patel,Monitor,Technology,North,1,16419.12,16419.12,2470.51
ORD04021,2024-10-30,CUST0294,Priya Malhotra,Television,Home Appliances,Central,7,83567.13,584969.91,82274.3
ORD04022,2026-04-06,CUST0235,Harpreet Kaur,Chair,Furniture,East,2,2283.15,4566.3,468.21
ORD04023,2024-06-05,CUST0391,Sahil Sharma,Webcam,Accessories,West,3,4174.97,12524.91,2996.88
ORD04024,2024-01-28,CUST0168,Aman Gupta,Webcam,Accessories,South,8,8219.76,65758.08,12831.29
ORD04025,2025-06-21,CUST0110,Isha Patel,Webcam,Accessories,West,10,3695.31,36953.1,6381.33
ORD04026,2025-09-21,CUST0002,Aman Verma,Table,Furniture,East,4,20211.46,80845.84,10399.76
ORD04027,2025-01-29,CUST0046,Rahul Kapoor,Sofa,Furniture,North,2,58356.23,116712.46,5936.16
ORD04028,2026-08-20,CUST0115,Anjali Kaur,Sofa,Furniture,North,8,49158.49,393267.92,47238.78
ORD04029,2025-12-02,CUST0360,Rohit Patel,Monitor,Technology,North,7,21200.58,148404.06,14586.22
ORD04030,2026-03-16,CUST0042,Harpreet Verma,Mouse,Technology,North,6,2006.4,12038.4,1312.96
ORD04031,2024-01-22,CUST0085,Rohit Singh,Refrigerator,Home Appliances,North,7,47731.54,334120.78,78920.73
ORD04032,2024-11-03,CUST0144,Priya Patel,Webcam,Accessories,Central,7,9579.96,67059.72,9574.51
ORD04033,2025-10-27,CUST0194,Rohit Kumar,Washing Machine,Home Appliances,South,8,44871.75,358974.0,18818.64
ORD04034,2024-01-05,CUST0208,Isha Kaur,Laptop,Technology,North,8,99293.67,794349.36,166484.88
ORD04035,2024-11-13,CUST0228,Mehak Patel,Speaker,Accessories,Central,6,10326.87,61961.22,10212.72
ORD04036,2026-06-25,CUST0102,Sahil Kaur,Chair,Furniture,North,2,7773.97,15547.94,1121.47
ORD04037,2024-02-07,CUST0227,Sahil Gupta,Mouse,Technology,East,7,2258.71,15810.97,3421.96
ORD04038,2024-03-29,CUST0316,Priya Singh,Smartphone,Technology,East,5,74533.95,372669.75,39995.96
ORD04039,2025-11-08,CUST0172,Rahul Sharma,Power Bank,Accessories,Central,4,1973.13,7892.52,762.88
ORD04040,2024-04-21,CUST0156,Priya Malhotra,Webcam,Accessories,West,3,4679.22,14037.66,1344.28
ORD04041,2024-01-02,CUST0398,Rahul Mehta,Smartphone,Technology,North,6,60882.49,365294.94,36076.75
ORD04042,2025-01-30,CUST0160,Arjun Kapoor,Sofa,Furniture,North,6,43192.85,259157.1,24072.71
ORD04043,2025-08-04,CUST0491,Karan Kapoor,Power Bank,Accessories,East,8,1788.5,14308.0,1334.81
ORD04044,2024-06-04,CUST0391,Sahil Sharma,Speaker,Accessories,South,8,5186.12,41488.96,8029.42
ORD04045,2024-06-06,CUST0406,Simran Mehta,Microwave,Home Appliances,West,4,22298.63,89194.52,19365.8
ORD04046,2026-08-05,CUST0338,Anjali Kumar,Power Bank,Accessories,South,5,3587.88,17939.4,3413.13
ORD04047,2025-02-03,CUST0141,Navjot Gupta,Chair,Furniture,West,8,13629.1,109032.8,25457.22
ORD04048,2024-04-13,CUST0480,Aman Sharma,Keyboard,Technology,West,6,824.63,4947.78,800.76
ORD04049,2026-01-04,CUST0447,Navjot Malhotra,Desk,Furniture,North,3,13712.66,41137.98,3031.39
ORD04050,2024-07-11,CUST0199,Neha Verma,Desk,Furniture,East,10,4514.45,45144.5,7288.96
ORD04051,2025-07-01,CUST0385,Navjot Patel,Microwave,Home Appliances,Central,4,11742.93,46971.72,10048.29
ORD04052,2024-01-06,CUST0230,Rahul Sharma,Laptop,Technology,South,6,96320.29,577921.74,70578.02
ORD04053,2024-04-11,CUST0307,Priya Kumar,Desk,Furniture,Central,8,17889.65,143117.2,27066.62
ORD04054,2026-05-22,CUST0203,Mehak Patel,Speaker,Accessories,North,3,6388.56,19165.68,3274.79
ORD04055,2024-01-08,CUST0169,Aman Sharma,Mouse,Technology,North,7,2809.79,19668.53,4857.78
ORD04056,2024-11-30,CUST0342,Neha Gupta,Laptop,Technology,West,1,80033.34,80033.34,5332.85
ORD04057,2024-09-21,CUST0038,Karan Verma,Headphones,Accessories,East,8,10306.97,82455.76,7297.77
ORD04058,2025-11-19,CUST0496,Arjun Kaur,Smartphone,Technology,Central,4,76329.12,305316.48,15339.55
ORD04059,2025-01-19,CUST0263,Simran Verma,Table,Furniture,Central,5,18271.39,91356.95,16736.77
ORD04060,2025-11-21,CUST0320,Priya Singh,Mouse,Technology,South,8,2631.74,21053.92,1591.07
ORD04061,2025-11-23,CUST0038,Karan Verma,Monitor,Technology,West,9,25963.38,233670.42,17519.16
ORD04062,2026-01-12,CUST0486,Anjali Kapoor,Sofa,Furniture,West,6,53523.52,321141.12,78321.64
ORD04063,2026-06-18,CUST0036,Simran Kumar,Table,Furniture,South,9,29695.65,267260.85,42598.73
ORD04064,2025-02-11,CUST0011,Aman Patel,Speaker,Accessories,East,9,11633.81,104704.29,20464.14
ORD04065,2024-06-08,CUST0063,Navjot Mehta,Power Bank,Accessories,South,4,1065.15,4260.6,918.99
ORD04066,2025-03-09,CUST0212,Priya Gupta,Television,Home Appliances,Central,7,73673.62,515715.34,88450.41
ORD04067,2024-01-16,CUST0097,Isha Verma,Television,Home Appliances,South,8,50175.3,401402.4,54955.63
ORD04068,2024-12-17,CUST0076,Rohit Sharma,Chair,Furniture,South,4,11269.22,45076.88,8191.27
ORD04069,2026-06-28,CUST0404,Mehak Malhotra,Sofa,Furniture,Central,2,51226.95,102453.9,8704.58
ORD04070,2026-05-15,CUST0124,Isha Sharma,Webcam,Accessories,South,10,6642.61,66426.1,10862.93
ORD04071,2024-09-20,CUST0480,Aman Sharma,Desk,Furniture,East,10,7885.19,78851.9,10479.01
ORD04072,2026-01-17,CUST0155,Anjali Kapoor,Refrigerator,Home Appliances,Central,7,76100.44,532703.08,108324.52
ORD04073,2025-03-12,CUST0223,Rohit Sharma,Laptop,Technology,East,4,44463.13,177852.52,16746.11
ORD04074,2024-12-07,CUST0013,Karan Kumar,Monitor,Technology,East,8,23172.07,185376.56,12426.64
ORD04075,2024-06-19,CUST0360,Rohit Patel,Television,Home Appliances,West,7,80528.49,563699.43,106945.1
ORD04076,2025-12-05,CUST0272,Priya Verma,Headphones,Accessories,South,6,2889.03,17334.18,2867.51
ORD04077,2025-02-26,CUST0009,Priya Kumar,Microwave,Home Appliances,South,8,24120.61,192964.88,16143.4
ORD04078,2024-11-27,CUST0454,Priya Malhotra,Power Bank,Accessories,Central,4,3844.35,15377.4,1217.13
ORD04079,2024-12-18,CUST0153,Simran Kumar,Mouse,Technology,Central,3,2490.76,7472.28,1303.9
ORD04080,2026-03-26,CUST0302,Arjun Patel,Power Bank,Accessories,Central,8,4032.16,32257.28,7871.88
ORD04081,2024-03-10,CUST0101,Navjot Kapoor,Microwave,Home Appliances,Central,6,22201.58,133209.48,27005.31
ORD04082,2024-03-16,CUST0493,Harpreet Sharma,Desk,Furniture,North,5,19116.04,95580.2,17819.77
ORD04083,2025-12-28,CUST0246,Manpreet Kumar,Sofa,Furniture,Central,8,58342.89,466743.12,24443.29
ORD04084,2024-04-16,CUST0218,Aman Sharma,Desk,Furniture,North,8,12251.84,98014.72,21815.04
ORD04085,2024-02-01,CUST0083,Anjali Sharma,Washing Machine,Home Appliances,North,3,55974.73,167924.19,15290.72
ORD04086,2026-08-28,CUST0279,Mehak Gupta,Monitor,Technology,Central,4,18743.91,74975.64,4229.73
ORD04087,2025-04-22,CUST0359,Sahil Malhotra,Table,Furniture,South,9,20706.97,186362.73,14510.78
ORD04088,2025-06-18,CUST0493,Harpreet Sharma,Chair,Furniture,Central,8,2511.1,20088.8,3748.38
ORD04089,2024-12-27,CUST0104,Manpreet Singh,Smartphone,Technology,East,4,54567.37,218269.48,42181.41
ORD04090,2024-03-06,CUST0279,Mehak Gupta,Refrigerator,Home Appliances,Central,8,32872.44,262979.52,20182.85
ORD04091,2026-04-29,CUST0230,Rahul Sharma,Mouse,Technology,North,9,1237.32,11135.88,1603.48
ORD04092,2024-08-02,CUST0224,Simran Kaur,Sofa,Furniture,West,7,42588.24,298117.68,60340.95
ORD04093,2024-04-03,CUST0168,Aman Gupta,Smartphone,Technology,North,6,53729.39,322376.34,38909.69
ORD04094,2025-12-06,CUST0010,Rohit Mehta,Television,Home Appliances,Central,2,17750.69,35501.38,6166.19
ORD04095,2024-02-18,CUST0394,Anjali Kaur,Refrigerator,Home Appliances,North,3,29017.49,87052.47,7973.85
ORD04096,2024-11-25,CUST0108,Sahil Mehta,Headphones,Accessories,North,3,11956.36,35869.08,2718.89
ORD04097,2025-11-30,CUST0079,Manpreet Verma,Chair,Furniture,South,4,11170.06,44680.24,8218.18
ORD04098,2025-08-11,CUST0450,Navjot Kapoor,Refrigerator,Home Appliances,North,6,89703.52,538221.12,113766.87
ORD04099,2025-12-27,CUST0223,Rohit Sharma,Chair,Furniture,West,2,13238.09,26476.18,5937.02
ORD04100,2026-05-06,CUST0114,Anjali Patel,Keyboard,Technology,Central,7,4328.98,30302.86,5225.52
ORD04101,2024-10-12,CUST0242,Isha Malhotra,Television,Home Appliances,East,1,36141.99,36141.99,3644.84
ORD04102,2025-04-20,CUST0033,Navjot Kaur,Keyboard,Technology,North,7,1218.28,8527.96,876.51
ORD04103,2024-04-12,CUST0016,Manpreet Singh,Washing Machine,Home Appliances,East,6,59016.51,354099.06,56820.08
ORD04104,2025-02-26,CUST0374,Harpreet Sharma,Keyboard,Technology,South,3,2510.31,7530.93,1250.3
ORD04105,2024-01-07,CUST0265,Arjun Sharma,Mouse,Technology,East,2,823.98,1647.96,121.62
ORD04106,2025-12-23,CUST0419,Simran Malhotra,Mouse,Technology,West,7,2910.81,20375.67,3526.11
ORD04107,2025-01-16,CUST0051,Priya Sharma,Chair,Furniture,South,3,6288.65,18865.95,3616.03
ORD04108,2024-11-28,CUST0358,Arjun Malhotra,Table,Furniture,Central,9,8328.98,74960.82,17772.44
ORD04109,2026-08-01,CUST0429,Arjun Gupta,Sofa,Furniture,East,5,44156.47,220782.35,21416.4
ORD04110,2024-12-14,CUST0379,Neha Kumar,Monitor,Technology,South,7,21417.49,149922.43,12724.12
ORD04111,2024-12-03,CUST0306,Harpreet Verma,Television,Home Appliances,South,2,80585.01,161170.02,11791.57
ORD04112,2025-04-19,CUST0419,Simran Malhotra,Washing Machine,Home Appliances,West,7,44340.2,310381.4,67341.84
ORD04113,2024-10-09,CUST0361,Manpreet Mehta,Sofa,Furniture,Central,2,16816.96,33633.92,8295.3
ORD04114,2025-06-30,CUST0301,Harpreet Kaur,Smartphone,Technology,Central,6,11391.04,68346.24,14384.72
ORD04115,2026-06-29,CUST0004,Rahul Kaur,Headphones,Accessories,East,7,10204.47,71431.29,4534.56
ORD04116,2025-12-20,CUST0424,Harpreet Verma,Table,Furniture,East,4,20228.81,80915.24,10000.74
ORD04117,2026-01-24,CUST0492,Simran Mehta,Washing Machine,Home Appliances,East,3,49005.38,147016.14,8679.7
ORD04118,2026-05-23,CUST0289,Harpreet Singh,Power Bank,Accessories,North,8,2148.94,17191.52,2921.13
ORD04119,2025-12-26,CUST0055,Isha Mehta,Sofa,Furniture,East,9,59524.76,535722.84,50732.92
ORD04120,2024-09-13,CUST0389,Manpreet Sharma,Microwave,Home Appliances,East,3,13821.87,41465.61,5740.1
ORD04121,2026-07-02,CUST0393,Priya Singh,Laptop,Technology,East,1,99839.22,99839.22,15964.14
ORD04122,2025-11-06,CUST0496,Arjun Kaur,Headphones,Accessories,South,2,9777.91,19555.82,4412.55
ORD04123,2025-01-19,CUST0093,Isha Sharma,Smartphone,Technology,North,9,24099.23,216893.07,36659.82
ORD04124,2025-06-03,CUST0004,Rahul Kaur,Desk,Furniture,Central,2,13628.63,27257.26,2071.03
ORD04125,2026-07-13,CUST0455,Navjot Kumar,Chair,Furniture,North,8,10929.17,87433.36,9281.28
ORD04126,2025-10-16,CUST0380,Anjali Gupta,Smartphone,Technology,West,10,61136.58,611365.8,104457.71
ORD04127,2026-08-15,CUST0296,Mehak Gupta,Sofa,Furniture,North,6,19730.96,118385.76,22396.97
ORD04128,2026-06-22,CUST0468,Manpreet Singh,Table,Furniture,Central,8,18021.77,144174.16,28782.01
ORD04129,2025-06-08,CUST0347,Navjot Kumar,Refrigerator,Home Appliances,West,9,55935.48,503419.32,111837.65
ORD04130,2025-08-12,CUST0263,Simran Verma,Mouse,Technology,West,5,2432.42,12162.1,2495.52
ORD04131,2024-01-05,CUST0203,Mehak Patel,Chair,Furniture,West,10,11252.94,112529.4,5818.96
ORD04132,2026-08-23,CUST0122,Navjot Sharma,Webcam,Accessories,East,10,6731.55,67315.5,14804.74
ORD04133,2024-11-13,CUST0401,Arjun Kaur,Washing Machine,Home Appliances,East,5,42052.85,210264.25,47080.2
ORD04134,2024-05-18,CUST0057,Priya Kapoor,Keyboard,Technology,West,3,2492.57,7477.71,1486.3
ORD04135,2026-04-30,CUST0328,Rohit Mehta,Washing Machine,Home Appliances,East,5,52017.99,260089.95,52985.12
ORD04136,2025-08-16,CUST0291,Arjun Malhotra,Keyboard,Technology,Central,5,930.17,4650.85,464.61
ORD04137,2025-08-09,CUST0108,Sahil Mehta,Television,Home Appliances,West,10,54275.21,542752.1,103561.74
ORD04138,2025-05-23,CUST0187,Karan Singh,Microwave,Home Appliances,East,4,15640.28,62561.12,14663.49
ORD04139,2024-08-11,CUST0214,Rohit Kapoor,Keyboard,Technology,East,5,2803.2,14016.0,3492.78
ORD04140,2025-03-29,CUST0347,Navjot Kumar,Keyboard,Technology,North,4,4332.23,17328.92,1063.27
ORD04141,2025-12-03,CUST0413,Neha Patel,Power Bank,Accessories,South,2,4820.67,9641.34,2179.25
ORD04142,2025-08-20,CUST0162,Navjot Patel,Laptop,Technology,South,9,69515.77,625641.93,58549.07
ORD04143,2024-01-14,CUST0077,Harpreet Kaur,Table,Furniture,South,9,22887.41,205986.69,23546.21
ORD04144,2025-07-21,CUST0463,Arjun Verma,Sofa,Furniture,East,10,41173.93,411739.3,48590.8
ORD04145,2025-11-30,CUST0350,Rohit Kapoor,Smartphone,Technology,West,3,25694.58,77083.74,18187.09
ORD04146,2025-12-28,CUST0162,Navjot Patel,Table,Furniture,East,6,16465.02,98790.12,18658.6
ORD04147,2025-12-07,CUST0415,Simran Patel,Monitor,Technology,North,3,24822.86,74468.58,7632.76
ORD04148,2024-10-26,CUST0097,Isha Verma,Table,Furniture,West,8,11141.68,89133.44,13143.6
ORD04149,2024-12-18,CUST0406,Simran Mehta,Television,Home Appliances,West,6,64738.6,388431.6,43812.23
ORD04150,2024-03-16,CUST0022,Karan Kaur,Chair,Furniture,South,2,2532.41,5064.82,729.6
ORD04151,2026-03-29,CUST0215,Arjun Sharma,Washing Machine,Home Appliances,West,6,66724.93,400349.58,65144.95
ORD04152,2024-09-12,CUST0410,Manpreet Kaur,Headphones,Accessories,Central,2,9425.68,18851.36,3020.03
ORD04153,2024-11-28,CUST0048,Isha Patel,Sofa,Furniture,North,1,45465.04,45465.04,9936.28
ORD04154,2026-07-17,CUST0225,Isha Singh,Headphones,Accessories,Central,3,10967.39,32902.17,7365.5
ORD04155,2025-07-24,CUST0333,Navjot Kapoor,Chair,Furniture,East,5,6740.81,33704.05,3594.76
ORD04156,2024-12-14,CUST0128,Harpreet Kapoor,Monitor,Technology,Central,6,18016.42,108098.52,22944.53
ORD04157,2025-03-14,CUST0171,Rohit Patel,Smartphone,Technology,North,4,77866.77,311467.08,59533.37
ORD04158,2024-11-15,CUST0256,Harpreet Kumar,Power Bank,Accessories,South,10,4026.27,40262.7,8471.35
ORD04159,2025-09-07,CUST0119,Rohit Kumar,Sofa,Furniture,North,4,33447.41,133789.64,22116.99
ORD04160,2026-04-24,CUST0135,Simran Malhotra,Headphones,Accessories,South,3,1321.55,3964.65,748.75
ORD04161,2025-07-30,CUST0205,Arjun Kaur,Speaker,Accessories,North,7,14298.54,100089.78,22816.31
ORD04162,2024-12-11,CUST0095,Anjali Sharma,Table,Furniture,North,8,6551.72,52413.76,6546.74
ORD04163,2026-08-19,CUST0206,Isha Singh,Keyboard,Technology,West,1,4047.69,4047.69,551.83
ORD04164,2024-07-31,CUST0013,Karan Kumar,Monitor,Technology,Central,3,26311.81,78935.43,4557.3
ORD04165,2025-09-05,CUST0435,Harpreet Malhotra,Desk,Furniture,West,1,10496.11,10496.11,1484.35
ORD04166,2024-07-17,CUST0458,Rohit Patel,Chair,Furniture,South,2,6971.1,13942.2,2234.19
ORD04167,2025-01-21,CUST0387,Priya Kaur,Chair,Furniture,Central,3,11628.22,34884.66,5776.84
ORD04168,2024-03-28,CUST0076,Rohit Sharma,Laptop,Technology,South,4,91006.05,364024.2,20013.36
ORD04169,2024-05-28,CUST0089,Mehak Kumar,Headphones,Accessories,Central,9,10524.81,94723.29,7121.74
ORD04170,2024-02-25,CUST0120,Mehak Kumar,Power Bank,Accessories,East,3,3944.11,11832.33,1666.06
ORD04171,2026-03-19,CUST0147,Arjun Kapoor,Microwave,Home Appliances,South,9,19971.42,179742.78,40950.38
ORD04172,2025-11-07,CUST0457,Neha Kapoor,Chair,Furniture,Central,3,7202.98,21608.94,1766.66
ORD04173,2025-08-13,CUST0426,Manpreet Kapoor,Laptop,Technology,Central,3,98851.04,296553.12,39820.47
ORD04174,2025-08-16,CUST0028,Isha Malhotra,Washing Machine,Home Appliances,East,7,39629.78,277408.46,34158.68
ORD04175,2025-12-10,CUST0071,Manpreet Malhotra,Microwave,Home Appliances,North,10,13758.69,137586.9,18352.88
ORD04176,2024-12-16,CUST0332,Anjali Singh,Webcam,Accessories,South,5,5239.67,26198.35,6113.73
ORD04177,2025-04-25,CUST0186,Priya Verma,Speaker,Accessories,West,8,7616.16,60929.28,11514.13
ORD04178,2024-11-21,CUST0281,Navjot Verma,Television,Home Appliances,West,10,52529.1,525291.0,54901.8
ORD04179,2025-09-21,CUST0240,Sahil Singh,Headphones,Accessories,Central,2,11934.08,23868.16,1872.6
ORD04180,2024-03-03,CUST0257,Karan Gupta,Speaker,Accessories,Central,3,8867.7,26603.1,3452.47
ORD04181,2026-02-13,CUST0070,Rahul Singh,Sofa,Furniture,West,2,45915.78,91831.56,17584.71
ORD04182,2025-05-19,CUST0132,Priya Kapoor,Keyboard,Technology,North,6,912.75,5476.5,488.37
ORD04183,2024-01-11,CUST0331,Karan Patel,Headphones,Accessories,South,7,4681.58,32771.06,5195.84
ORD04184,2025-08-14,CUST0039,Anjali Gupta,Power Bank,Accessories,East,8,2083.58,16668.64,4065.19
ORD04185,2024-05-06,CUST0326,Manpreet Kapoor,Smartphone,Technology,South,9,42634.85,383713.65,33836.5
ORD04186,2025-01-17,CUST0390,Priya Kumar,Refrigerator,Home Appliances,East,6,58965.11,353790.66,34545.7
ORD04187,2025-09-23,CUST0043,Navjot Kaur,Headphones,Accessories,Central,10,1932.15,19321.5,1296.86
ORD04188,2024-05-01,CUST0349,Karan Gupta,Television,Home Appliances,West,1,59395.46,59395.46,14028.76
ORD04189,2024-02-10,CUST0001,Harpreet Kaur,Power Bank,Accessories,West,2,4463.33,8926.66,1101.58
ORD04190,2024-08-19,CUST0240,Sahil Singh,Laptop,Technology,South,5,68277.74,341388.7,21044.23
ORD04191,2025-10-25,CUST0218,Aman Sharma,Microwave,Home Appliances,East,8,17344.95,138759.6,26347.34
ORD04192,2026-08-06,CUST0212,Priya Gupta,Laptop,Technology,Central,2,59651.38,119302.76,8150.54
ORD04193,2025-05-23,CUST0474,Simran Kumar,Laptop,Technology,Central,1,80577.13,80577.13,17166.83
ORD04194,2024-06-01,CUST0378,Arjun Malhotra,Television,Home Appliances,East,1,76753.58,76753.58,9551.58
ORD04195,2025-09-24,CUST0341,Priya Verma,Microwave,Home Appliances,South,4,9105.97,36423.88,6944.79
ORD04196,2026-06-25,CUST0017,Navjot Malhotra,Laptop,Technology,West,3,99385.43,298156.29,51885.4
ORD04197,2026-06-07,CUST0187,Karan Singh,Webcam,Accessories,Central,6,7011.59,42069.54,7488.41
ORD04198,2024-06-20,CUST0217,Sahil Verma,Microwave,Home Appliances,East,5,20215.16,101075.8,21861.01
ORD04199,2024-03-26,CUST0078,Harpreet Patel,Webcam,Accessories,West,3,7186.07,21558.21,1320.04
ORD04200,2024-02-10,CUST0146,Karan Singh,Monitor,Technology,East,4,29021.13,116084.52,16038.43
ORD04201,2026-06-08,CUST0048,Isha Patel,Table,Furniture,West,10,16464.65,164646.5,33500.64
ORD04202,2025-06-30,CUST0405,Karan Kumar,Power Bank,Accessories,North,10,3914.55,39145.5,5459.14
ORD04203,2026-02-24,CUST0381,Neha Malhotra,Headphones,Accessories,North,6,10212.31,61273.86,7273.27
ORD04204,2025-06-17,CUST0414,Karan Gupta,Webcam,Accessories,East,1,6589.05,6589.05,1383.62
ORD04205,2025-06-11,CUST0316,Priya Singh,Headphones,Accessories,North,10,4025.36,40253.6,6941.93
ORD04206,2025-03-30,CUST0109,Karan Kumar,Microwave,Home Appliances,East,1,9247.39,9247.39,1708.62
ORD04207,2024-08-02,CUST0136,Neha Malhotra,Television,Home Appliances,South,10,63019.68,630196.8,101819.77
ORD04208,2024-04-21,CUST0133,Manpreet Malhotra,Refrigerator,Home Appliances,North,8,42213.66,337709.28,66639.33
ORD04209,2025-06-14,CUST0462,Navjot Kapoor,Laptop,Technology,East,1,81488.47,81488.47,18922.34
ORD04210,2025-09-16,CUST0410,Manpreet Kaur,Mouse,Technology,Central,7,1125.71,7879.97,1807.77
ORD04211,2026-04-26,CUST0343,Isha Patel,Refrigerator,Home Appliances,Central,2,77295.45,154590.9,15235.33
ORD04212,2025-04-09,CUST0211,Arjun Mehta,Mouse,Technology,South,1,2165.02,2165.02,462.77
ORD04213,2024-05-31,CUST0334,Anjali Verma,Television,Home Appliances,West,1,89594.67,89594.67,20333.51
ORD04214,2024-05-17,CUST0136,Neha Malhotra,Desk,Furniture,North,8,16940.19,135521.52,24738.04
ORD04215,2025-06-13,CUST0172,Rahul Sharma,Washing Machine,Home Appliances,West,3,46425.74,139277.22,29878.75
ORD04216,2026-04-03,CUST0472,Manpreet Patel,Mouse,Technology,East,2,852.27,1704.54,376.32
ORD04217,2024-06-27,CUST0241,Manpreet Singh,Washing Machine,Home Appliances,Central,7,41236.53,288655.71,14716.82
ORD04218,2025-11-29,CUST0127,Priya Verma,Headphones,Accessories,West,9,6299.57,56696.13,13253.86
ORD04219,2025-05-26,CUST0407,Navjot Kumar,Chair,Furniture,East,2,5409.26,10818.52,1531.93
ORD04220,2026-07-07,CUST0275,Isha Patel,Monitor,Technology,South,3,17291.7,51875.1,9041.78
ORD04221,2025-09-25,CUST0217,Sahil Verma,Power Bank,Accessories,West,9,3402.63,30623.67,4706.67
ORD04222,2024-09-21,CUST0302,Arjun Patel,Power Bank,Accessories,West,5,2188.7,10943.5,1268.11
ORD04223,2025-09-17,CUST0389,Manpreet Sharma,Television,Home Appliances,South,1,35026.01,35026.01,2560.73
ORD04224,2025-09-08,CUST0370,Isha Singh,Sofa,Furniture,West,1,59762.44,59762.44,11250.35
ORD04225,2025-08-18,CUST0094,Mehak Gupta,Webcam,Accessories,South,2,7139.65,14279.3,3535.19
ORD04226,2026-05-10,CUST0129,Priya Patel,Speaker,Accessories,East,1,8465.09,8465.09,610.98
ORD04227,2026-03-18,CUST0431,Sahil Kaur,Washing Machine,Home Appliances,East,4,42882.88,171531.52,23051.51
ORD04228,2025-02-15,CUST0209,Navjot Patel,Laptop,Technology,South,7,98871.3,692099.1,111342.75
ORD04229,2026-04-10,CUST0362,Isha Kumar,Table,Furniture,West,1,26695.28,26695.28,6492.76
ORD04230,2024-11-19,CUST0015,Arjun Sharma,Webcam,Accessories,South,9,6712.96,60416.64,3386.43
ORD04231,2026-08-03,CUST0053,Karan Verma,Headphones,Accessories,East,3,2444.52,7333.56,1025.98
ORD04232,2024-06-29,CUST0124,Isha Sharma,Chair,Furniture,West,8,4771.34,38170.72,9239.01
ORD04233,2024-12-26,CUST0035,Manpreet Verma,Speaker,Accessories,West,8,5337.63,42701.04,9583.86
ORD04234,2025-12-16,CUST0097,Isha Verma,Laptop,Technology,North,2,47803.51,95607.02,8790.24
ORD04235,2025-03-02,CUST0252,Sahil Kapoor,Sofa,Furniture,North,1,39281.38,39281.38,9083.2
ORD04236,2025-02-14,CUST0164,Rahul Kumar,Washing Machine,Home Appliances,West,9,50374.31,453368.79,52711.3
ORD04237,2026-08-10,CUST0119,Rohit Kumar,Microwave,Home Appliances,North,5,12195.97,60979.85,4023.51
ORD04238,2025-06-19,CUST0085,Rohit Singh,Desk,Furniture,Central,3,6929.71,20789.13,4843.33
ORD04239,2025-09-20,CUST0196,Rahul Gupta,Headphones,Accessories,East,6,11024.65,66147.9,14343.26
ORD04240,2026-05-10,CUST0200,Rahul Kapoor,Refrigerator,Home Appliances,Central,3,57579.98,172739.94,42961.66
ORD04241,2025-11-16,CUST0147,Arjun Kapoor,Headphones,Accessories,South,1,4611.72,4611.72,454.29
ORD04242,2024-06-12,CUST0430,Sahil Kumar,Sofa,Furniture,North,3,19102.69,57308.07,5267.85
ORD04243,2025-03-29,CUST0107,Arjun Patel,Power Bank,Accessories,West,5,2996.41,14982.05,1128.98
ORD04244,2026-03-07,CUST0280,Harpreet Kaur,Speaker,Accessories,East,9,7270.92,65438.28,12464.99
ORD04245,2026-01-09,CUST0096,Simran Gupta,Speaker,Accessories,South,7,8643.99,60507.93,14903.8
ORD04246,2024-08-19,CUST0077,Harpreet Kaur,Mouse,Technology,East,8,2984.85,23878.8,3337.47
ORD04247,2024-08-15,CUST0225,Isha Singh,Laptop,Technology,East,9,64401.99,579617.91,55360.0
ORD04248,2024-06-26,CUST0327,Harpreet Patel,Washing Machine,Home Appliances,South,6,42977.61,257865.66,58829.86
ORD04249,2024-12-04,CUST0489,Arjun Kapoor,Sofa,Furniture,South,1,37486.76,37486.76,2293.7
ORD04250,2024-08-13,CUST0174,Sahil Singh,Microwave,Home Appliances,South,3,10148.16,30444.48,6246.9
ORD04251,2024-06-16,CUST0088,Sahil Patel,Microwave,Home Appliances,East,1,23532.84,23532.84,2645.9
ORD04252,2025-06-17,CUST0022,Karan Kaur,Desk,Furniture,Central,5,11185.84,55929.2,12955.91
ORD04253,2024-10-27,CUST0372,Aman Malhotra,Sofa,Furniture,North,8,55156.79,441254.32,79358.62
ORD04254,2024-03-11,CUST0054,Simran Kumar,Power Bank,Accessories,East,9,4878.48,43906.32,9692.84
ORD04255,2025-02-04,CUST0404,Mehak Malhotra,Webcam,Accessories,East,8,4897.71,39181.68,3783.75
ORD04256,2026-08-07,CUST0195,Rohit Verma,Monitor,Technology,East,5,34025.56,170127.8,26026.13
ORD04257,2024-07-01,CUST0383,Arjun Kaur,Power Bank,Accessories,Central,4,3933.67,15734.68,1376.51
ORD04258,2025-07-01,CUST0435,Harpreet Malhotra,Smartphone,Technology,West,10,29839.64,298396.4,34631.56
ORD04259,2024-09-01,CUST0471,Arjun Mehta,Headphones,Accessories,Central,7,1116.24,7813.68,1783.34
ORD04260,2025-05-14,CUST0135,Simran Malhotra,Washing Machine,Home Appliances,West,7,67862.13,475034.91,49839.42
ORD04261,2024-02-18,CUST0013,Karan Kumar,Refrigerator,Home Appliances,South,3,24140.98,72422.94,17295.39
ORD04262,2025-05-31,CUST0441,Neha Verma,Chair,Furniture,West,4,11019.52,44078.08,8562.97
ORD04263,2025-07-16,CUST0047,Karan Verma,Speaker,Accessories,Central,4,8848.07,35392.28,4288.51
ORD04264,2025-01-09,CUST0028,Isha Malhotra,Television,Home Appliances,South,1,18246.23,18246.23,4366.85
ORD04265,2025-04-14,CUST0106,Rohit Singh,Webcam,Accessories,North,4,8620.49,34481.96,3972.86
ORD04266,2024-11-22,CUST0067,Rohit Kapoor,Power Bank,Accessories,West,8,1495.94,11967.52,768.02
ORD04267,2024-10-29,CUST0188,Harpreet Verma,Webcam,Accessories,East,10,5432.78,54327.8,9972.26
ORD04268,2025-01-11,CUST0492,Simran Mehta,Webcam,Accessories,North,10,6330.94,63309.4,10383.28
ORD04269,2025-01-31,CUST0457,Neha Kapoor,Washing Machine,Home Appliances,South,4,64620.65,258482.6,48508.34
ORD04270,2026-06-30,CUST0289,Harpreet Singh,Keyboard,Technology,East,9,1281.88,11536.92,1418.0
ORD04271,2025-12-07,CUST0460,Navjot Patel,Mouse,Technology,East,6,1060.64,6363.84,1517.22
ORD04272,2026-07-04,CUST0068,Simran Sharma,Refrigerator,Home Appliances,Central,1,76630.36,76630.36,18274.87
ORD04273,2024-03-09,CUST0331,Karan Patel,Chair,Furniture,Central,6,7126.65,42759.9,2961.39
ORD04274,2025-12-28,CUST0323,Rohit Kumar,Chair,Furniture,East,6,5891.8,35350.8,5242.0
ORD04275,2025-11-11,CUST0164,Rahul Kumar,Chair,Furniture,South,1,12449.8,12449.8,2588.29
ORD04276,2026-03-04,CUST0243,Aman Singh,Webcam,Accessories,Central,1,5437.45,5437.45,829.64
ORD04277,2024-09-04,CUST0073,Karan Malhotra,Television,Home Appliances,South,6,31026.99,186161.94,34745.34
ORD04278,2024-10-19,CUST0371,Mehak Patel,Smartphone,Technology,North,5,61647.87,308239.35,69542.09
ORD04279,2025-10-21,CUST0378,Arjun Malhotra,Table,Furniture,North,7,29966.71,209766.97,20286.63
ORD04280,2026-07-11,CUST0295,Manpreet Mehta,Television,Home Appliances,North,2,29962.33,59924.66,12856.72
ORD04281,2024-03-03,CUST0186,Priya Verma,Desk,Furniture,North,6,14042.1,84252.6,14036.39
ORD04282,2024-11-28,CUST0145,Anjali Singh,Webcam,Accessories,East,4,2252.6,9010.4,2080.03
ORD04283,2026-03-11,CUST0209,Navjot Patel,Laptop,Technology,North,10,73221.29,732212.9,49345.35
ORD04284,2025-04-29,CUST0105,Rahul Kapoor,Refrigerator,Home Appliances,North,9,38339.03,345051.27,66253.46
ORD04285,2025-03-01,CUST0104,Manpreet Singh,Sofa,Furniture,North,8,46135.7,369085.6,50012.5
ORD04286,2024-04-29,CUST0096,Simran Gupta,Speaker,Accessories,South,3,5419.78,16259.34,1190.1
ORD04287,2024-08-17,CUST0014,Anjali Mehta,Chair,Furniture,North,4,13477.06,53908.24,8113.2
ORD04288,2026-08-31,CUST0048,Isha Patel,Washing Machine,Home Appliances,Central,3,47145.14,141435.42,24555.14
ORD04289,2025-01-04,CUST0026,Navjot Kapoor,Mouse,Technology,South,7,1449.62,10147.34,1120.3
ORD04290,2024-02-06,CUST0097,Isha Verma,Mouse,Technology,Central,10,769.23,7692.3,1721.32
ORD04291,2026-01-14,CUST0079,Manpreet Verma,Smartphone,Technology,South,7,23453.53,164174.71,39869.03
ORD04292,2025-10-03,CUST0049,Priya Gupta,Speaker,Accessories,West,7,4652.31,32566.17,7366.48
ORD04293,2024-03-28,CUST0251,Priya Kumar,Monitor,Technology,North,2,34292.58,68585.16,15929.36
ORD04294,2025-05-05,CUST0440,Manpreet Verma,Chair,Furniture,East,9,10038.95,90350.55,18850.44
ORD04295,2024-01-24,CUST0019,Rahul Kumar,Television,Home Appliances,South,4,24521.23,98084.92,20239.27
ORD04296,2026-07-04,CUST0140,Aman Malhotra,Washing Machine,Home Appliances,Central,8,40352.58,322820.64,21087.49
ORD04297,2026-02-08,CUST0244,Navjot Gupta,Webcam,Accessories,South,8,1993.27,15946.16,2244.52
ORD04298,2024-08-01,CUST0184,Neha Verma,Speaker,Accessories,North,7,4552.26,31865.82,6410.78
ORD04299,2024-04-05,CUST0202,Navjot Verma,Smartphone,Technology,North,9,56349.59,507146.31,99206.88
ORD04300,2026-05-30,CUST0162,Navjot Patel,Headphones,Accessories,South,10,11495.17,114951.7,19818.86
ORD04301,2025-08-31,CUST0031,Isha Gupta,Power Bank,Accessories,Central,1,4452.51,4452.51,234.79
ORD04302,2026-01-02,CUST0144,Priya Patel,Power Bank,Accessories,South,10,2468.3,24683.0,2446.4
ORD04303,2024-04-20,CUST0393,Priya Singh,Table,Furniture,East,1,22250.54,22250.54,1242.82
ORD04304,2024-02-19,CUST0268,Navjot Gupta,Laptop,Technology,Central,2,74799.87,149599.74,15688.47
ORD04305,2024-02-01,CUST0216,Simran Malhotra,Table,Furniture,West,5,9565.14,47825.7,4452.5
ORD04306,2025-07-19,CUST0173,Rohit Kaur,Webcam,Accessories,South,9,3925.17,35326.53,6666.04
ORD04307,2026-05-10,CUST0320,Priya Singh,Table,Furniture,Central,10,16703.01,167030.1,32811.67
ORD04308,2026-05-08,CUST0253,Neha Verma,Table,Furniture,South,6,18114.97,108689.82,25288.52
ORD04309,2026-06-10,CUST0352,Priya Malhotra,Washing Machine,Home Appliances,North,6,56620.12,339720.72,38481.18
ORD04310,2026-07-30,CUST0109,Karan Kumar,Mouse,Technology,East,1,2887.04,2887.04,700.89
ORD04311,2024-07-30,CUST0266,Simran Mehta,Table,Furniture,Central,9,15709.14,141382.26,22926.37
ORD04312,2024-07-16,CUST0364,Arjun Malhotra,Speaker,Accessories,South,10,6851.12,68511.2,14951.72
ORD04313,2025-03-25,CUST0488,Rahul Sharma,Chair,Furniture,East,4,2423.04,9692.16,1281.68
ORD04314,2026-01-25,CUST0266,Simran Mehta,Microwave,Home Appliances,West,5,14000.74,70003.7,10742.22
ORD04315,2024-05-13,CUST0484,Simran Sharma,Television,Home Appliances,North,8,48396.06,387168.48,78728.69
ORD04316,2025-08-11,CUST0205,Arjun Kaur,Chair,Furniture,West,6,7945.79,47674.74,10872.33
ORD04317,2024-01-05,CUST0247,Arjun Singh,Headphones,Accessories,Central,6,2340.11,14040.66,2143.69
ORD04318,2024-07-01,CUST0053,Karan Verma,Monitor,Technology,Central,2,14832.66,29665.32,3677.74
ORD04319,2025-07-05,CUST0058,Karan Kapoor,Refrigerator,Home Appliances,West,2,69213.33,138426.66,8933.83
ORD04320,2026-06-17,CUST0061,Navjot Patel,Monitor,Technology,West,1,18441.18,18441.18,4093.01
ORD04321,2024-01-23,CUST0039,Anjali Gupta,Mouse,Technology,East,7,2018.93,14132.51,2822.31
ORD04322,2024-06-28,CUST0175,Simran Mehta,Washing Machine,Home Appliances,West,6,37712.36,226274.16,52485.06
ORD04323,2026-08-23,CUST0257,Karan Gupta,Sofa,Furniture,South,5,37795.07,188975.35,44405.4
ORD04324,2026-06-17,CUST0256,Harpreet Kumar,Headphones,Accessories,East,1,11875.02,11875.02,1064.96
ORD04325,2025-02-24,CUST0324,Isha Kaur,Washing Machine,Home Appliances,West,10,69577.76,695777.6,84073.91
ORD04326,2025-02-27,CUST0015,Arjun Sharma,Smartphone,Technology,South,2,79473.34,158946.68,10894.71
ORD04327,2025-08-24,CUST0078,Harpreet Patel,Speaker,Accessories,West,9,14412.23,129710.07,16250.27
ORD04328,2026-04-02,CUST0465,Simran Kumar,Refrigerator,Home Appliances,South,8,68332.59,546660.72,108648.23
ORD04329,2024-11-28,CUST0200,Rahul Kapoor,Desk,Furniture,West,1,17820.52,17820.52,4249.49
ORD04330,2025-02-20,CUST0011,Aman Patel,Desk,Furniture,East,10,4616.91,46169.1,7604.85
ORD04331,2026-02-10,CUST0017,Navjot Malhotra,Laptop,Technology,North,5,51338.55,256692.75,56787.24
ORD04332,2025-04-30,CUST0124,Isha Sharma,Washing Machine,Home Appliances,West,4,47222.59,188890.36,42372.08
ORD04333,2024-12-04,CUST0018,Neha Verma,Keyboard,Technology,Central,8,1525.43,12203.44,2875.01
ORD04334,2024-09-18,CUST0172,Rahul Sharma,Monitor,Technology,East,10,29905.13,299051.3,72050.75
ORD04335,2024-03-27,CUST0314,Priya Malhotra,Power Bank,Accessories,West,5,3219.53,16097.65,1249.78
ORD04336,2024-01-08,CUST0432,Arjun Kapoor,Microwave,Home Appliances,North,6,8478.18,50869.08,4258.31
ORD04337,2024-11-09,CUST0058,Karan Kapoor,Headphones,Accessories,West,8,8131.97,65055.76,5916.09
ORD04338,2024-04-30,CUST0297,Anjali Kapoor,Washing Machine,Home Appliances,West,4,48423.93,193695.72,21811.86
ORD04339,2026-01-19,CUST0365,Anjali Sharma,Table,Furniture,Central,7,25582.8,179079.6,18928.64
ORD04340,2025-03-31,CUST0311,Sahil Kaur,Headphones,Accessories,North,1,8555.37,8555.37,518.49
ORD04341,2025-11-02,CUST0239,Isha Kumar,Smartphone,Technology,East,10,57816.17,578161.7,61732.62
ORD04342,2024-10-04,CUST0230,Rahul Sharma,Headphones,Accessories,Central,4,9114.34,36457.36,2121.48
ORD04343,2025-12-23,CUST0155,Anjali Kapoor,Television,Home Appliances,South,5,74402.32,372011.6,31526.51
ORD04344,2024-08-06,CUST0161,Arjun Malhotra,Refrigerator,Home Appliances,West,9,75102.28,675920.52,61102.3
ORD04345,2025-07-22,CUST0087,Sahil Verma,Webcam,Accessories,North,8,8805.28,70442.24,11605.76
ORD04346,2025-01-22,CUST0338,Anjali Kumar,Chair,Furniture,East,7,13937.95,97565.65,22152.48
ORD04347,2025-07-27,CUST0327,Harpreet Patel,Power Bank,Accessories,South,2,1202.6,2405.2,284.61
ORD04348,2025-11-22,CUST0453,Simran Verma,Mouse,Technology,Central,8,2663.26,21306.08,5155.16
ORD04349,2025-08-13,CUST0405,Karan Kumar,Television,Home Appliances,North,1,94250.6,94250.6,13904.63
ORD04350,2025-01-25,CUST0060,Rahul Kumar,Headphones,Accessories,North,7,1836.73,12857.11,1305.76
ORD04351,2025-08-13,CUST0496,Arjun Kaur,Mouse,Technology,West,4,2640.65,10562.6,655.62
ORD04352,2025-05-16,CUST0186,Priya Verma,Refrigerator,Home Appliances,South,5,71201.81,356009.05,79971.22
ORD04353,2025-07-26,CUST0492,Simran Mehta,Refrigerator,Home Appliances,West,8,36882.28,295058.24,72023.03
ORD04354,2025-10-09,CUST0235,Harpreet Kaur,Laptop,Technology,South,9,68125.37,613128.33,139469.05
ORD04355,2026-02-07,CUST0175,Simran Mehta,Table,Furniture,Central,2,13358.36,26716.72,2173.8
ORD04356,2025-08-08,CUST0425,Mehak Patel,Mouse,Technology,Central,3,2922.28,8766.84,1150.52
ORD04357,2025-03-16,CUST0031,Isha Gupta,Power Bank,Accessories,East,1,2530.13,2530.13,201.6
ORD04358,2025-02-23,CUST0467,Navjot Patel,Table,Furniture,East,6,25723.62,154341.72,21897.21
ORD04359,2024-07-12,CUST0207,Arjun Kaur,Chair,Furniture,West,1,11990.97,11990.97,2587.91
ORD04360,2026-03-06,CUST0005,Harpreet Patel,Keyboard,Technology,North,4,995.9,3983.6,587.52
ORD04361,2024-02-07,CUST0271,Karan Mehta,Power Bank,Accessories,West,10,3956.13,39561.3,3756.71
ORD04362,2025-05-31,CUST0410,Manpreet Kaur,Mouse,Technology,East,9,2909.76,26187.84,2538.01
ORD04363,2026-06-04,CUST0305,Sahil Kumar,Sofa,Furniture,West,5,37126.86,185634.3,29360.85
ORD04364,2025-11-20,CUST0479,Rahul Verma,Sofa,Furniture,East,8,30642.59,245140.72,51403.23
ORD04365,2025-02-08,CUST0416,Harpreet Gupta,Microwave,Home Appliances,East,3,12016.58,36049.74,4881.64
ORD04366,2024-04-15,CUST0347,Navjot Kumar,Television,Home Appliances,West,9,80740.2,726661.8,59609.48
ORD04367,2026-07-30,CUST0301,Harpreet Kaur,Microwave,Home Appliances,North,6,15055.95,90335.7,4579.88
ORD04368,2025-03-23,CUST0100,Simran Kaur,Washing Machine,Home Appliances,South,3,57765.14,173295.42,10779.33
ORD04369,2026-07-14,CUST0204,Aman Patel,Chair,Furniture,East,7,4817.19,33720.33,6159.37
ORD04370,2025-09-18,CUST0177,Karan Kaur,Desk,Furniture,North,4,24001.38,96005.52,9437.77
ORD04371,2025-03-19,CUST0237,Isha Malhotra,Television,Home Appliances,Central,4,77257.47,309029.88,36157.2
ORD04372,2025-01-11,CUST0176,Simran Kumar,Table,Furniture,North,7,11794.07,82558.49,16423.06
ORD04373,2024-01-26,CUST0065,Karan Gupta,Refrigerator,Home Appliances,North,10,53753.14,537531.4,90687.43
ORD04374,2024-08-01,CUST0369,Sahil Kapoor,Refrigerator,Home Appliances,South,7,47960.83,335725.81,57105.56
ORD04375,2025-06-29,CUST0070,Rahul Singh,Power Bank,Accessories,East,5,1768.3,8841.5,671.1
ORD04376,2024-05-23,CUST0357,Aman Gupta,Speaker,Accessories,South,9,11939.96,107459.64,10334.99
ORD04377,2024-02-06,CUST0255,Priya Sharma,Table,Furniture,South,10,13425.46,134254.6,12294.97
ORD04378,2025-12-10,CUST0415,Simran Patel,Sofa,Furniture,Central,1,52104.85,52104.85,2677.21
ORD04379,2025-04-01,CUST0160,Arjun Kapoor,Table,Furniture,North,1,11274.58,11274.58,1024.67
ORD04380,2025-10-09,CUST0137,Karan Kapoor,Table,Furniture,Central,4,10830.54,43322.16,8082.18
ORD04381,2025-10-23,CUST0455,Navjot Kumar,Desk,Furniture,West,2,11709.82,23419.64,1769.98
ORD04382,2025-06-20,CUST0457,Neha Kapoor,Monitor,Technology,East,8,20547.98,164383.84,11540.65
ORD04383,2025-07-07,CUST0386,Aman Gupta,Keyboard,Technology,North,10,4787.81,47878.1,8701.61
ORD04384,2026-01-15,CUST0458,Rohit Patel,Webcam,Accessories,South,6,4641.0,27846.0,3102.95
ORD04385,2025-04-19,CUST0050,Sahil Sharma,Microwave,Home Appliances,Central,9,18648.07,167832.63,34961.23
ORD04386,2024-05-28,CUST0343,Isha Patel,Sofa,Furniture,West,6,28021.45,168128.7,15342.03
ORD04387,2024-05-15,CUST0102,Sahil Kaur,Webcam,Accessories,Central,5,6742.29,33711.45,6579.31
ORD04388,2025-09-13,CUST0285,Navjot Verma,Chair,Furniture,West,8,4872.33,38978.64,6732.46
ORD04389,2024-06-17,CUST0468,Manpreet Singh,Table,Furniture,North,6,7007.57,42045.42,2294.48
ORD04390,2025-11-28,CUST0305,Sahil Kumar,Microwave,Home Appliances,North,6,24315.09,145890.54,30035.29
ORD04391,2026-01-24,CUST0066,Priya Singh,Television,Home Appliances,Central,7,48670.42,340692.94,76788.85
ORD04392,2025-05-21,CUST0208,Isha Kaur,Keyboard,Technology,West,4,3514.18,14056.72,3487.38
ORD04393,2025-03-14,CUST0242,Isha Malhotra,Monitor,Technology,South,10,30378.63,303786.3,56415.54
ORD04394,2024-12-08,CUST0073,Karan Malhotra,Television,Home Appliances,South,1,90699.09,90699.09,8727.27
ORD04395,2024-12-26,CUST0159,Aman Malhotra,Sofa,Furniture,Central,3,32151.01,96453.03,6812.74
ORD04396,2025-08-09,CUST0389,Manpreet Sharma,Speaker,Accessories,West,8,13751.85,110014.8,11990.65
ORD04397,2025-07-23,CUST0117,Simran Gupta,Washing Machine,Home Appliances,Central,5,65681.6,328408.0,16894.8
ORD04398,2025-10-30,CUST0179,Priya Mehta,Washing Machine,Home Appliances,East,7,39567.42,276971.94,56983.94
ORD04399,2024-02-24,CUST0102,Sahil Kaur,Keyboard,Technology,South,8,1044.47,8355.76,780.76
ORD04400,2025-01-24,CUST0379,Neha Kumar,Laptop,Technology,West,8,79731.2,637849.6,151810.07
ORD04401,2025-12-22,CUST0114,Anjali Patel,Desk,Furniture,South,8,19452.44,155619.52,14157.88
ORD04402,2024-08-06,CUST0088,Sahil Patel,Desk,Furniture,Central,8,23280.61,186244.88,19291.31
ORD04403,2024-02-04,CUST0034,Aman Kumar,Power Bank,Accessories,Central,2,821.37,1642.74,272.78
ORD04404,2024-07-31,CUST0006,Simran Mehta,Microwave,Home Appliances,South,1,13530.28,13530.28,2700.08
ORD04405,2025-07-25,CUST0212,Priya Gupta,Washing Machine,Home Appliances,Central,8,66046.69,528373.52,108163.28
ORD04406,2026-08-19,CUST0322,Anjali Sharma,Sofa,Furniture,East,10,38134.41,381344.1,46757.92
ORD04407,2025-09-05,CUST0047,Karan Verma,Power Bank,Accessories,South,10,4138.83,41388.3,7622.86
ORD04408,2025-07-26,CUST0254,Sahil Kumar,Keyboard,Technology,North,6,2029.07,12174.42,2163.4
ORD04409,2025-03-04,CUST0008,Aman Kaur,Washing Machine,Home Appliances,West,4,57063.81,228255.24,44088.52
ORD04410,2024-08-27,CUST0493,Harpreet Sharma,Washing Machine,Home Appliances,Central,4,65536.66,262146.64,49213.64
ORD04411,2024-12-05,CUST0226,Rohit Sharma,Monitor,Technology,West,10,11530.73,115307.3,6457.08
ORD04412,2026-07-04,CUST0224,Simran Kaur,Television,Home Appliances,East,8,62015.69,496125.52,78618.07
ORD04413,2025-07-06,CUST0379,Neha Kumar,Power Bank,Accessories,Central,9,1180.4,10623.6,2490.94
ORD04414,2025-09-12,CUST0122,Navjot Sharma,Webcam,Accessories,West,5,3586.85,17934.25,2169.18
ORD04415,2024-11-27,CUST0261,Karan Patel,Refrigerator,Home Appliances,North,7,55235.47,386648.29,31530.6
ORD04416,2026-04-28,CUST0077,Harpreet Kaur,Chair,Furniture,West,10,8649.55,86495.5,15481.39
ORD04417,2026-06-14,CUST0144,Priya Patel,Speaker,Accessories,South,4,5080.44,20321.76,2227.96
ORD04418,2024-07-10,CUST0184,Neha Verma,Microwave,Home Appliances,North,3,17302.43,51907.29,12943.04
ORD04419,2024-03-06,CUST0352,Priya Malhotra,Microwave,Home Appliances,North,4,6611.68,26446.72,3990.3
ORD04420,2024-10-24,CUST0267,Karan Gupta,Smartphone,Technology,West,5,33108.22,165541.1,22169.51
ORD04421,2025-02-16,CUST0219,Neha Singh,Monitor,Technology,East,1,23859.95,23859.95,2204.36
ORD04422,2026-01-29,CUST0226,Rohit Sharma,Microwave,Home Appliances,North,10,14175.94,141759.4,10561.8
ORD04423,2026-02-11,CUST0219,Neha Singh,Smartphone,Technology,South,6,22419.35,134516.1,7917.07
ORD04424,2025-12-28,CUST0373,Mehak Mehta,Webcam,Accessories,Central,9,9821.79,88396.11,18362.55
ORD04425,2026-04-28,CUST0365,Anjali Sharma,Mouse,Technology,East,1,2757.35,2757.35,161.25
ORD04426,2025-07-10,CUST0063,Navjot Mehta,Refrigerator,Home Appliances,West,6,35040.01,210240.06,16021.22
ORD04427,2024-11-19,CUST0366,Karan Gupta,Headphones,Accessories,North,4,2104.59,8418.36,1289.06
ORD04428,2025-06-15,CUST0393,Priya Singh,Smartphone,Technology,North,8,51028.47,408227.76,36170.85
ORD04429,2026-05-26,CUST0055,Isha Mehta,Laptop,Technology,West,5,51061.57,255307.85,54158.29
ORD04430,2025-10-31,CUST0049,Priya Gupta,Monitor,Technology,North,7,23091.29,161639.03,32252.6
ORD04431,2026-01-11,CUST0307,Priya Kumar,Television,Home Appliances,East,7,31123.89,217867.23,38147.35
ORD04432,2026-01-27,CUST0019,Rahul Kumar,Washing Machine,Home Appliances,Central,2,24282.34,48564.68,8953.8
ORD04433,2025-05-19,CUST0114,Anjali Patel,Power Bank,Accessories,North,7,1142.23,7995.61,1671.01
ORD04434,2024-05-31,CUST0248,Manpreet Kaur,Mouse,Technology,Central,5,528.67,2643.35,454.83
ORD04435,2026-03-11,CUST0436,Neha Sharma,Table,Furniture,East,9,23780.34,214023.06,49532.31
ORD04436,2025-08-28,CUST0009,Priya Kumar,Headphones,Accessories,South,2,7601.79,15203.58,1227.53
ORD04437,2024-06-16,CUST0107,Arjun Patel,Chair,Furniture,South,5,11911.28,59556.4,9844.52
ORD04438,2025-11-23,CUST0022,Karan Kaur,Television,Home Appliances,North,4,71586.65,286346.6,41692.09
ORD04439,2024-06-07,CUST0480,Aman Sharma,Power Bank,Accessories,West,9,2325.5,20929.5,2506.34
ORD04440,2026-07-06,CUST0131,Mehak Kapoor,Keyboard,Technology,South,2,2477.59,4955.18,932.08
ORD04441,2025-02-01,CUST0464,Arjun Kumar,Speaker,Accessories,Central,4,11231.0,44924.0,10483.91
ORD04442,2024-06-21,CUST0426,Manpreet Kapoor,Television,Home Appliances,North,8,51492.73,411941.84,76108.25
ORD04443,2026-07-09,CUST0061,Navjot Patel,Headphones,Accessories,North,2,10146.09,20292.18,3214.45
ORD04444,2026-08-06,CUST0342,Neha Gupta,Table,Furniture,South,10,26870.04,268700.4,58778.55
ORD04445,2025-06-04,CUST0101,Navjot Kapoor,Smartphone,Technology,West,10,32718.23,327182.3,73604.02
ORD04446,2026-03-20,CUST0298,Anjali Kumar,Chair,Furniture,East,3,7579.48,22738.44,2142.7
ORD04447,2026-05-16,CUST0418,Sahil Kapoor,Microwave,Home Appliances,North,9,16544.46,148900.14,28324.2
ORD04448,2025-02-18,CUST0434,Mehak Mehta,Mouse,Technology,Central,2,2259.73,4519.46,741.84
ORD04449,2024-05-24,CUST0025,Manpreet Sharma,Washing Machine,Home Appliances,North,3,19603.76,58811.28,3988.04
ORD04450,2024-10-07,CUST0432,Arjun Kapoor,Sofa,Furniture,North,2,15264.86,30529.72,3999.08
ORD04451,2026-06-16,CUST0483,Harpreet Kapoor,Monitor,Technology,Central,7,14887.94,104215.58,22715.55
ORD04452,2026-04-03,CUST0360,Rohit Patel,Mouse,Technology,Central,2,1748.91,3497.82,354.44
ORD04453,2025-08-02,CUST0431,Sahil Kaur,Desk,Furniture,East,6,12921.89,77531.34,7964.21
ORD04454,2026-07-22,CUST0016,Manpreet Singh,Headphones,Accessories,Central,6,7496.85,44981.1,9703.63
ORD04455,2025-02-11,CUST0018,Neha Verma,Speaker,Accessories,West,8,10846.2,86769.6,8889.99
ORD04456,2024-05-25,CUST0305,Sahil Kumar,Desk,Furniture,Central,1,16001.47,16001.47,2358.97
ORD04457,2024-10-24,CUST0141,Navjot Gupta,Monitor,Technology,Central,10,11863.03,118630.3,21541.49
ORD04458,2024-07-14,CUST0184,Neha Verma,Power Bank,Accessories,Central,3,4612.34,13837.02,1566.89
ORD04459,2025-09-06,CUST0148,Priya Kaur,Power Bank,Accessories,East,10,3961.55,39615.5,2658.8
ORD04460,2025-06-21,CUST0100,Simran Kaur,Laptop,Technology,West,5,63444.77,317223.85,47289.77
ORD04461,2024-11-23,CUST0064,Karan Mehta,Webcam,Accessories,Central,7,7214.52,50501.64,11515.76
ORD04462,2026-04-05,CUST0465,Simran Kumar,Smartphone,Technology,West,7,77626.09,543382.63,41240.26
ORD04463,2026-02-26,CUST0491,Karan Kapoor,Headphones,Accessories,Central,7,2330.56,16313.92,2078.22
ORD04464,2024-05-10,CUST0205,Arjun Kaur,Headphones,Accessories,East,5,9447.93,47239.65,8000.17
ORD04465,2025-01-13,CUST0414,Karan Gupta,Power Bank,Accessories,West,1,2829.09,2829.09,212.15
ORD04466,2024-03-05,CUST0081,Simran Verma,Power Bank,Accessories,East,5,4250.38,21251.9,1253.03
ORD04467,2024-10-07,CUST0421,Navjot Singh,Speaker,Accessories,South,3,4284.8,12854.4,1471.29
ORD04468,2024-01-01,CUST0493,Harpreet Sharma,Desk,Furniture,Central,7,7178.8,50251.6,10865.83
ORD04469,2025-01-05,CUST0165,Arjun Kumar,Microwave,Home Appliances,North,8,22692.83,181542.64,15603.69
ORD04470,2026-02-24,CUST0174,Sahil Singh,Chair,Furniture,North,4,10137.19,40548.76,4707.37
ORD04471,2025-09-19,CUST0097,Isha Verma,Mouse,Technology,Central,7,1180.49,8263.43,440.7
ORD04472,2025-12-29,CUST0118,Aman Mehta,Refrigerator,Home Appliances,North,3,36954.03,110862.09,21631.44
ORD04473,2024-09-21,CUST0004,Rahul Kaur,Smartphone,Technology,South,10,74494.98,744949.8,77604.02
ORD04474,2024-02-01,CUST0372,Aman Malhotra,Monitor,Technology,Central,2,32536.88,65073.76,6911.32
ORD04475,2025-10-12,CUST0475,Arjun Kumar,Speaker,Accessories,West,4,5080.73,20322.92,3783.78
ORD04476,2024-06-01,CUST0449,Manpreet Kumar,Speaker,Accessories,North,5,10803.86,54019.3,3188.57
ORD04477,2024-08-10,CUST0476,Neha Singh,Keyboard,Technology,West,3,4708.35,14125.05,1350.6
ORD04478,2026-04-03,CUST0319,Manpreet Malhotra,Mouse,Technology,Central,1,772.62,772.62,186.99
ORD04479,2025-04-19,CUST0197,Isha Kaur,Desk,Furniture,Central,7,7415.12,51905.84,6164.38
ORD04480,2025-04-07,CUST0396,Anjali Verma,Speaker,Accessories,East,6,10670.32,64021.92,9653.67
ORD04481,2026-08-31,CUST0398,Rahul Mehta,Refrigerator,Home Appliances,Central,5,49190.81,245954.05,37004.7
ORD04482,2024-10-29,CUST0074,Mehak Kapoor,Sofa,Furniture,South,3,52078.43,156235.29,17641.06
ORD04483,2025-06-23,CUST0066,Priya Singh,Refrigerator,Home Appliances,Central,2,42885.49,85770.98,19710.79
ORD04484,2025-01-09,CUST0388,Manpreet Sharma,Chair,Furniture,South,4,6304.54,25218.16,2530.72
ORD04485,2025-04-29,CUST0284,Neha Malhotra,Sofa,Furniture,West,5,22147.7,110738.5,15312.49
ORD04486,2025-05-22,CUST0195,Rohit Verma,Headphones,Accessories,East,9,6855.05,61695.45,9821.69
ORD04487,2025-04-28,CUST0165,Arjun Kumar,Headphones,Accessories,East,3,8952.55,26857.65,1641.62
ORD04488,2025-09-10,CUST0107,Arjun Patel,Smartphone,Technology,South,7,60174.79,421223.53,67854.51
ORD04489,2024-02-05,CUST0053,Karan Verma,Refrigerator,Home Appliances,West,2,47729.27,95458.54,17309.82
ORD04490,2025-10-12,CUST0431,Sahil Kaur,Television,Home Appliances,North,5,36838.59,184192.95,17309.26
ORD04491,2025-08-28,CUST0008,Aman Kaur,Headphones,Accessories,Central,5,4050.99,20254.95,2452.76
ORD04492,2024-07-28,CUST0196,Rahul Gupta,Washing Machine,Home Appliances,South,5,54807.02,274035.1,28566.57
ORD04493,2026-04-18,CUST0036,Simran Kumar,Headphones,Accessories,South,6,9918.51,59511.06,5674.76
ORD04494,2025-04-23,CUST0455,Navjot Kumar,Microwave,Home Appliances,North,7,9127.93,63895.51,13954.78
ORD04495,2024-11-04,CUST0048,Isha Patel,Laptop,Technology,Central,5,84778.7,423893.5,40378.96
ORD04496,2026-04-13,CUST0308,Rahul Sharma,Webcam,Accessories,Central,9,7780.59,70025.31,13319.04
ORD04497,2026-05-07,CUST0368,Navjot Singh,Headphones,Accessories,West,9,9070.28,81632.52,12352.44
ORD04498,2025-08-09,CUST0263,Simran Verma,Headphones,Accessories,Central,3,11428.33,34284.99,2506.94
ORD04499,2024-08-12,CUST0079,Manpreet Verma,Webcam,Accessories,Central,7,3347.48,23432.36,5753.26
ORD04500,2024-08-03,CUST0066,Priya Singh,Webcam,Accessories,South,1,6458.66,6458.66,1553.41
ORD04501,2025-07-24,CUST0061,Navjot Patel,Table,Furniture,North,10,9655.42,96554.2,11036.01
ORD04502,2024-11-15,CUST0476,Neha Singh,Headphones,Accessories,Central,4,4188.22,16752.88,3135.34
ORD04503,2025-05-23,CUST0112,Navjot Verma,Power Bank,Accessories,East,8,2100.55,16804.4,3270.33
ORD04504,2026-02-19,CUST0004,Rahul Kaur,Headphones,Accessories,East,7,3432.98,24030.86,3177.51
ORD04505,2026-01-04,CUST0206,Isha Singh,Laptop,Technology,South,8,80332.61,642660.88,80670.03
ORD04506,2025-10-22,CUST0083,Anjali Sharma,Chair,Furniture,Central,3,13250.93,39752.79,8248.26
ORD04507,2025-05-30,CUST0066,Priya Singh,Mouse,Technology,West,4,2572.48,10289.92,2281.72
ORD04508,2024-05-16,CUST0443,Navjot Verma,Sofa,Furniture,West,5,40001.86,200009.3,40504.19
ORD04509,2026-01-09,CUST0134,Priya Kaur,Table,Furniture,East,1,9939.03,9939.03,2298.52
ORD04510,2025-02-14,CUST0330,Mehak Patel,Speaker,Accessories,West,1,10440.48,10440.48,2401.59
ORD04511,2024-09-15,CUST0017,Navjot Malhotra,Washing Machine,Home Appliances,East,2,69403.93,138807.86,11984.78
ORD04512,2025-06-17,CUST0106,Rohit Singh,Washing Machine,Home Appliances,East,9,48070.46,432634.14,29555.17
ORD04513,2024-01-30,CUST0441,Neha Verma,Webcam,Accessories,West,5,2333.66,11668.3,1006.54
ORD04514,2025-12-25,CUST0384,Anjali Sharma,Sofa,Furniture,North,2,40079.86,80159.72,11604.56
ORD04515,2025-12-06,CUST0158,Rahul Malhotra,Sofa,Furniture,West,9,26358.91,237230.19,16361.65
ORD04516,2025-12-27,CUST0373,Mehak Mehta,Washing Machine,Home Appliances,East,9,66137.25,595235.25,125772.07
ORD04517,2026-02-11,CUST0294,Priya Malhotra,Refrigerator,Home Appliances,South,4,25127.6,100510.4,15069.34
ORD04518,2025-12-06,CUST0472,Manpreet Patel,Smartphone,Technology,West,7,63414.37,443900.59,39366.99
ORD04519,2025-05-19,CUST0173,Rohit Kaur,Speaker,Accessories,West,8,8099.63,64797.04,8782.2
ORD04520,2024-08-01,CUST0250,Sahil Kapoor,Refrigerator,Home Appliances,East,9,45261.6,407354.4,55004.68
ORD04521,2024-08-13,CUST0046,Rahul Kapoor,Webcam,Accessories,Central,2,9986.57,19973.14,3334.81
ORD04522,2024-07-15,CUST0013,Karan Kumar,Refrigerator,Home Appliances,South,8,50264.71,402117.68,88865.22
ORD04523,2024-01-29,CUST0312,Anjali Malhotra,Keyboard,Technology,North,2,4368.0,8736.0,1071.59
ORD04524,2025-06-22,CUST0049,Priya Gupta,Laptop,Technology,North,2,53436.63,106873.26,12489.47
ORD04525,2025-05-26,CUST0158,Rahul Malhotra,Refrigerator,Home Appliances,Central,7,72456.86,507198.02,123940.95
ORD04526,2024-01-03,CUST0081,Simran Verma,Monitor,Technology,Central,10,34806.22,348062.2,18291.8
ORD04527,2026-07-18,CUST0487,Anjali Gupta,Headphones,Accessories,East,7,9802.51,68617.57,14098.68
ORD04528,2024-04-01,CUST0423,Navjot Patel,Headphones,Accessories,East,10,4430.53,44305.3,7272.15
ORD04529,2025-09-19,CUST0464,Arjun Kumar,Speaker,Accessories,Central,1,8659.26,8659.26,1093.53
ORD04530,2025-08-21,CUST0196,Rahul Gupta,Speaker,Accessories,West,3,6725.91,20177.73,4954.88
ORD04531,2024-11-08,CUST0061,Navjot Patel,Smartphone,Technology,South,8,63317.28,506538.24,43684.29
ORD04532,2025-03-25,CUST0346,Karan Singh,Chair,Furniture,South,7,6729.83,47108.81,7703.36
ORD04533,2026-05-14,CUST0459,Neha Malhotra,Washing Machine,Home Appliances,East,8,50263.39,402107.12,28433.66
ORD04534,2024-05-01,CUST0186,Priya Verma,Speaker,Accessories,North,8,3618.9,28951.2,4151.05
ORD04535,2025-04-22,CUST0349,Karan Gupta,Washing Machine,Home Appliances,West,2,53247.11,106494.22,23078.08
ORD04536,2024-12-14,CUST0106,Rohit Singh,Sofa,Furniture,West,10,15207.11,152071.1,20499.5
ORD04537,2025-09-11,CUST0261,Karan Patel,Headphones,Accessories,West,9,1384.27,12458.43,1477.63
ORD04538,2026-04-17,CUST0103,Manpreet Patel,Microwave,Home Appliances,Central,8,24739.89,197919.12,44016.91
ORD04539,2026-06-23,CUST0151,Harpreet Patel,Table,Furniture,West,7,29821.48,208750.36,21868.97
ORD04540,2025-05-19,CUST0027,Rohit Kaur,Sofa,Furniture,West,8,24034.41,192275.28,24827.1
ORD04541,2025-06-14,CUST0454,Priya Malhotra,Microwave,Home Appliances,West,5,21361.03,106805.15,21048.13
ORD04542,2025-03-29,CUST0336,Sahil Verma,Power Bank,Accessories,North,10,3399.89,33998.9,6004.3
ORD04543,2026-06-03,CUST0179,Priya Mehta,Refrigerator,Home Appliances,East,8,39255.34,314042.72,72677.3
ORD04544,2025-05-22,CUST0332,Anjali Singh,Smartphone,Technology,South,6,27723.14,166338.84,16345.7
ORD04545,2024-11-18,CUST0308,Rahul Sharma,Mouse,Technology,South,9,2312.44,20811.96,3584.41
ORD04546,2026-04-14,CUST0329,Neha Kapoor,Washing Machine,Home Appliances,East,4,63631.52,254526.08,35171.75
ORD04547,2024-08-09,CUST0144,Priya Patel,Keyboard,Technology,South,6,3004.9,18029.4,1729.28
ORD04548,2024-05-03,CUST0374,Harpreet Sharma,Microwave,Home Appliances,South,3,17026.57,51079.71,9925.97
ORD04549,2026-07-29,CUST0209,Navjot Patel,Webcam,Accessories,East,9,9796.15,88165.35,5164.72
ORD04550,2026-04-02,CUST0416,Harpreet Gupta,Keyboard,Technology,East,4,1729.93,6919.72,422.6
ORD04551,2026-04-10,CUST0045,Rohit Kumar,Television,Home Appliances,East,7,76345.41,534417.87,50066.77
ORD04552,2025-06-12,CUST0430,Sahil Kumar,Monitor,Technology,South,3,10790.71,32372.13,4257.66
ORD04553,2025-04-23,CUST0446,Simran Kumar,Power Bank,Accessories,East,5,1665.1,8325.5,1955.7
ORD04554,2026-02-02,CUST0332,Anjali Singh,Webcam,Accessories,North,7,7379.08,51653.56,11506.03
ORD04555,2025-08-07,CUST0127,Priya Verma,Table,Furniture,Central,4,27585.72,110342.88,23662.72
ORD04556,2025-12-26,CUST0243,Aman Singh,Television,Home Appliances,Central,3,43532.32,130596.96,26969.83
ORD04557,2025-05-15,CUST0146,Karan Singh,Laptop,Technology,West,1,92627.55,92627.55,7948.17
ORD04558,2025-02-05,CUST0023,Neha Gupta,Headphones,Accessories,East,10,8502.68,85026.8,9827.36
ORD04559,2024-07-20,CUST0266,Simran Mehta,Microwave,Home Appliances,South,8,15039.75,120318.0,10881.19
ORD04560,2024-11-25,CUST0442,Isha Mehta,Keyboard,Technology,West,5,1166.22,5831.1,542.25
ORD04561,2024-08-03,CUST0442,Isha Mehta,Washing Machine,Home Appliances,East,8,54702.35,437618.8,68102.67
ORD04562,2024-01-30,CUST0012,Priya Patel,Refrigerator,Home Appliances,West,3,48692.61,146077.83,29523.1
ORD04563,2024-03-28,CUST0441,Neha Verma,Webcam,Accessories,Central,8,5178.06,41424.48,2572.15
ORD04564,2025-02-12,CUST0349,Karan Gupta,Smartphone,Technology,North,4,51980.0,207920.0,47116.59
ORD04565,2025-01-07,CUST0442,Isha Mehta,Chair,Furniture,Central,8,3655.89,29247.12,4163.16
ORD04566,2024-09-11,CUST0331,Karan Patel,Television,Home Appliances,West,4,74490.03,297960.12,69080.66
ORD04567,2024-01-12,CUST0211,Arjun Mehta,Headphones,Accessories,West,9,4679.13,42112.17,8662.49
ORD04568,2025-01-07,CUST0297,Anjali Kapoor,Laptop,Technology,North,7,77678.11,543746.77,119082.96
ORD04569,2025-04-10,CUST0454,Priya Malhotra,Keyboard,Technology,Central,8,1922.78,15382.24,879.29
ORD04570,2024-07-19,CUST0105,Rahul Kapoor,Microwave,Home Appliances,North,5,16087.25,80436.25,12263.15
ORD04571,2024-12-02,CUST0117,Simran Gupta,Washing Machine,Home Appliances,East,7,42046.89,294328.23,69443.6
ORD04572,2024-07-08,CUST0354,Navjot Sharma,Monitor,Technology,Central,10,31696.3,316963.0,24044.57
ORD04573,2026-04-18,CUST0030,Arjun Mehta,Smartphone,Technology,Central,8,18237.89,145903.12,23463.59
ORD04574,2026-02-01,CUST0126,Simran Patel,Webcam,Accessories,Central,2,3588.49,7176.98,973.23
ORD04575,2025-11-05,CUST0167,Navjot Patel,Washing Machine,Home Appliances,Central,1,69680.06,69680.06,11160.32
ORD04576,2024-02-04,CUST0462,Navjot Kapoor,Refrigerator,Home Appliances,West,3,21676.85,65030.55,15889.8
ORD04577,2025-09-26,CUST0321,Manpreet Patel,Microwave,Home Appliances,Central,6,6096.5,36579.0,2959.35
ORD04578,2026-07-22,CUST0400,Manpreet Singh,Laptop,Technology,North,3,84593.03,253779.09,23181.33
ORD04579,2025-09-06,CUST0461,Neha Gupta,Sofa,Furniture,South,4,32149.38,128597.52,6978.49
ORD04580,2024-01-04,CUST0467,Navjot Patel,Desk,Furniture,South,7,21843.41,152903.87,18428.72
ORD04581,2026-05-11,CUST0016,Manpreet Singh,Headphones,Accessories,North,5,9835.7,49178.5,10377.59
ORD04582,2024-05-29,CUST0412,Manpreet Sharma,Sofa,Furniture,Central,3,24381.62,73144.86,4034.03
ORD04583,2024-10-26,CUST0183,Mehak Patel,Chair,Furniture,South,6,9259.54,55557.24,2826.52
ORD04584,2025-12-10,CUST0103,Manpreet Patel,Mouse,Technology,West,1,850.08,850.08,171.39
ORD04585,2024-02-03,CUST0478,Navjot Patel,Chair,Furniture,Central,2,5912.43,11824.86,2440.09
ORD04586,2024-08-10,CUST0122,Navjot Sharma,Monitor,Technology,Central,5,16027.69,80138.45,15367.61
ORD04587,2025-06-22,CUST0184,Neha Verma,Power Bank,Accessories,South,4,3320.01,13280.04,2222.85
ORD04588,2024-03-27,CUST0139,Harpreet Kaur,Washing Machine,Home Appliances,Central,2,30308.51,60617.02,7574.07
ORD04589,2026-06-10,CUST0081,Simran Verma,Speaker,Accessories,South,4,13104.1,52416.4,10637.27
ORD04590,2024-07-08,CUST0224,Simran Kaur,Refrigerator,Home Appliances,East,2,61081.71,122163.42,18433.07
ORD04591,2024-03-22,CUST0187,Karan Singh,Power Bank,Accessories,East,9,4050.82,36457.38,6645.33
ORD04592,2025-03-09,CUST0464,Arjun Kumar,Television,Home Appliances,Central,9,35712.66,321413.94,24037.49
ORD04593,2025-11-22,CUST0169,Aman Sharma,Washing Machine,Home Appliances,East,8,56570.55,452564.4,57718.31
ORD04594,2026-05-15,CUST0008,Aman Kaur,Washing Machine,Home Appliances,East,2,48430.59,96861.18,21983.13
ORD04595,2025-12-29,CUST0378,Arjun Malhotra,Mouse,Technology,East,5,1930.27,9651.35,1038.69
ORD04596,2025-01-04,CUST0022,Karan Kaur,Desk,Furniture,East,7,4562.01,31934.07,5401.07
ORD04597,2024-03-20,CUST0402,Mehak Sharma,Refrigerator,Home Appliances,North,6,45778.71,274672.26,41656.99
ORD04598,2026-02-25,CUST0260,Neha Patel,Table,Furniture,West,6,16165.92,96995.52,10669.99
ORD04599,2025-01-13,CUST0322,Anjali Sharma,Power Bank,Accessories,East,10,1940.34,19403.4,4361.42
ORD04600,2024-10-22,CUST0451,Harpreet Kapoor,Smartphone,Technology,Central,8,25177.76,201422.08,16048.7
ORD04601,2025-05-20,CUST0416,Harpreet Gupta,Sofa,Furniture,North,10,41826.08,418260.8,24136.78
ORD04602,2025-07-14,CUST0364,Arjun Malhotra,Washing Machine,Home Appliances,East,10,64420.78,644207.8,158896.79
ORD04603,2024-05-15,CUST0292,Rohit Sharma,Power Bank,Accessories,South,2,4564.83,9129.66,1253.28
ORD04604,2024-12-03,CUST0348,Simran Malhotra,Microwave,Home Appliances,East,8,18520.83,148166.64,10887.67
ORD04605,2025-03-17,CUST0301,Harpreet Kaur,Desk,Furniture,West,3,22934.4,68803.2,14125.62
ORD04606,2024-06-05,CUST0135,Simran Malhotra,Keyboard,Technology,West,3,2064.73,6194.19,1438.62
ORD04607,2026-04-16,CUST0076,Rohit Sharma,Power Bank,Accessories,East,2,2313.88,4627.76,1103.18
ORD04608,2025-10-14,CUST0486,Anjali Kapoor,Smartphone,Technology,North,8,29341.35,234730.8,54288.64
ORD04609,2026-03-20,CUST0029,Simran Patel,Washing Machine,Home Appliances,East,6,67939.88,407639.28,65685.72
ORD04610,2026-03-31,CUST0181,Mehak Kaur,Washing Machine,Home Appliances,South,6,64161.97,384971.82,90363.06
ORD04611,2026-03-24,CUST0491,Karan Kapoor,Keyboard,Technology,West,4,4966.83,19867.32,1802.11
ORD04612,2025-09-19,CUST0359,Sahil Malhotra,Power Bank,Accessories,East,9,2937.69,26439.21,5659.96
ORD04613,2025-05-29,CUST0389,Manpreet Sharma,Monitor,Technology,West,10,34689.83,346898.3,23704.1
ORD04614,2026-07-21,CUST0389,Manpreet Sharma,Monitor,Technology,East,8,13424.92,107399.36,7277.26
ORD04615,2025-08-15,CUST0349,Karan Gupta,Webcam,Accessories,West,2,8010.65,16021.3,2806.12
ORD04616,2026-03-08,CUST0299,Rohit Kapoor,Table,Furniture,Central,7,14774.23,103419.61,23521.07
ORD04617,2025-08-12,CUST0350,Rohit Kapoor,Chair,Furniture,Central,7,10686.99,74808.93,4279.77
ORD04618,2026-03-20,CUST0260,Neha Patel,Television,Home Appliances,Central,1,98259.09,98259.09,12155.71
ORD04619,2024-06-14,CUST0101,Navjot Kapoor,Laptop,Technology,West,4,46481.61,185926.44,15737.24
ORD04620,2026-01-21,CUST0146,Karan Singh,Laptop,Technology,South,4,76665.35,306661.4,57405.32
ORD04621,2026-07-20,CUST0363,Anjali Kumar,Sofa,Furniture,North,10,25934.72,259347.2,15175.18
ORD04622,2025-09-21,CUST0341,Priya Verma,Sofa,Furniture,South,2,38344.2,76688.4,12417.35
ORD04623,2026-02-09,CUST0271,Karan Mehta,Washing Machine,Home Appliances,West,8,67534.76,540278.08,83173.99
ORD04624,2026-04-03,CUST0396,Anjali Verma,Power Bank,Accessories,South,5,2497.56,12487.8,2823.94
ORD04625,2024-07-09,CUST0379,Neha Kumar,Mouse,Technology,East,9,1081.46,9733.14,1848.05
ORD04626,2026-04-15,CUST0096,Simran Gupta,Power Bank,Accessories,West,5,2026.83,10134.15,808.5
ORD04627,2025-12-01,CUST0158,Rahul Malhotra,Television,Home Appliances,South,9,36900.86,332107.74,29499.43
ORD04628,2025-10-28,CUST0390,Priya Kumar,Power Bank,Accessories,East,8,2507.15,20057.2,3385.19
ORD04629,2025-08-03,CUST0266,Simran Mehta,Mouse,Technology,South,5,1685.93,8429.65,881.11
ORD04630,2024-09-20,CUST0160,Arjun Kapoor,Power Bank,Accessories,West,5,3587.76,17938.8,4241.68
ORD04631,2025-03-23,CUST0418,Sahil Kapoor,Desk,Furniture,West,6,9235.75,55414.5,6431.2
ORD04632,2025-10-03,CUST0160,Arjun Kapoor,Table,Furniture,West,1,20376.25,20376.25,4855.86
ORD04633,2025-08-26,CUST0406,Simran Mehta,Mouse,Technology,West,7,2846.86,19928.02,2065.61
ORD04634,2025-07-04,CUST0200,Rahul Kapoor,Headphones,Accessories,South,2,11546.1,23092.2,4208.73
ORD04635,2025-07-27,CUST0430,Sahil Kumar,Table,Furniture,West,3,11074.83,33224.49,3430.69
ORD04636,2025-12-24,CUST0071,Manpreet Malhotra,Chair,Furniture,Central,4,4945.23,19780.92,1900.57
ORD04637,2025-02-27,CUST0397,Manpreet Gupta,Television,Home Appliances,West,2,98406.12,196812.24,17860.81
ORD04638,2024-09-28,CUST0471,Arjun Mehta,Washing Machine,Home Appliances,East,4,43780.16,175120.64,10558.3
ORD04639,2025-10-29,CUST0168,Aman Gupta,Webcam,Accessories,East,8,7244.13,57953.04,10577.5
ORD04640,2024-12-27,CUST0423,Navjot Patel,Power Bank,Accessories,East,1,3158.81,3158.81,192.13
ORD04641,2024-09-24,CUST0035,Manpreet Verma,Sofa,Furniture,East,8,43674.06,349392.48,63006.54
ORD04642,2024-02-07,CUST0482,Navjot Singh,Refrigerator,Home Appliances,East,4,87768.06,351072.24,29181.74
ORD04643,2024-09-14,CUST0211,Arjun Mehta,Monitor,Technology,East,6,33977.48,203864.88,18057.65
ORD04644,2025-06-06,CUST0091,Manpreet Singh,Laptop,Technology,West,2,57510.36,115020.72,28310.87
ORD04645,2024-09-12,CUST0227,Sahil Gupta,Microwave,Home Appliances,East,6,19591.82,117550.92,9105.21
ORD04646,2025-11-04,CUST0043,Navjot Kaur,Mouse,Technology,North,6,2927.53,17565.18,3234.35
ORD04647,2024-11-20,CUST0412,Manpreet Sharma,Microwave,Home Appliances,Central,2,13107.26,26214.52,2545.08
ORD04648,2026-07-23,CUST0164,Rahul Kumar,Mouse,Technology,South,5,718.98,3594.9,890.74
ORD04649,2024-07-28,CUST0427,Anjali Malhotra,Sofa,Furniture,South,7,55456.93,388198.51,74551.0
ORD04650,2025-07-15,CUST0438,Rahul Kapoor,Headphones,Accessories,North,3,9573.57,28720.71,2626.26
ORD04651,2024-03-20,CUST0001,Harpreet Kaur,Headphones,Accessories,West,9,11121.02,100089.18,17327.49
ORD04652,2024-09-30,CUST0023,Neha Gupta,Monitor,Technology,East,10,12079.74,120797.4,8009.39
ORD04653,2026-05-17,CUST0236,Neha Patel,Microwave,Home Appliances,South,10,12875.14,128751.4,6976.51
ORD04654,2024-04-25,CUST0243,Aman Singh,Smartphone,Technology,East,10,34594.3,345943.0,46993.9
ORD04655,2025-05-05,CUST0111,Manpreet Kumar,Refrigerator,Home Appliances,East,1,23132.31,23132.31,4059.77
ORD04656,2024-06-05,CUST0064,Karan Mehta,Chair,Furniture,South,1,7565.39,7565.39,1279.06
ORD04657,2024-04-22,CUST0056,Isha Gupta,Power Bank,Accessories,East,4,2007.5,8030.0,1723.41
ORD04658,2024-05-09,CUST0229,Rahul Malhotra,Table,Furniture,West,4,6093.18,24372.72,1621.69
ORD04659,2025-02-11,CUST0145,Anjali Singh,Chair,Furniture,North,7,4335.0,30345.0,4013.03
ORD04660,2024-12-13,CUST0090,Rahul Gupta,Table,Furniture,Central,7,15042.65,105298.55,25651.19
ORD04661,2024-06-02,CUST0012,Priya Patel,Speaker,Accessories,West,6,4882.38,29294.28,3408.43
ORD04662,2025-04-29,CUST0234,Priya Kumar,Chair,Furniture,North,7,10767.88,75375.16,13251.81
ORD04663,2024-12-30,CUST0074,Mehak Kapoor,Webcam,Accessories,West,1,2458.24,2458.24,560.11
ORD04664,2024-03-18,CUST0282,Rohit Verma,Headphones,Accessories,North,1,5688.93,5688.93,647.64
ORD04665,2025-04-09,CUST0498,Rohit Malhotra,Chair,Furniture,Central,2,11071.72,22143.44,4868.86
ORD04666,2024-08-23,CUST0104,Manpreet Singh,Table,Furniture,South,4,14124.39,56497.56,9314.75
ORD04667,2024-03-24,CUST0009,Priya Kumar,Washing Machine,Home Appliances,West,10,45545.71,455457.1,86615.45
ORD04668,2024-05-28,CUST0170,Mehak Kapoor,Headphones,Accessories,North,10,10860.23,108602.3,11876.75
ORD04669,2024-09-28,CUST0362,Isha Kumar,Chair,Furniture,West,3,3922.77,11768.31,1520.34
ORD04670,2026-01-08,CUST0384,Anjali Sharma,Washing Machine,Home Appliances,North,10,56439.21,564392.1,30990.75
ORD04671,2024-02-03,CUST0156,Priya Malhotra,Laptop,Technology,East,5,59379.63,296898.15,47169.58
ORD04672,2025-01-08,CUST0051,Priya Sharma,Mouse,Technology,South,5,1053.39,5266.95,675.59
ORD04673,2025-12-26,CUST0115,Anjali Kaur,Speaker,Accessories,East,1,11813.36,11813.36,1336.59
ORD04674,2026-04-19,CUST0359,Sahil Malhotra,Refrigerator,Home Appliances,Central,1,52582.36,52582.36,2659.6
ORD04675,2026-08-09,CUST0461,Neha Gupta,Television,Home Appliances,West,5,49477.74,247388.7,23911.96
ORD04676,2026-02-03,CUST0017,Navjot Malhotra,Chair,Furniture,East,1,12221.77,12221.77,2636.12
ORD04677,2026-06-13,CUST0226,Rohit Sharma,Laptop,Technology,Central,6,89134.91,534809.46,102016.37
ORD04678,2024-04-04,CUST0087,Sahil Verma,Table,Furniture,West,10,28010.64,280106.4,55732.77
ORD04679,2025-03-31,CUST0329,Neha Kapoor,Microwave,Home Appliances,East,8,16054.54,128436.32,16146.79
ORD04680,2026-03-03,CUST0019,Rahul Kumar,Television,Home Appliances,Central,4,56954.36,227817.44,55490.51
ORD04681,2026-07-02,CUST0123,Priya Kaur,Laptop,Technology,Central,6,98861.9,593171.4,115206.8
ORD04682,2024-08-04,CUST0043,Navjot Kaur,Speaker,Accessories,West,2,4839.21,9678.42,1428.78
ORD04683,2024-02-14,CUST0148,Priya Kaur,Headphones,Accessories,West,5,6710.45,33552.25,6527.14
ORD04684,2026-08-11,CUST0180,Mehak Sharma,Washing Machine,Home Appliances,East,6,61057.8,366346.8,60149.3
ORD04685,2024-01-07,CUST0240,Sahil Singh,Keyboard,Technology,Central,7,4380.47,30663.29,6837.94
ORD04686,2025-10-25,CUST0134,Priya Kaur,Speaker,Accessories,East,8,13236.2,105889.6,16687.88
ORD04687,2024-06-12,CUST0218,Aman Sharma,Table,Furniture,West,10,16254.17,162541.7,29635.84
ORD04688,2025-03-22,CUST0014,Anjali Mehta,Sofa,Furniture,Central,2,50443.62,100887.24,7491.5
ORD04689,2026-03-17,CUST0441,Neha Verma,Laptop,Technology,South,10,41583.37,415833.7,94489.99
ORD04690,2025-08-08,CUST0224,Simran Kaur,Mouse,Technology,North,10,2123.38,21233.8,2243.73
ORD04691,2025-05-26,CUST0418,Sahil Kapoor,Keyboard,Technology,West,4,1005.63,4022.52,1001.34
ORD04692,2026-04-23,CUST0342,Neha Gupta,Chair,Furniture,West,9,6481.43,58332.87,8304.64
ORD04693,2025-12-15,CUST0436,Neha Sharma,Headphones,Accessories,West,10,1930.9,19309.0,2757.89
ORD04694,2025-11-02,CUST0260,Neha Patel,Chair,Furniture,Central,6,3367.36,20204.16,2734.85
ORD04695,2025-10-12,CUST0466,Neha Kaur,Webcam,Accessories,East,8,5189.12,41512.96,5808.48
ORD04696,2025-08-30,CUST0493,Harpreet Sharma,Microwave,Home Appliances,South,10,19211.92,192119.2,35958.82
ORD04697,2025-01-12,CUST0077,Harpreet Kaur,Monitor,Technology,West,2,31363.66,62727.32,15317.19
ORD04698,2024-02-15,CUST0123,Priya Kaur,Webcam,Accessories,North,10,7710.16,77101.6,6549.13
ORD04699,2026-01-09,CUST0254,Sahil Kumar,Television,Home Appliances,Central,5,51075.34,255376.7,57678.4
ORD04700,2026-01-18,CUST0214,Rohit Kapoor,Speaker,Accessories,North,2,6401.93,12803.86,2051.17
ORD04701,2025-09-13,CUST0251,Priya Kumar,Webcam,Accessories,South,5,5831.53,29157.65,4368.55
ORD04702,2025-09-10,CUST0192,Mehak Mehta,Washing Machine,Home Appliances,Central,4,29240.33,116961.32,14569.72
ORD04703,2026-05-12,CUST0303,Harpreet Mehta,Headphones,Accessories,North,3,2951.88,8855.64,1811.9
ORD04704,2025-08-14,CUST0314,Priya Malhotra,Chair,Furniture,North,5,11061.37,55306.85,7475.12
ORD04705,2025-08-22,CUST0077,Harpreet Kaur,Power Bank,Accessories,Central,2,1270.13,2540.26,415.89
ORD04706,2024-03-19,CUST0097,Isha Verma,Desk,Furniture,South,1,9018.49,9018.49,834.91
ORD04707,2025-06-11,CUST0392,Mehak Singh,Speaker,Accessories,West,7,2034.67,14242.69,2222.91
ORD04708,2025-12-07,CUST0192,Mehak Mehta,Table,Furniture,South,6,13235.6,79413.6,6796.79
ORD04709,2025-05-31,CUST0028,Isha Malhotra,Desk,Furniture,North,8,20286.59,162292.72,16345.51
ORD04710,2026-02-02,CUST0059,Rahul Verma,Table,Furniture,East,10,15080.77,150807.7,13481.24
ORD04711,2024-05-20,CUST0063,Navjot Mehta,Speaker,Accessories,Central,3,9202.9,27608.7,5801.38
ORD04712,2026-07-16,CUST0114,Anjali Patel,Keyboard,Technology,North,9,3508.11,31572.99,4303.41
ORD04713,2026-02-15,CUST0407,Navjot Kumar,Desk,Furniture,North,8,18398.86,147190.88,18355.34
ORD04714,2026-03-10,CUST0162,Navjot Patel,Microwave,Home Appliances,Central,8,19161.74,153293.92,29885.28
ORD04715,2024-08-04,CUST0041,Neha Kumar,Webcam,Accessories,East,3,3232.64,9697.92,1783.09
ORD04716,2024-03-19,CUST0329,Neha Kapoor,Refrigerator,Home Appliances,North,9,44481.95,400337.55,94078.72
ORD04717,2025-04-15,CUST0354,Navjot Sharma,Microwave,Home Appliances,South,10,12682.65,126826.5,9910.79
ORD04718,2025-12-19,CUST0026,Navjot Kapoor,Television,Home Appliances,East,4,77311.2,309244.8,38997.94
ORD04719,2024-07-23,CUST0231,Arjun Gupta,Microwave,Home Appliances,Central,10,9542.61,95426.1,9668.23
ORD04720,2026-04-05,CUST0052,Manpreet Gupta,Power Bank,Accessories,Central,8,4537.63,36301.04,8904.5
ORD04721,2024-08-21,CUST0275,Isha Patel,Washing Machine,Home Appliances,Central,10,18861.78,188617.8,38063.71
ORD04722,2024-03-10,CUST0330,Mehak Patel,Washing Machine,Home Appliances,North,1,59697.01,59697.01,12367.42
ORD04723,2025-09-29,CUST0154,Rahul Malhotra,Sofa,Furniture,South,10,50078.48,500784.8,72507.96
ORD04724,2025-06-21,CUST0179,Priya Mehta,Refrigerator,Home Appliances,North,1,28031.25,28031.25,2000.33
ORD04725,2026-06-02,CUST0259,Manpreet Verma,Headphones,Accessories,Central,3,3355.41,10066.23,2038.74
ORD04726,2024-11-10,CUST0126,Simran Patel,Microwave,Home Appliances,Central,6,24451.48,146708.88,13501.24
ORD04727,2024-07-12,CUST0455,Navjot Kumar,Laptop,Technology,East,8,45349.15,362793.2,20866.68
ORD04728,2026-05-07,CUST0235,Harpreet Kaur,Microwave,Home Appliances,West,2,7011.0,14022.0,3142.75
ORD04729,2024-10-17,CUST0147,Arjun Kapoor,Sofa,Furniture,West,6,23431.94,140591.64,32577.66
ORD04730,2024-09-13,CUST0084,Navjot Verma,Smartphone,Technology,West,4,77305.92,309223.68,36592.45
ORD04731,2025-05-16,CUST0319,Manpreet Malhotra,Table,Furniture,North,10,21590.28,215902.8,23079.61
ORD04732,2025-01-27,CUST0385,Navjot Patel,Speaker,Accessories,North,4,10496.51,41986.04,4418.57
ORD04733,2024-02-21,CUST0471,Arjun Mehta,Washing Machine,Home Appliances,West,1,42558.79,42558.79,8262.72
ORD04734,2025-01-01,CUST0026,Navjot Kapoor,Chair,Furniture,North,10,2669.13,26691.3,6647.27
ORD04735,2026-01-25,CUST0201,Sahil Patel,Desk,Furniture,North,5,6802.69,34013.45,6002.74
ORD04736,2024-04-19,CUST0379,Neha Kumar,Chair,Furniture,West,3,13864.2,41592.6,4500.86
ORD04737,2024-12-11,CUST0174,Sahil Singh,Headphones,Accessories,West,1,5212.67,5212.67,1204.59
ORD04738,2024-07-15,CUST0130,Rahul Mehta,Mouse,Technology,South,6,2329.83,13978.98,1453.29
ORD04739,2024-12-14,CUST0346,Karan Singh,Sofa,Furniture,Central,1,32642.96,32642.96,2549.27
ORD04740,2025-03-25,CUST0410,Manpreet Kaur,Monitor,Technology,Central,6,32429.35,194576.1,31207.1
ORD04741,2024-12-03,CUST0051,Priya Sharma,Microwave,Home Appliances,South,10,16427.28,164272.8,10169.95
ORD04742,2025-10-20,CUST0378,Arjun Malhotra,Refrigerator,Home Appliances,North,10,31912.88,319128.8,71024.48
ORD04743,2024-04-25,CUST0334,Anjali Verma,Refrigerator,Home Appliances,East,10,59930.02,599300.2,62367.34
ORD04744,2025-01-05,CUST0057,Priya Kapoor,Television,Home Appliances,West,4,78841.77,315367.08,67208.98
ORD04745,2024-06-06,CUST0462,Navjot Kapoor,Chair,Furniture,North,3,5698.63,17095.89,2264.14
ORD04746,2024-11-05,CUST0464,Arjun Kumar,Smartphone,Technology,North,1,67455.37,67455.37,4830.78
ORD04747,2025-03-22,CUST0078,Harpreet Patel,Mouse,Technology,Central,5,2755.43,13777.15,2622.73
ORD04748,2025-12-08,CUST0258,Arjun Kaur,Power Bank,Accessories,Central,5,2328.75,11643.75,1848.47
ORD04749,2025-11-08,CUST0076,Rohit Sharma,Speaker,Accessories,West,10,14183.19,141831.9,10626.73
ORD04750,2025-12-11,CUST0235,Harpreet Kaur,Television,Home Appliances,Central,5,92616.97,463084.85,111750.88
ORD04751,2024-01-27,CUST0064,Karan Mehta,Refrigerator,Home Appliances,North,2,75712.77,151425.54,24523.26
ORD04752,2025-01-02,CUST0051,Priya Sharma,Chair,Furniture,West,3,8725.97,26177.91,2448.83
ORD04753,2026-01-02,CUST0425,Mehak Patel,Table,Furniture,North,9,12245.49,110209.41,11036.49
ORD04754,2026-08-23,CUST0373,Mehak Mehta,Table,Furniture,West,5,27035.2,135176.0,17425.16
ORD04755,2024-05-22,CUST0245,Manpreet Malhotra,Smartphone,Technology,East,3,79935.04,239805.12,12471.19
ORD04756,2024-02-10,CUST0127,Priya Verma,Refrigerator,Home Appliances,West,7,36921.91,258453.37,35718.85
ORD04757,2026-01-19,CUST0243,Aman Singh,Headphones,Accessories,South,3,4420.3,13260.9,2304.96
ORD04758,2025-07-06,CUST0334,Anjali Verma,Power Bank,Accessories,West,8,3774.98,30199.84,3336.38
ORD04759,2024-10-26,CUST0250,Sahil Kapoor,Chair,Furniture,North,6,2516.32,15097.92,1293.83
ORD04760,2024-01-20,CUST0011,Aman Patel,Table,Furniture,Central,6,22473.95,134843.7,29786.26
ORD04761,2024-05-20,CUST0366,Karan Gupta,Speaker,Accessories,East,8,5329.37,42634.96,8990.24
ORD04762,2026-04-10,CUST0142,Manpreet Kaur,Sofa,Furniture,Central,2,30585.98,61171.96,8403.41
ORD04763,2026-02-10,CUST0304,Neha Kaur,Table,Furniture,South,7,17134.9,119944.3,24047.77
ORD04764,2024-06-22,CUST0298,Anjali Kumar,Refrigerator,Home Appliances,Central,2,35367.13,70734.26,14924.05
ORD04765,2025-04-15,CUST0296,Mehak Gupta,Sofa,Furniture,Central,3,44164.69,132494.07,27216.04
ORD04766,2025-10-28,CUST0334,Anjali Verma,Headphones,Accessories,South,1,6259.14,6259.14,656.2
ORD04767,2025-08-15,CUST0181,Mehak Kaur,Speaker,Accessories,South,10,2567.49,25674.9,4375.44
ORD04768,2024-03-23,CUST0037,Sahil Kaur,Keyboard,Technology,South,10,3663.11,36631.1,3202.19
ORD04769,2026-04-14,CUST0164,Rahul Kumar,Desk,Furniture,West,1,18849.29,18849.29,2247.52
ORD04770,2025-07-18,CUST0438,Rahul Kapoor,Keyboard,Technology,East,1,2813.84,2813.84,547.69
ORD04771,2025-05-31,CUST0290,Mehak Mehta,Microwave,Home Appliances,West,6,9758.58,58551.48,8268.27
ORD04772,2024-01-12,CUST0361,Manpreet Mehta,Speaker,Accessories,East,4,11877.41,47509.64,7571.46
ORD04773,2026-01-27,CUST0467,Navjot Patel,Television,Home Appliances,East,5,66925.43,334627.15,53703.97
ORD04774,2024-04-13,CUST0143,Priya Kumar,Table,Furniture,South,10,27505.62,275056.2,32061.15
ORD04775,2024-10-28,CUST0419,Simran Malhotra,Chair,Furniture,North,10,11652.45,116524.5,7395.13
ORD04776,2026-02-04,CUST0298,Anjali Kumar,Speaker,Accessories,North,6,10402.54,62415.24,4490.58
ORD04777,2026-05-31,CUST0014,Anjali Mehta,Power Bank,Accessories,West,2,2096.21,4192.42,773.52
ORD04778,2024-12-09,CUST0118,Aman Mehta,Webcam,Accessories,North,1,7740.14,7740.14,1846.46
ORD04779,2024-09-24,CUST0129,Priya Patel,Keyboard,Technology,South,3,1796.87,5390.61,421.19
ORD04780,2024-07-22,CUST0215,Arjun Sharma,Power Bank,Accessories,South,1,4447.18,4447.18,1105.61
ORD04781,2026-03-22,CUST0111,Manpreet Kumar,Smartphone,Technology,Central,8,46116.81,368934.48,23104.76
ORD04782,2026-01-29,CUST0418,Sahil Kapoor,Desk,Furniture,East,5,23835.21,119176.05,22041.5
ORD04783,2024-11-20,CUST0450,Navjot Kapoor,Chair,Furniture,Central,3,2917.88,8753.64,1210.17
ORD04784,2024-11-09,CUST0217,Sahil Verma,Sofa,Furniture,Central,4,55101.65,220406.6,14120.58
ORD04785,2025-07-01,CUST0431,Sahil Kaur,Table,Furniture,Central,2,29763.31,59526.62,13663.33
ORD04786,2024-12-08,CUST0207,Arjun Kaur,Table,Furniture,Central,7,6345.95,44421.65,8724.44
ORD04787,2026-03-31,CUST0455,Navjot Kumar,Television,Home Appliances,North,9,17273.84,155464.56,10743.37
ORD04788,2025-11-24,CUST0125,Sahil Gupta,Webcam,Accessories,North,6,6150.7,36904.2,7124.45
ORD04789,2025-12-24,CUST0470,Navjot Kapoor,Smartphone,Technology,East,3,14740.56,44221.68,4904.64
ORD04790,2025-03-08,CUST0013,Karan Kumar,Keyboard,Technology,North,9,991.27,8921.43,913.18
ORD04791,2024-03-06,CUST0218,Aman Sharma,Power Bank,Accessories,East,4,3494.42,13977.68,1212.47
ORD04792,2024-10-13,CUST0291,Arjun Malhotra,Headphones,Accessories,South,3,3305.87,9917.61,2405.31
ORD04793,2024-05-12,CUST0330,Mehak Patel,Microwave,Home Appliances,North,4,10860.44,43441.76,4837.56
ORD04794,2024-10-28,CUST0023,Neha Gupta,Webcam,Accessories,West,1,2063.92,2063.92,435.4
ORD04795,2024-08-28,CUST0001,Harpreet Kaur,Laptop,Technology,East,2,77740.37,155480.74,13970.81
ORD04796,2025-04-28,CUST0188,Harpreet Verma,Microwave,Home Appliances,South,3,16853.27,50559.81,3006.54
ORD04797,2026-05-31,CUST0351,Karan Sharma,Table,Furniture,West,6,19919.9,119519.4,16093.6
ORD04798,2026-03-30,CUST0067,Rohit Kapoor,Keyboard,Technology,Central,2,2386.65,4773.3,917.21
ORD04799,2026-07-28,CUST0457,Neha Kapoor,Power Bank,Accessories,East,8,2862.65,22901.2,4514.06
ORD04800,2024-05-11,CUST0443,Navjot Verma,Smartphone,Technology,South,8,45007.07,360056.56,65262.54
ORD04801,2025-10-20,CUST0311,Sahil Kaur,Mouse,Technology,South,4,2927.4,11709.6,2025.11
ORD04802,2025-08-24,CUST0022,Karan Kaur,Microwave,Home Appliances,East,5,10271.67,51358.35,6278.52
ORD04803,2026-03-20,CUST0164,Rahul Kumar,Microwave,Home Appliances,West,2,23658.46,47316.92,8471.63
ORD04804,2024-02-01,CUST0425,Mehak Patel,Desk,Furniture,West,9,6382.85,57445.65,13199.04
ORD04805,2025-10-10,CUST0493,Harpreet Sharma,Webcam,Accessories,North,1,7687.27,7687.27,765.61
ORD04806,2025-08-05,CUST0179,Priya Mehta,Webcam,Accessories,North,10,5834.99,58349.9,5166.37
ORD04807,2026-07-11,CUST0393,Priya Singh,Refrigerator,Home Appliances,East,3,66317.24,198951.72,11259.4
ORD04808,2024-03-24,CUST0424,Harpreet Verma,Refrigerator,Home Appliances,Central,10,73704.52,737045.2,63783.93
ORD04809,2026-05-17,CUST0162,Navjot Patel,Television,Home Appliances,West,4,95168.2,380672.8,58361.87
ORD04810,2025-10-12,CUST0459,Neha Malhotra,Headphones,Accessories,North,1,2543.0,2543.0,502.95
ORD04811,2025-12-04,CUST0394,Anjali Kaur,Refrigerator,Home Appliances,East,5,52104.55,260522.75,22712.97
ORD04812,2026-08-17,CUST0184,Neha Verma,Washing Machine,Home Appliances,North,6,57299.6,343797.6,35547.3
ORD04813,2025-07-04,CUST0231,Arjun Gupta,Power Bank,Accessories,Central,9,2765.53,24889.77,5597.85
ORD04814,2024-02-02,CUST0475,Arjun Kumar,Table,Furniture,North,2,29373.86,58747.72,11893.9
ORD04815,2025-09-25,CUST0234,Priya Kumar,Chair,Furniture,East,1,14032.37,14032.37,2859.88
ORD04816,2025-12-05,CUST0254,Sahil Kumar,Laptop,Technology,West,5,86937.47,434687.35,56729.52
ORD04817,2026-06-28,CUST0188,Harpreet Verma,Headphones,Accessories,North,5,10817.55,54087.75,3729.66
ORD04818,2024-09-20,CUST0488,Rahul Sharma,Microwave,Home Appliances,East,2,13768.24,27536.48,4250.62
ORD04819,2025-05-24,CUST0077,Harpreet Kaur,Speaker,Accessories,North,5,11889.48,59447.4,12766.04
ORD04820,2024-04-30,CUST0357,Aman Gupta,Microwave,Home Appliances,Central,2,14930.36,29860.72,6301.83
ORD04821,2026-03-06,CUST0238,Mehak Singh,Headphones,Accessories,North,3,3540.24,10620.72,1224.14
ORD04822,2024-05-17,CUST0355,Sahil Mehta,Washing Machine,Home Appliances,East,1,29654.7,29654.7,4232.21
ORD04823,2026-06-14,CUST0431,Sahil Kaur,Power Bank,Accessories,West,10,4045.25,40452.5,10047.41
ORD04824,2024-08-21,CUST0337,Manpreet Patel,Television,Home Appliances,Central,1,79154.83,79154.83,8086.17
ORD04825,2025-08-10,CUST0052,Manpreet Gupta,Power Bank,Accessories,South,9,3422.18,30799.62,7290.26
ORD04826,2025-06-24,CUST0134,Priya Kaur,Speaker,Accessories,North,1,5329.0,5329.0,567.55
ORD04827,2024-10-22,CUST0054,Simran Kumar,Chair,Furniture,South,7,3212.18,22485.26,4577.12
ORD04828,2026-04-15,CUST0070,Rahul Singh,Chair,Furniture,East,6,12582.93,75497.58,14183.58
ORD04829,2026-04-16,CUST0050,Sahil Sharma,Smartphone,Technology,West,10,42460.15,424601.5,28080.91
ORD04830,2026-01-16,CUST0030,Arjun Mehta,Smartphone,Technology,South,8,28985.91,231887.28,24153.93
ORD04831,2024-05-21,CUST0182,Karan Mehta,Power Bank,Accessories,East,6,2043.28,12259.68,1127.85
ORD04832,2025-10-14,CUST0047,Karan Verma,Table,Furniture,North,6,8086.8,48520.8,4928.11
ORD04833,2024-09-10,CUST0059,Rahul Verma,Smartphone,Technology,West,1,11943.76,11943.76,1764.81
ORD04834,2024-06-29,CUST0333,Navjot Kapoor,Chair,Furniture,North,6,12192.77,73156.62,16403.81
ORD04835,2025-03-24,CUST0346,Karan Singh,Washing Machine,Home Appliances,South,7,26525.41,185677.87,38404.71
ORD04836,2025-03-10,CUST0384,Anjali Sharma,Refrigerator,Home Appliances,North,3,59237.67,177713.01,20115.79
ORD04837,2025-09-28,CUST0064,Karan Mehta,Headphones,Accessories,Central,6,11596.53,69579.18,12775.79
ORD04838,2024-03-28,CUST0367,Harpreet Malhotra,Washing Machine,Home Appliances,Central,7,56197.03,393379.21,81988.58
ORD04839,2024-06-06,CUST0141,Navjot Gupta,Washing Machine,Home Appliances,West,6,28902.02,173412.12,27236.63
ORD04840,2025-09-18,CUST0272,Priya Verma,Desk,Furniture,Central,2,5260.55,10521.1,1093.59
ORD04841,2024-12-21,CUST0419,Simran Malhotra,Television,Home Appliances,Central,4,30552.66,122210.64,9375.18
ORD04842,2026-01-24,CUST0190,Isha Kaur,Desk,Furniture,East,4,14734.7,58938.8,14133.6
ORD04843,2026-06-12,CUST0449,Manpreet Kumar,Chair,Furniture,West,8,6368.82,50950.56,5769.15
ORD04844,2025-01-04,CUST0367,Harpreet Malhotra,Mouse,Technology,East,8,2215.31,17722.48,3751.12
ORD04845,2025-04-29,CUST0404,Mehak Malhotra,Refrigerator,Home Appliances,West,5,45069.0,225345.0,42984.3
ORD04846,2024-09-27,CUST0251,Priya Kumar,Webcam,Accessories,Central,5,3924.83,19624.15,3200.67
ORD04847,2024-01-09,CUST0126,Simran Patel,Monitor,Technology,West,1,19532.73,19532.73,1167.31
ORD04848,2026-01-29,CUST0291,Arjun Malhotra,Sofa,Furniture,West,7,28394.31,198760.17,14943.03
ORD04849,2026-06-26,CUST0187,Karan Singh,Refrigerator,Home Appliances,Central,10,54778.74,547787.4,52354.23
ORD04850,2024-01-23,CUST0181,Mehak Kaur,Microwave,Home Appliances,East,2,6393.26,12786.52,996.62
ORD04851,2024-12-28,CUST0013,Karan Kumar,Speaker,Accessories,South,5,13106.06,65530.3,13890.15
ORD04852,2026-05-03,CUST0309,Aman Kumar,Headphones,Accessories,Central,7,2018.38,14128.66,877.24
ORD04853,2025-03-26,CUST0438,Rahul Kapoor,Table,Furniture,Central,5,26060.18,130300.9,18730.36
ORD04854,2024-10-30,CUST0074,Mehak Kapoor,Speaker,Accessories,South,2,6367.68,12735.36,2436.69
ORD04855,2026-04-25,CUST0064,Karan Mehta,Headphones,Accessories,South,6,3393.67,20362.02,1257.22
ORD04856,2025-06-27,CUST0384,Anjali Sharma,Refrigerator,Home Appliances,East,10,67179.06,671790.6,101912.72
ORD04857,2025-12-03,CUST0486,Anjali Kapoor,Refrigerator,Home Appliances,South,10,52195.04,521950.4,63415.68
ORD04858,2026-01-13,CUST0219,Neha Singh,Keyboard,Technology,East,5,3284.43,16422.15,2692.93
ORD04859,2026-01-20,CUST0173,Rohit Kaur,Washing Machine,Home Appliances,Central,6,54985.23,329911.38,72100.38
ORD04860,2025-05-19,CUST0449,Manpreet Kumar,Smartphone,Technology,East,4,41403.78,165615.12,32316.41
ORD04861,2026-05-20,CUST0349,Karan Gupta,Sofa,Furniture,South,9,47820.64,430385.76,41194.96
ORD04862,2025-02-07,CUST0478,Navjot Patel,Television,Home Appliances,South,10,28719.12,287191.2,69786.94
ORD04863,2026-02-23,CUST0244,Navjot Gupta,Headphones,Accessories,East,5,6078.37,30391.85,5838.23
ORD04864,2024-06-16,CUST0021,Simran Kaur,Microwave,Home Appliances,Central,6,12390.77,74344.62,5193.7
ORD04865,2026-08-18,CUST0194,Rohit Kumar,Chair,Furniture,South,1,14441.02,14441.02,1733.54
ORD04866,2024-12-12,CUST0363,Anjali Kumar,Table,Furniture,Central,5,5946.53,29732.65,5525.34
ORD04867,2026-03-24,CUST0183,Mehak Patel,Table,Furniture,East,7,16058.83,112411.81,16645.22
ORD04868,2026-02-09,CUST0094,Mehak Gupta,Table,Furniture,South,5,12958.64,64793.2,6051.98
ORD04869,2025-06-16,CUST0420,Neha Kapoor,Speaker,Accessories,South,3,11374.02,34122.06,6588.64
ORD04870,2024-01-13,CUST0312,Anjali Malhotra,Speaker,Accessories,South,6,2577.46,15464.76,1143.44
ORD04871,2024-07-17,CUST0195,Rohit Verma,Keyboard,Technology,East,3,2652.29,7956.87,505.6
ORD04872,2025-05-23,CUST0489,Arjun Kapoor,Power Bank,Accessories,North,6,4879.25,29275.5,2731.85
ORD04873,2024-01-05,CUST0185,Priya Gupta,Microwave,Home Appliances,Central,1,10723.9,10723.9,1299.94
ORD04874,2026-04-09,CUST0291,Arjun Malhotra,Chair,Furniture,Central,4,9229.48,36917.92,2069.78
ORD04875,2026-05-20,CUST0186,Priya Verma,Keyboard,Technology,South,4,3415.33,13661.32,1959.23
ORD04876,2026-01-29,CUST0054,Simran Kumar,Sofa,Furniture,East,5,59500.68,297503.4,70885.63
ORD04877,2025-04-09,CUST0265,Arjun Sharma,Television,Home Appliances,East,3,90966.49,272899.47,50997.48
ORD04878,2024-01-01,CUST0311,Sahil Kaur,Mouse,Technology,Central,9,873.44,7860.96,1519.02
ORD04879,2025-05-04,CUST0031,Isha Gupta,Speaker,Accessories,North,9,3833.09,34497.81,6245.54
ORD04880,2024-09-08,CUST0447,Navjot Malhotra,Chair,Furniture,Central,5,8791.81,43959.05,5250.2
ORD04881,2024-03-18,CUST0330,Mehak Patel,Microwave,Home Appliances,East,3,20676.09,62028.27,6011.5
ORD04882,2025-09-27,CUST0416,Harpreet Gupta,Webcam,Accessories,North,6,2477.4,14864.4,2067.58
ORD04883,2024-02-28,CUST0102,Sahil Kaur,Table,Furniture,West,9,5344.02,48096.18,7462.36
ORD04884,2024-01-13,CUST0443,Navjot Verma,Mouse,Technology,South,2,1207.52,2415.04,345.28
ORD04885,2025-06-09,CUST0489,Arjun Kapoor,Television,Home Appliances,Central,1,95479.43,95479.43,5672.99
ORD04886,2025-11-30,CUST0217,Sahil Verma,Webcam,Accessories,Central,8,5883.23,47065.84,5408.26
ORD04887,2024-02-14,CUST0174,Sahil Singh,Mouse,Technology,East,2,1346.95,2693.9,298.3
ORD04888,2024-10-25,CUST0317,Harpreet Sharma,Speaker,Accessories,West,7,13666.97,95668.79,12672.32
ORD04889,2026-07-22,CUST0066,Priya Singh,Speaker,Accessories,North,6,8273.02,49638.12,3518.19
ORD04890,2024-10-03,CUST0148,Priya Kaur,Chair,Furniture,East,4,6010.04,24040.16,4333.48
ORD04891,2026-06-16,CUST0468,Manpreet Singh,Monitor,Technology,West,3,32479.95,97439.85,6938.6
ORD04892,2026-07-14,CUST0134,Priya Kaur,Desk,Furniture,East,4,16700.26,66801.04,14807.31
ORD04893,2026-07-04,CUST0055,Isha Mehta,Power Bank,Accessories,Central,1,2686.36,2686.36,371.59
ORD04894,2024-03-18,CUST0345,Rahul Kumar,Webcam,Accessories,North,8,6029.64,48237.12,5023.73
ORD04895,2024-10-23,CUST0028,Isha Malhotra,Power Bank,Accessories,North,3,2722.47,8167.41,2006.47
ORD04896,2026-07-03,CUST0259,Manpreet Verma,Speaker,Accessories,East,8,10317.1,82536.8,13007.39
ORD04897,2024-08-05,CUST0111,Manpreet Kumar,Power Bank,Accessories,North,3,1020.02,3060.06,323.6
ORD04898,2024-05-30,CUST0221,Rahul Kapoor,Washing Machine,Home Appliances,East,10,53141.01,531410.1,82000.51
ORD04899,2025-05-09,CUST0127,Priya Verma,Headphones,Accessories,Central,1,3974.48,3974.48,431.41
ORD04900,2025-01-17,CUST0103,Manpreet Patel,Webcam,Accessories,West,9,2080.31,18722.79,4074.09
ORD04901,2024-02-21,CUST0403,Isha Verma,Sofa,Furniture,South,10,55497.08,554970.8,43239.08
ORD04902,2024-04-30,CUST0343,Isha Patel,Sofa,Furniture,South,6,57877.31,347263.86,71280.38
ORD04903,2024-09-12,CUST0187,Karan Singh,Power Bank,Accessories,North,2,4958.94,9917.88,801.96
ORD04904,2025-08-24,CUST0014,Anjali Mehta,Microwave,Home Appliances,North,10,18534.9,185349.0,22202.08
ORD04905,2025-02-01,CUST0189,Anjali Gupta,Table,Furniture,West,3,22640.98,67922.94,8020.6
ORD04906,2024-12-07,CUST0011,Aman Patel,Mouse,Technology,West,1,1849.13,1849.13,416.23
ORD04907,2024-07-29,CUST0416,Harpreet Gupta,Sofa,Furniture,North,1,44401.35,44401.35,8416.57
ORD04908,2025-02-19,CUST0104,Manpreet Singh,Television,Home Appliances,East,4,84798.06,339192.24,72710.22
ORD04909,2026-08-16,CUST0335,Manpreet Kumar,Table,Furniture,Central,6,19707.67,118246.02,16168.56
ORD04910,2026-03-31,CUST0137,Karan Kapoor,Power Bank,Accessories,North,1,4228.74,4228.74,834.22
ORD04911,2024-10-11,CUST0219,Neha Singh,Laptop,Technology,South,7,69923.18,489462.26,34195.12
ORD04912,2024-03-22,CUST0127,Priya Verma,Headphones,Accessories,West,5,11921.52,59607.6,11721.9
ORD04913,2026-01-15,CUST0159,Aman Malhotra,Refrigerator,Home Appliances,West,8,47126.35,377010.8,25067.31
ORD04914,2026-07-02,CUST0123,Priya Kaur,Power Bank,Accessories,West,2,1583.13,3166.26,732.38
ORD04915,2025-01-18,CUST0363,Anjali Kumar,Webcam,Accessories,Central,6,8575.82,51454.92,5196.6
ORD04916,2026-01-11,CUST0224,Simran Kaur,Headphones,Accessories,West,5,6758.75,33793.75,6828.45
ORD04917,2024-08-27,CUST0158,Rahul Malhotra,Monitor,Technology,North,9,12599.18,113392.62,13869.0
ORD04918,2024-07-31,CUST0129,Priya Patel,Mouse,Technology,East,8,1757.78,14062.24,1190.01
ORD04919,2024-08-12,CUST0352,Priya Malhotra,Chair,Furniture,Central,3,10228.91,30686.73,2792.21
ORD04920,2025-12-16,CUST0446,Simran Kumar,Chair,Furniture,North,1,6082.56,6082.56,321.52
ORD04921,2024-09-21,CUST0109,Karan Kumar,Chair,Furniture,East,5,5763.09,28815.45,6904.62
ORD04922,2026-08-31,CUST0215,Arjun Sharma,Power Bank,Accessories,West,5,1098.5,5492.5,395.97
ORD04923,2025-08-26,CUST0333,Navjot Kapoor,Power Bank,Accessories,South,6,829.68,4978.08,664.76
ORD04924,2025-10-30,CUST0296,Mehak Gupta,Laptop,Technology,West,5,64112.16,320560.8,39786.92
ORD04925,2025-01-29,CUST0252,Sahil Kapoor,Power Bank,Accessories,West,8,4715.3,37722.4,7314.95
ORD04926,2024-05-08,CUST0441,Neha Verma,Microwave,Home Appliances,North,1,24480.63,24480.63,3976.33
ORD04927,2024-11-24,CUST0257,Karan Gupta,Refrigerator,Home Appliances,South,5,61028.09,305140.45,35367.75
ORD04928,2025-06-15,CUST0037,Sahil Kaur,Webcam,Accessories,West,10,2027.2,20272.0,3540.32
ORD04929,2026-01-28,CUST0271,Karan Mehta,Sofa,Furniture,East,8,59823.07,478584.56,58444.06
ORD04930,2024-02-11,CUST0073,Karan Malhotra,Chair,Furniture,West,9,7604.62,68441.58,8374.72
ORD04931,2025-03-18,CUST0456,Arjun Mehta,Sofa,Furniture,East,4,50263.64,201054.56,36003.03
ORD04932,2026-05-31,CUST0018,Neha Verma,Keyboard,Technology,West,3,4161.71,12485.13,1386.57
ORD04933,2024-02-26,CUST0104,Manpreet Singh,Smartphone,Technology,South,2,21355.9,42711.8,4330.49
ORD04934,2024-04-21,CUST0046,Rahul Kapoor,Table,Furniture,North,1,11045.36,11045.36,2533.45
ORD04935,2024-11-27,CUST0411,Manpreet Mehta,Television,Home Appliances,East,5,49041.11,245205.55,36867.51
ORD04936,2025-08-06,CUST0268,Navjot Gupta,Webcam,Accessories,West,5,4658.01,23290.05,2820.33
ORD04937,2026-08-16,CUST0054,Simran Kumar,Television,Home Appliances,East,7,38500.81,269505.67,46280.2
ORD04938,2026-06-19,CUST0178,Isha Mehta,Speaker,Accessories,Central,8,5784.65,46277.2,11177.29
ORD04939,2025-02-10,CUST0103,Manpreet Patel,Headphones,Accessories,West,6,8224.04,49344.24,5912.4
ORD04940,2025-07-09,CUST0468,Manpreet Singh,Speaker,Accessories,Central,4,10370.18,41480.72,8776.37
ORD04941,2024-11-30,CUST0182,Karan Mehta,Webcam,Accessories,West,9,2080.48,18724.32,4394.31
ORD04942,2026-03-04,CUST0463,Arjun Verma,Laptop,Technology,West,10,76000.35,760003.5,188965.14
ORD04943,2025-03-07,CUST0067,Rohit Kapoor,Microwave,Home Appliances,South,5,23751.16,118755.8,20991.76
ORD04944,2025-03-17,CUST0304,Neha Kaur,Sofa,Furniture,Central,9,51076.84,459691.56,49091.13
ORD04945,2025-03-20,CUST0441,Neha Verma,Television,Home Appliances,West,10,56245.94,562459.4,79596.36
ORD04946,2026-08-10,CUST0290,Mehak Mehta,Laptop,Technology,West,1,88759.18,88759.18,6765.51
ORD04947,2026-01-07,CUST0417,Aman Malhotra,Mouse,Technology,South,10,2397.51,23975.1,2698.68
ORD04948,2026-07-26,CUST0429,Arjun Gupta,Smartphone,Technology,South,8,47801.85,382414.8,31269.71
ORD04949,2026-01-18,CUST0064,Karan Mehta,Television,Home Appliances,West,5,63631.15,318155.75,73114.54
ORD04950,2024-04-06,CUST0088,Sahil Patel,Washing Machine,Home Appliances,West,3,39687.77,119063.31,9537.07
ORD04951,2025-11-25,CUST0173,Rohit Kaur,Power Bank,Accessories,East,4,1711.68,6846.72,1166.17
ORD04952,2024-11-26,CUST0019,Rahul Kumar,Desk,Furniture,South,3,7960.82,23882.46,3024.77
ORD04953,2024-11-17,CUST0345,Rahul Kumar,Monitor,Technology,East,1,8391.32,8391.32,1499.03
ORD04954,2026-06-24,CUST0484,Simran Sharma,Television,Home Appliances,East,3,72167.82,216503.46,13479.0
ORD04955,2024-10-13,CUST0271,Karan Mehta,Refrigerator,Home Appliances,East,6,72711.65,436269.9,26112.52
ORD04956,2025-08-21,CUST0008,Aman Kaur,Table,Furniture,Central,9,28541.52,256873.68,15623.47
ORD04957,2026-08-08,CUST0312,Anjali Malhotra,Headphones,Accessories,South,5,2536.85,12684.25,644.13
ORD04958,2025-07-24,CUST0045,Rohit Kumar,Mouse,Technology,South,8,530.06,4240.48,293.6
ORD04959,2025-05-15,CUST0121,Aman Kaur,Refrigerator,Home Appliances,West,3,85709.19,257127.57,51759.31
ORD04960,2025-02-11,CUST0323,Rohit Kumar,Sofa,Furniture,North,6,34627.43,207764.58,21077.93
ORD04961,2024-11-13,CUST0225,Isha Singh,Sofa,Furniture,Central,4,31063.55,124254.2,14601.19
ORD04962,2025-02-02,CUST0475,Arjun Kumar,Monitor,Technology,West,2,20640.12,41280.24,3547.83
ORD04963,2026-03-28,CUST0220,Harpreet Verma,Monitor,Technology,Central,4,32065.51,128262.04,21294.01
ORD04964,2024-03-11,CUST0382,Arjun Malhotra,Desk,Furniture,East,1,7763.87,7763.87,1680.52
ORD04965,2025-08-06,CUST0031,Isha Gupta,Smartphone,Technology,North,4,71929.16,287716.64,51017.21
ORD04966,2025-10-21,CUST0224,Simran Kaur,Sofa,Furniture,East,9,42842.86,385585.74,94270.54
ORD04967,2025-12-22,CUST0259,Manpreet Verma,Desk,Furniture,Central,8,21059.48,168475.84,14790.29
ORD04968,2024-04-22,CUST0036,Simran Kumar,Chair,Furniture,South,2,4873.61,9747.22,1829.86
ORD04969,2025-11-14,CUST0227,Sahil Gupta,Refrigerator,Home Appliances,North,6,59715.15,358290.9,40491.04
ORD04970,2025-11-20,CUST0486,Anjali Kapoor,Refrigerator,Home Appliances,South,2,25899.31,51798.62,6955.75
ORD04971,2024-02-16,CUST0091,Manpreet Singh,Keyboard,Technology,North,6,4396.77,26380.62,4474.36
ORD04972,2025-02-05,CUST0368,Navjot Singh,Washing Machine,Home Appliances,East,5,27858.67,139293.35,31384.25
ORD04973,2025-03-04,CUST0149,Anjali Patel,Refrigerator,Home Appliances,Central,10,77659.85,776598.5,164384.76
ORD04974,2025-04-19,CUST0048,Isha Patel,Refrigerator,Home Appliances,South,1,30941.71,30941.71,5455.27
ORD04975,2025-04-17,CUST0085,Rohit Singh,Power Bank,Accessories,Central,4,3814.77,15259.08,1736.91
ORD04976,2026-07-26,CUST0025,Manpreet Sharma,Webcam,Accessories,South,2,7183.56,14367.12,880.35
ORD04977,2026-07-10,CUST0097,Isha Verma,Refrigerator,Home Appliances,North,1,22764.46,22764.46,3815.33
ORD04978,2026-01-18,CUST0341,Priya Verma,Speaker,Accessories,West,3,10060.84,30182.52,3574.25
ORD04979,2025-07-18,CUST0331,Karan Patel,Power Bank,Accessories,West,5,4515.78,22578.9,2946.49
ORD04980,2025-10-31,CUST0062,Rohit Verma,Speaker,Accessories,North,5,8961.99,44809.95,10879.2
ORD04981,2025-12-29,CUST0124,Isha Sharma,Washing Machine,Home Appliances,East,4,59778.12,239112.48,22487.06
ORD04982,2025-06-25,CUST0420,Neha Kapoor,Webcam,Accessories,East,7,7012.31,49086.17,10854.63
ORD04983,2024-12-06,CUST0481,Rohit Verma,Monitor,Technology,North,7,16010.53,112073.71,22075.09
ORD04984,2025-06-11,CUST0239,Isha Kumar,Microwave,Home Appliances,East,2,9876.25,19752.5,4217.66
ORD04985,2026-04-16,CUST0056,Isha Gupta,Power Bank,Accessories,Central,7,3189.3,22325.1,2719.09
ORD04986,2026-08-08,CUST0185,Priya Gupta,Webcam,Accessories,South,1,8207.09,8207.09,478.92
ORD04987,2026-05-13,CUST0362,Isha Kumar,Sofa,Furniture,West,3,48477.99,145433.97,12575.34
ORD04988,2024-06-12,CUST0378,Arjun Malhotra,Washing Machine,Home Appliances,South,2,51146.24,102292.48,5292.71
ORD04989,2025-05-06,CUST0498,Rohit Malhotra,Desk,Furniture,Central,5,5944.21,29721.05,3498.24
ORD04990,2025-02-10,CUST0325,Anjali Singh,Refrigerator,Home Appliances,West,3,51721.14,155163.42,14891.1
ORD04991,2024-02-28,CUST0024,Mehak Verma,Television,Home Appliances,South,7,39202.92,274420.44,30564.12
ORD04992,2024-06-07,CUST0317,Harpreet Sharma,Headphones,Accessories,South,4,6996.36,27985.44,5821.39
ORD04993,2026-02-14,CUST0303,Harpreet Mehta,Chair,Furniture,South,4,2209.83,8839.32,1081.41
ORD04994,2026-01-03,CUST0160,Arjun Kapoor,Table,Furniture,East,6,9154.89,54929.34,3108.31
ORD04995,2025-03-18,CUST0291,Arjun Malhotra,Speaker,Accessories,Central,1,9019.39,9019.39,1282.31
ORD04996,2026-08-14,CUST0415,Simran Patel,Refrigerator,Home Appliances,South,9,62242.01,560178.09,80423.39
ORD04997,2026-08-31,CUST0338,Anjali Kumar,Microwave,Home Appliances,West,10,13654.61,136546.1,7484.02
ORD04998,2025-01-21,CUST0259,Manpreet Verma,Desk,Furniture,Central,7,10372.41,72606.87,17869.16
ORD04999,2025-08-01,CUST0159,Aman Malhotra,Sofa,Furniture,East,1,56817.82,56817.82,10568.2
ORD05000,2024-01-17,CUST0108,Sahil Mehta,Speaker,Accessories,Central,6,13363.75,80182.5,18528.92
